{
  "type": "FeatureCollection",
  "generated_at": "2026-08-10T12:09:48Z",
  "source": "Energistyrelsen (ENS) shape files, reprojected to WGS84",
  "features": [
    {
      "type": "Feature",
      "properties": {
        "BlockNo": "5411/23"
      },
      "geometry": {
        "type": "Polygon",
        "coordinates": [
          [
            [
              11.74883,
              54.36483
            ],
            [
              11.66957,
              54.36419
            ],
            [
              11.67124,
              54.36511
            ],
            [
              11.6592,
              54.37442
            ],
            [
              11.74883,
              54.37436
            ],
            [
              11.74883,
              54.36483
            ]
          ]
        ]
      }
    },
    {
      "type": "Feature",
      "properties": {
        "BlockNo": "5411/24"
      },
      "geometry": {
        "type": "Polygon",
        "coordinates": [
          [
            [
              11.74883,
              54.36483
            ],
            [
              11.74883,
              54.37436
            ],
            [
              11.97105,
              54.37439
            ],
            [
              11.93928,
              54.36617
            ],
            [
              11.74883,
              54.36483
            ]
          ]
        ]
      }
    },
    {
      "type": "Feature",
      "properties": {
        "BlockNo": "5411/18"
      },
      "geometry": {
        "type": "Polygon",
        "coordinates": [
          [
            [
              11.49882,
              54.47075
            ],
            [
              11.44232,
              54.49743
            ],
            [
              11.43897,
              54.4994
            ],
            [
              11.49883,
              54.49935
            ],
            [
              11.49882,
              54.47075
            ]
          ]
        ]
      }
    },
    {
      "type": "Feature",
      "properties": {
        "BlockNo": "5411/19"
      },
      "geometry": {
        "type": "Polygon",
        "coordinates": [
          [
            [
              11.74883,
              54.37436
            ],
            [
              11.6592,
              54.37442
            ],
            [
              11.63554,
              54.39269
            ],
            [
              11.58079,
              54.42928
            ],
            [
              11.49882,
              54.47075
            ],
            [
              11.49883,
              54.49935
            ],
            [
              11.74884,
              54.49936
            ],
            [
              11.74883,
              54.37436
            ]
          ]
        ]
      }
    },
    {
      "type": "Feature",
      "properties": {
        "BlockNo": "5411/20"
      },
      "geometry": {
        "type": "Polygon",
        "coordinates": [
          [
            [
              11.99883,
              54.38157
            ],
            [
              11.97105,
              54.37439
            ],
            [
              11.74883,
              54.37436
            ],
            [
              11.74884,
              54.49936
            ],
            [
              11.99884,
              54.49936
            ],
            [
              11.99883,
              54.38157
            ]
          ]
        ]
      }
    },
    {
      "type": "Feature",
      "properties": {
        "BlockNo": "5412/17"
      },
      "geometry": {
        "type": "Polygon",
        "coordinates": [
          [
            [
              11.99883,
              54.38157
            ],
            [
              11.99884,
              54.49936
            ],
            [
              12.21678,
              54.49939
            ],
            [
              12.11092,
              54.41045
            ],
            [
              11.99883,
              54.38157
            ]
          ]
        ]
      }
    },
    {
      "type": "Feature",
      "properties": {
        "BlockNo": "5410/14"
      },
      "geometry": {
        "type": "Polygon",
        "coordinates": [
          [
            [
              10.4988,
              54.58559
            ],
            [
              10.37313,
              54.62029
            ],
            [
              10.36672,
              54.62441
            ],
            [
              10.4988,
              54.62435
            ],
            [
              10.4988,
              54.58559
            ]
          ]
        ]
      }
    },
    {
      "type": "Feature",
      "properties": {
        "BlockNo": "5410/15"
      },
      "geometry": {
        "type": "Polygon",
        "coordinates": [
          [
            [
              10.74881,
              54.55493
            ],
            [
              10.73186,
              54.54634
            ],
            [
              10.65916,
              54.54373
            ],
            [
              10.61269,
              54.55101
            ],
            [
              10.53172,
              54.57629
            ],
            [
              10.4988,
              54.58559
            ],
            [
              10.4988,
              54.62435
            ],
            [
              10.7488,
              54.62435
            ],
            [
              10.74881,
              54.55493
            ]
          ]
        ]
      }
    },
    {
      "type": "Feature",
      "properties": {
        "BlockNo": "5410/16"
      },
      "geometry": {
        "type": "Polygon",
        "coordinates": [
          [
            [
              10.74881,
              54.55493
            ],
            [
              10.7488,
              54.62435
            ],
            [
              10.88196,
              54.62441
            ],
            [
              10.79939,
              54.58054
            ],
            [
              10.74881,
              54.55493
            ]
          ]
        ]
      }
    },
    {
      "type": "Feature",
      "properties": {
        "BlockNo": "5411/13"
      },
      "geometry": {
        "type": "Polygon",
        "coordinates": [
          [
            [
              11.24882,
              54.59026
            ],
            [
              11.2074,
              54.60852
            ],
            [
              11.15665,
              54.62149
            ],
            [
              11.14126,
              54.62442
            ],
            [
              11.24882,
              54.62435
            ],
            [
              11.24882,
              54.59026
            ]
          ]
        ]
      }
    },
    {
      "type": "Feature",
      "properties": {
        "BlockNo": "5411/14"
      },
      "geometry": {
        "type": "Polygon",
        "coordinates": [
          [
            [
              11.49883,
              54.49935
            ],
            [
              11.43897,
              54.4994
            ],
            [
              11.3204,
              54.56924
            ],
            [
              11.25893,
              54.5858
            ],
            [
              11.24882,
              54.59026
            ],
            [
              11.24882,
              54.62435
            ],
            [
              11.49882,
              54.62436
            ],
            [
              11.49883,
              54.49935
            ]
          ]
        ]
      }
    },
    {
      "type": "Feature",
      "properties": {
        "BlockNo": "5411/15"
      },
      "geometry": {
        "type": "Polygon",
        "coordinates": [
          [
            [
              11.74884,
              54.49936
            ],
            [
              11.49883,
              54.49935
            ],
            [
              11.49882,
              54.62436
            ],
            [
              11.74883,
              54.62436
            ],
            [
              11.74884,
              54.49936
            ]
          ]
        ]
      }
    },
    {
      "type": "Feature",
      "properties": {
        "BlockNo": "5411/16"
      },
      "geometry": {
        "type": "Polygon",
        "coordinates": [
          [
            [
              11.99884,
              54.49936
            ],
            [
              11.74884,
              54.49936
            ],
            [
              11.74883,
              54.62436
            ],
            [
              11.99884,
              54.62436
            ],
            [
              11.99884,
              54.49936
            ]
          ]
        ]
      }
    },
    {
      "type": "Feature",
      "properties": {
        "BlockNo": "5412/13"
      },
      "geometry": {
        "type": "Polygon",
        "coordinates": [
          [
            [
              12.24885,
              54.52624
            ],
            [
              12.21678,
              54.49939
            ],
            [
              11.99884,
              54.49936
            ],
            [
              11.99884,
              54.62436
            ],
            [
              12.24884,
              54.62437
            ],
            [
              12.24885,
              54.52624
            ]
          ]
        ]
      }
    },
    {
      "type": "Feature",
      "properties": {
        "BlockNo": "5412/14"
      },
      "geometry": {
        "type": "Polygon",
        "coordinates": [
          [
            [
              12.24885,
              54.52624
            ],
            [
              12.24884,
              54.62437
            ],
            [
              12.36656,
              54.62443
            ],
            [
              12.24885,
              54.52624
            ]
          ]
        ]
      }
    },
    {
      "type": "Feature",
      "properties": {
        "BlockNo": "5410/09"
      },
      "geometry": {
        "type": "Polygon",
        "coordinates": [
          [
            [
              10.24879,
              54.72916
            ],
            [
              10.22496,
              54.74937
            ],
            [
              10.24879,
              54.74935
            ],
            [
              10.24879,
              54.72916
            ]
          ]
        ]
      }
    },
    {
      "type": "Feature",
      "properties": {
        "BlockNo": "5410/10"
      },
      "geometry": {
        "type": "Polygon",
        "coordinates": [
          [
            [
              10.4988,
              54.62435
            ],
            [
              10.36672,
              54.62441
            ],
            [
              10.3539,
              54.63265
            ],
            [
              10.30709,
              54.67423
            ],
            [
              10.26765,
              54.71315
            ],
            [
              10.24879,
              54.72916
            ],
            [
              10.24879,
              54.74935
            ],
            [
              10.49879,
              54.74935
            ],
            [
              10.4988,
              54.62435
            ]
          ]
        ]
      }
    },
    {
      "type": "Feature",
      "properties": {
        "BlockNo": "5410/11"
      },
      "geometry": {
        "type": "Polygon",
        "coordinates": [
          [
            [
              10.7488,
              54.62435
            ],
            [
              10.4988,
              54.62435
            ],
            [
              10.49879,
              54.74935
            ],
            [
              10.7488,
              54.74935
            ],
            [
              10.7488,
              54.62435
            ]
          ]
        ]
      }
    },
    {
      "type": "Feature",
      "properties": {
        "BlockNo": "5410/12"
      },
      "geometry": {
        "type": "Polygon",
        "coordinates": [
          [
            [
              10.99881,
              54.64033
            ],
            [
              10.90306,
              54.63674
            ],
            [
              10.88196,
              54.62441
            ],
            [
              10.7488,
              54.62435
            ],
            [
              10.7488,
              54.74935
            ],
            [
              10.99881,
              54.74936
            ],
            [
              10.99881,
              54.64033
            ]
          ]
        ]
      }
    },
    {
      "type": "Feature",
      "properties": {
        "BlockNo": "5411/09"
      },
      "geometry": {
        "type": "Polygon",
        "coordinates": [
          [
            [
              11.24882,
              54.62435
            ],
            [
              11.14126,
              54.62442
            ],
            [
              11.07381,
              54.63721
            ],
            [
              11.00456,
              54.64054
            ],
            [
              10.99881,
              54.64033
            ],
            [
              10.99881,
              54.74936
            ],
            [
              11.24881,
              54.74936
            ],
            [
              11.24882,
              54.62435
            ]
          ]
        ]
      }
    },
    {
      "type": "Feature",
      "properties": {
        "BlockNo": "5411/10"
      },
      "geometry": {
        "type": "Polygon",
        "coordinates": [
          [
            [
              11.49882,
              54.62436
            ],
            [
              11.24882,
              54.62435
            ],
            [
              11.24881,
              54.74936
            ],
            [
              11.49882,
              54.74936
            ],
            [
              11.49882,
              54.62436
            ]
          ]
        ]
      }
    },
    {
      "type": "Feature",
      "properties": {
        "BlockNo": "5411/11"
      },
      "geometry": {
        "type": "Polygon",
        "coordinates": [
          [
            [
              11.74883,
              54.62436
            ],
            [
              11.49882,
              54.62436
            ],
            [
              11.49882,
              54.74936
            ],
            [
              11.74883,
              54.74936
            ],
            [
              11.74883,
              54.62436
            ]
          ]
        ]
      }
    },
    {
      "type": "Feature",
      "properties": {
        "BlockNo": "5411/12"
      },
      "geometry": {
        "type": "Polygon",
        "coordinates": [
          [
            [
              11.99884,
              54.62436
            ],
            [
              11.74883,
              54.62436
            ],
            [
              11.74883,
              54.74936
            ],
            [
              11.99883,
              54.74937
            ],
            [
              11.99884,
              54.62436
            ]
          ]
        ]
      }
    },
    {
      "type": "Feature",
      "properties": {
        "BlockNo": "5412/09"
      },
      "geometry": {
        "type": "Polygon",
        "coordinates": [
          [
            [
              12.24884,
              54.62437
            ],
            [
              11.99884,
              54.62436
            ],
            [
              11.99883,
              54.74937
            ],
            [
              12.24884,
              54.74937
            ],
            [
              12.24884,
              54.62437
            ]
          ]
        ]
      }
    },
    {
      "type": "Feature",
      "properties": {
        "BlockNo": "5412/10"
      },
      "geometry": {
        "type": "Polygon",
        "coordinates": [
          [
            [
              12.49885,
              54.70127
            ],
            [
              12.4421,
              54.68712
            ],
            [
              12.36656,
              54.62443
            ],
            [
              12.24884,
              54.62437
            ],
            [
              12.24884,
              54.74937
            ],
            [
              12.49885,
              54.74937
            ],
            [
              12.49885,
              54.70127
            ]
          ]
        ]
      }
    },
    {
      "type": "Feature",
      "properties": {
        "BlockNo": "5412/11"
      },
      "geometry": {
        "type": "Polygon",
        "coordinates": [
          [
            [
              12.49885,
              54.70127
            ],
            [
              12.49885,
              54.74937
            ],
            [
              12.69301,
              54.74942
            ],
            [
              12.49885,
              54.70127
            ]
          ]
        ]
      }
    },
    {
      "type": "Feature",
      "properties": {
        "BlockNo": "5409/05"
      },
      "geometry": {
        "type": "Polygon",
        "coordinates": [
          [
            [
              9.24876,
              54.81213
            ],
            [
              9.23584,
              54.83122
            ],
            [
              9.23528,
              54.83519
            ],
            [
              9.24489,
              54.84386
            ],
            [
              9.24027,
              54.84998
            ],
            [
              9.22363,
              54.85357
            ],
            [
              9.20517,
              54.85903
            ],
            [
              9.19464,
              54.85923
            ],
            [
              9.18798,
              54.86103
            ],
            [
              9.18586,
              54.86327
            ],
            [
              9.16012,
              54.86888
            ],
            [
              9.15308,
              54.87123
            ],
            [
              9.14298,
              54.87302
            ],
            [
              9.13604,
              54.87373
            ],
            [
              9.12295,
              54.87265
            ],
            [
              9.11073,
              54.87404
            ],
            [
              9.09947,
              54.87197
            ],
            [
              9.09551,
              54.87198
            ],
            [
              9.09044,
              54.87021
            ],
            [
              9.07611,
              54.87186
            ],
            [
              9.06327,
              54.87118
            ],
            [
              9.05745,
              54.87294
            ],
            [
              9.04811,
              54.87198
            ],
            [
              9.04072,
              54.87437
            ],
            [
              9.24876,
              54.87434
            ],
            [
              9.24876,
              54.81213
            ]
          ]
        ]
      }
    },
    {
      "type": "Feature",
      "properties": {
        "BlockNo": "5409/06"
      },
      "geometry": {
        "type": "Polygon",
        "coordinates": [
          [
            [
              9.49876,
              54.84169
            ],
            [
              9.46304,
              54.83164
            ],
            [
              9.46012,
              54.83331
            ],
            [
              9.44943,
              54.83281
            ],
            [
              9.43526,
              54.82709
            ],
            [
              9.42868,
              54.82709
            ],
            [
              9.42281,
              54.83216
            ],
            [
              9.41794,
              54.83229
            ],
            [
              9.41613,
              54.83481
            ],
            [
              9.41641,
              54.83586
            ],
            [
              9.41845,
              54.83648
            ],
            [
              9.41808,
              54.83805
            ],
            [
              9.41119,
              54.84216
            ],
            [
              9.40745,
              54.8424
            ],
            [
              9.40365,
              54.83885
            ],
            [
              9.40267,
              54.84046
            ],
            [
              9.39145,
              54.83836
            ],
            [
              9.38284,
              54.83915
            ],
            [
              9.38095,
              54.83744
            ],
            [
              9.38157,
              54.83543
            ],
            [
              9.37891,
              54.83306
            ],
            [
              9.37648,
              54.83381
            ],
            [
              9.37475,
              54.83332
            ],
            [
              9.37424,
              54.83126
            ],
            [
              9.37637,
              54.82916
            ],
            [
              9.37504,
              54.82726
            ],
            [
              9.37551,
              54.82582
            ],
            [
              9.37257,
              54.82215
            ],
            [
              9.37416,
              54.82121
            ],
            [
              9.37068,
              54.81909
            ],
            [
              9.36574,
              54.81839
            ],
            [
              9.36278,
              54.81656
            ],
            [
              9.36344,
              54.81531
            ],
            [
              9.36088,
              54.81624
            ],
            [
              9.35658,
              54.81533
            ],
            [
              9.34646,
              54.8067
            ],
            [
              9.34323,
              54.80714
            ],
            [
              9.34205,
              54.80363
            ],
            [
              9.34559,
              54.80216
            ],
            [
              9.34371,
              54.80025
            ],
            [
              9.33041,
              54.80422
            ],
            [
              9.32947,
              54.80562
            ],
            [
              9.29347,
              54.80894
            ],
            [
              9.29203,
              54.80617
            ],
            [
              9.29558,
              54.80319
            ],
            [
              9.29494,
              54.80169
            ],
            [
              9.28638,
              54.80431
            ],
            [
              9.28422,
              54.80966
            ],
            [
              9.27331,
              54.81178
            ],
            [
              9.27047,
              54.81213
            ],
            [
              9.26568,
              54.81086
            ],
            [
              9.25008,
              54.80963
            ],
            [
              9.24876,
              54.81213
            ],
            [
              9.24876,
              54.87434
            ],
            [
              9.49876,
              54.87434
            ],
            [
              9.49876,
              54.84169
            ]
          ]
        ]
      }
    },
    {
      "type": "Feature",
      "properties": {
        "BlockNo": "5409/07"
      },
      "geometry": {
        "type": "MultiPolygon",
        "coordinates": [
          [
            [
              [
                9.56176,
                54.87439
              ],
              [
                9.49876,
                54.84169
              ],
              [
                9.49876,
                54.87434
              ],
              [
                9.56176,
                54.87439
              ]
            ]
          ],
          [
            [
              [
                9.74877,
                54.82435
              ],
              [
                9.73994,
                54.82329
              ],
              [
                9.60487,
                54.85487
              ],
              [
                9.62304,
                54.87441
              ],
              [
                9.74877,
                54.87434
              ],
              [
                9.74877,
                54.82435
              ]
            ]
          ]
        ]
      }
    },
    {
      "type": "Feature",
      "properties": {
        "BlockNo": "5409/08"
      },
      "geometry": {
        "type": "Polygon",
        "coordinates": [
          [
            [
              9.99878,
              54.79129
            ],
            [
              9.89408,
              54.84179
            ],
            [
              9.74877,
              54.82435
            ],
            [
              9.74877,
              54.87434
            ],
            [
              9.99878,
              54.87435
            ],
            [
              9.99878,
              54.79129
            ]
          ]
        ]
      }
    },
    {
      "type": "Feature",
      "properties": {
        "BlockNo": "5410/05"
      },
      "geometry": {
        "type": "Polygon",
        "coordinates": [
          [
            [
              10.24879,
              54.74935
            ],
            [
              10.22496,
              54.74937
            ],
            [
              10.21712,
              54.75601
            ],
            [
              10.05195,
              54.76556
            ],
            [
              9.99878,
              54.79129
            ],
            [
              9.99878,
              54.87435
            ],
            [
              10.24878,
              54.87435
            ],
            [
              10.24879,
              54.74935
            ]
          ]
        ]
      }
    },
    {
      "type": "Feature",
      "properties": {
        "BlockNo": "5410/06"
      },
      "geometry": {
        "type": "Polygon",
        "coordinates": [
          [
            [
              10.49879,
              54.74935
            ],
            [
              10.24879,
              54.74935
            ],
            [
              10.24878,
              54.87435
            ],
            [
              10.49879,
              54.87435
            ],
            [
              10.49879,
              54.74935
            ]
          ]
        ]
      }
    },
    {
      "type": "Feature",
      "properties": {
        "BlockNo": "5410/07"
      },
      "geometry": {
        "type": "Polygon",
        "coordinates": [
          [
            [
              10.7488,
              54.74935
            ],
            [
              10.49879,
              54.74935
            ],
            [
              10.49879,
              54.87435
            ],
            [
              10.7488,
              54.87436
            ],
            [
              10.7488,
              54.74935
            ]
          ]
        ]
      }
    },
    {
      "type": "Feature",
      "properties": {
        "BlockNo": "5410/08"
      },
      "geometry": {
        "type": "Polygon",
        "coordinates": [
          [
            [
              10.99881,
              54.74936
            ],
            [
              10.7488,
              54.74935
            ],
            [
              10.7488,
              54.87436
            ],
            [
              10.9988,
              54.87436
            ],
            [
              10.99881,
              54.74936
            ]
          ]
        ]
      }
    },
    {
      "type": "Feature",
      "properties": {
        "BlockNo": "5411/05"
      },
      "geometry": {
        "type": "Polygon",
        "coordinates": [
          [
            [
              11.24881,
              54.74936
            ],
            [
              10.99881,
              54.74936
            ],
            [
              10.9988,
              54.87436
            ],
            [
              11.24881,
              54.87436
            ],
            [
              11.24881,
              54.74936
            ]
          ]
        ]
      }
    },
    {
      "type": "Feature",
      "properties": {
        "BlockNo": "5411/06"
      },
      "geometry": {
        "type": "Polygon",
        "coordinates": [
          [
            [
              11.49882,
              54.74936
            ],
            [
              11.24881,
              54.74936
            ],
            [
              11.24881,
              54.87436
            ],
            [
              11.49882,
              54.87437
            ],
            [
              11.49882,
              54.74936
            ]
          ]
        ]
      }
    },
    {
      "type": "Feature",
      "properties": {
        "BlockNo": "5411/07"
      },
      "geometry": {
        "type": "Polygon",
        "coordinates": [
          [
            [
              11.74883,
              54.74936
            ],
            [
              11.49882,
              54.74936
            ],
            [
              11.49882,
              54.87437
            ],
            [
              11.74882,
              54.87437
            ],
            [
              11.74883,
              54.74936
            ]
          ]
        ]
      }
    },
    {
      "type": "Feature",
      "properties": {
        "BlockNo": "5411/08"
      },
      "geometry": {
        "type": "Polygon",
        "coordinates": [
          [
            [
              11.99883,
              54.74937
            ],
            [
              11.74883,
              54.74936
            ],
            [
              11.74882,
              54.87437
            ],
            [
              11.99883,
              54.87437
            ],
            [
              11.99883,
              54.74937
            ]
          ]
        ]
      }
    },
    {
      "type": "Feature",
      "properties": {
        "BlockNo": "5412/05"
      },
      "geometry": {
        "type": "Polygon",
        "coordinates": [
          [
            [
              12.24884,
              54.74937
            ],
            [
              11.99883,
              54.74937
            ],
            [
              11.99883,
              54.87437
            ],
            [
              12.24884,
              54.87437
            ],
            [
              12.24884,
              54.74937
            ]
          ]
        ]
      }
    },
    {
      "type": "Feature",
      "properties": {
        "BlockNo": "5412/06"
      },
      "geometry": {
        "type": "Polygon",
        "coordinates": [
          [
            [
              12.49885,
              54.74937
            ],
            [
              12.24884,
              54.74937
            ],
            [
              12.24884,
              54.87437
            ],
            [
              12.49884,
              54.87438
            ],
            [
              12.49885,
              54.74937
            ]
          ]
        ]
      }
    },
    {
      "type": "Feature",
      "properties": {
        "BlockNo": "5412/07"
      },
      "geometry": {
        "type": "Polygon",
        "coordinates": [
          [
            [
              12.74885,
              54.76319
            ],
            [
              12.69301,
              54.74942
            ],
            [
              12.49885,
              54.74937
            ],
            [
              12.49884,
              54.87438
            ],
            [
              12.74885,
              54.87438
            ],
            [
              12.74885,
              54.76319
            ]
          ]
        ]
      }
    },
    {
      "type": "Feature",
      "properties": {
        "BlockNo": "5412/08"
      },
      "geometry": {
        "type": "Polygon",
        "coordinates": [
          [
            [
              12.74885,
              54.76319
            ],
            [
              12.74885,
              54.87438
            ],
            [
              12.98302,
              54.8744
            ],
            [
              12.93285,
              54.83318
            ],
            [
              12.74885,
              54.76319
            ]
          ]
        ]
      }
    },
    {
      "type": "Feature",
      "properties": {
        "BlockNo": "5408/03"
      },
      "geometry": {
        "type": "Polygon",
        "coordinates": [
          [
            [
              8.74874,
              54.99934
            ],
            [
              8.74874,
              54.89549
            ],
            [
              8.73821,
              54.89323
            ],
            [
              8.72791,
              54.89274
            ],
            [
              8.71739,
              54.89599
            ],
            [
              8.71622,
              54.89652
            ],
            [
              8.71664,
              54.89726
            ],
            [
              8.70981,
              54.89888
            ],
            [
              8.70766,
              54.90092
            ],
            [
              8.7009,
              54.90285
            ],
            [
              8.68697,
              54.9089
            ],
            [
              8.68027,
              54.91057
            ],
            [
              8.66854,
              54.91129
            ],
            [
              8.66004,
              54.90868
            ],
            [
              8.55471,
              54.92091
            ],
            [
              8.5577,
              54.99269
            ],
            [
              8.51806,
              54.99255
            ],
            [
              8.50254,
              54.99934
            ],
            [
              8.74874,
              54.99934
            ]
          ]
        ]
      }
    },
    {
      "type": "Feature",
      "properties": {
        "BlockNo": "5408/04"
      },
      "geometry": {
        "type": "Polygon",
        "coordinates": [
          [
            [
              8.99874,
              54.99934
            ],
            [
              8.99875,
              54.8894
            ],
            [
              8.98407,
              54.89221
            ],
            [
              8.97764,
              54.89576
            ],
            [
              8.96551,
              54.8983
            ],
            [
              8.96294,
              54.89992
            ],
            [
              8.94819,
              54.90253
            ],
            [
              8.92338,
              54.90342
            ],
            [
              8.92118,
              54.90256
            ],
            [
              8.91693,
              54.90305
            ],
            [
              8.91341,
              54.90202
            ],
            [
              8.91323,
              54.90317
            ],
            [
              8.91058,
              54.90384
            ],
            [
              8.90196,
              54.90445
            ],
            [
              8.89493,
              54.90396
            ],
            [
              8.89217,
              54.90494
            ],
            [
              8.88879,
              54.90392
            ],
            [
              8.8874,
              54.90252
            ],
            [
              8.87757,
              54.90207
            ],
            [
              8.8729,
              54.89938
            ],
            [
              8.86586,
              54.89988
            ],
            [
              8.85954,
              54.89672
            ],
            [
              8.84883,
              54.8973
            ],
            [
              8.84184,
              54.90134
            ],
            [
              8.8374,
              54.90529
            ],
            [
              8.83333,
              54.90668
            ],
            [
              8.8297,
              54.90563
            ],
            [
              8.82956,
              54.90635
            ],
            [
              8.82422,
              54.90687
            ],
            [
              8.81886,
              54.90394
            ],
            [
              8.81193,
              54.90458
            ],
            [
              8.8114,
              54.90593
            ],
            [
              8.79905,
              54.90467
            ],
            [
              8.79914,
              54.90255
            ],
            [
              8.79323,
              54.90147
            ],
            [
              8.78696,
              54.89851
            ],
            [
              8.78131,
              54.89776
            ],
            [
              8.77648,
              54.89548
            ],
            [
              8.77703,
              54.89266
            ],
            [
              8.75964,
              54.89451
            ],
            [
              8.75499,
              54.89687
            ],
            [
              8.75032,
              54.8967
            ],
            [
              8.74997,
              54.89557
            ],
            [
              8.74874,
              54.89549
            ],
            [
              8.74874,
              54.99934
            ],
            [
              8.99874,
              54.99934
            ]
          ]
        ]
      }
    },
    {
      "type": "Feature",
      "properties": {
        "BlockNo": "5409/01"
      },
      "geometry": {
        "type": "Polygon",
        "coordinates": [
          [
            [
              9.24876,
              54.87434
            ],
            [
              9.04072,
              54.87437
            ],
            [
              9.02921,
              54.87822
            ],
            [
              9.02964,
              54.88039
            ],
            [
              9.01465,
              54.88648
            ],
            [
              8.99875,
              54.8894
            ],
            [
              8.99874,
              54.99934
            ],
            [
              9.24875,
              54.99934
            ],
            [
              9.24876,
              54.87434
            ]
          ]
        ]
      }
    },
    {
      "type": "Feature",
      "properties": {
        "BlockNo": "5409/02"
      },
      "geometry": {
        "type": "Polygon",
        "coordinates": [
          [
            [
              9.49876,
              54.87434
            ],
            [
              9.24876,
              54.87434
            ],
            [
              9.24875,
              54.99934
            ],
            [
              9.49876,
              54.99935
            ],
            [
              9.49876,
              54.87434
            ]
          ]
        ]
      }
    },
    {
      "type": "Feature",
      "properties": {
        "BlockNo": "5409/03"
      },
      "geometry": {
        "type": "Polygon",
        "coordinates": [
          [
            [
              9.74877,
              54.87434
            ],
            [
              9.62304,
              54.87441
            ],
            [
              9.62801,
              54.87976
            ],
            [
              9.5919,
              54.88709
            ],
            [
              9.5844,
              54.88612
            ],
            [
              9.56176,
              54.87439
            ],
            [
              9.49876,
              54.87434
            ],
            [
              9.49876,
              54.99935
            ],
            [
              9.74876,
              54.99935
            ],
            [
              9.74877,
              54.87434
            ]
          ]
        ]
      }
    },
    {
      "type": "Feature",
      "properties": {
        "BlockNo": "5409/04"
      },
      "geometry": {
        "type": "Polygon",
        "coordinates": [
          [
            [
              9.99878,
              54.87435
            ],
            [
              9.74877,
              54.87434
            ],
            [
              9.74876,
              54.99935
            ],
            [
              9.99877,
              54.99935
            ],
            [
              9.99878,
              54.87435
            ]
          ]
        ]
      }
    },
    {
      "type": "Feature",
      "properties": {
        "BlockNo": "5410/01"
      },
      "geometry": {
        "type": "Polygon",
        "coordinates": [
          [
            [
              10.24878,
              54.87435
            ],
            [
              9.99878,
              54.87435
            ],
            [
              9.99877,
              54.99935
            ],
            [
              10.24878,
              54.99935
            ],
            [
              10.24878,
              54.87435
            ]
          ]
        ]
      }
    },
    {
      "type": "Feature",
      "properties": {
        "BlockNo": "5410/02"
      },
      "geometry": {
        "type": "Polygon",
        "coordinates": [
          [
            [
              10.49879,
              54.87435
            ],
            [
              10.24878,
              54.87435
            ],
            [
              10.24878,
              54.99935
            ],
            [
              10.49878,
              54.99936
            ],
            [
              10.49879,
              54.87435
            ]
          ]
        ]
      }
    },
    {
      "type": "Feature",
      "properties": {
        "BlockNo": "5410/03"
      },
      "geometry": {
        "type": "Polygon",
        "coordinates": [
          [
            [
              10.7488,
              54.87436
            ],
            [
              10.49879,
              54.87435
            ],
            [
              10.49878,
              54.99936
            ],
            [
              10.74879,
              54.99936
            ],
            [
              10.7488,
              54.87436
            ]
          ]
        ]
      }
    },
    {
      "type": "Feature",
      "properties": {
        "BlockNo": "5410/04"
      },
      "geometry": {
        "type": "Polygon",
        "coordinates": [
          [
            [
              10.9988,
              54.87436
            ],
            [
              10.7488,
              54.87436
            ],
            [
              10.74879,
              54.99936
            ],
            [
              10.9988,
              54.99936
            ],
            [
              10.9988,
              54.87436
            ]
          ]
        ]
      }
    },
    {
      "type": "Feature",
      "properties": {
        "BlockNo": "5411/01"
      },
      "geometry": {
        "type": "Polygon",
        "coordinates": [
          [
            [
              11.24881,
              54.87436
            ],
            [
              10.9988,
              54.87436
            ],
            [
              10.9988,
              54.99936
            ],
            [
              11.2488,
              54.99937
            ],
            [
              11.24881,
              54.87436
            ]
          ]
        ]
      }
    },
    {
      "type": "Feature",
      "properties": {
        "BlockNo": "5411/02"
      },
      "geometry": {
        "type": "Polygon",
        "coordinates": [
          [
            [
              11.49882,
              54.87437
            ],
            [
              11.24881,
              54.87436
            ],
            [
              11.2488,
              54.99937
            ],
            [
              11.49881,
              54.99937
            ],
            [
              11.49882,
              54.87437
            ]
          ]
        ]
      }
    },
    {
      "type": "Feature",
      "properties": {
        "BlockNo": "5411/03"
      },
      "geometry": {
        "type": "Polygon",
        "coordinates": [
          [
            [
              11.74882,
              54.87437
            ],
            [
              11.49882,
              54.87437
            ],
            [
              11.49881,
              54.99937
            ],
            [
              11.74882,
              54.99937
            ],
            [
              11.74882,
              54.87437
            ]
          ]
        ]
      }
    },
    {
      "type": "Feature",
      "properties": {
        "BlockNo": "5411/04"
      },
      "geometry": {
        "type": "Polygon",
        "coordinates": [
          [
            [
              11.99883,
              54.87437
            ],
            [
              11.74882,
              54.87437
            ],
            [
              11.74882,
              54.99937
            ],
            [
              11.99882,
              54.99938
            ],
            [
              11.99883,
              54.87437
            ]
          ]
        ]
      }
    },
    {
      "type": "Feature",
      "properties": {
        "BlockNo": "5412/01"
      },
      "geometry": {
        "type": "Polygon",
        "coordinates": [
          [
            [
              12.24884,
              54.87437
            ],
            [
              11.99883,
              54.87437
            ],
            [
              11.99882,
              54.99938
            ],
            [
              12.24883,
              54.99938
            ],
            [
              12.24884,
              54.87437
            ]
          ]
        ]
      }
    },
    {
      "type": "Feature",
      "properties": {
        "BlockNo": "5412/02"
      },
      "geometry": {
        "type": "Polygon",
        "coordinates": [
          [
            [
              12.49884,
              54.87438
            ],
            [
              12.24884,
              54.87437
            ],
            [
              12.24883,
              54.99938
            ],
            [
              12.49884,
              54.99938
            ],
            [
              12.49884,
              54.87438
            ]
          ]
        ]
      }
    },
    {
      "type": "Feature",
      "properties": {
        "BlockNo": "5412/03"
      },
      "geometry": {
        "type": "Polygon",
        "coordinates": [
          [
            [
              12.74885,
              54.87438
            ],
            [
              12.49884,
              54.87438
            ],
            [
              12.49884,
              54.99938
            ],
            [
              12.74885,
              54.99938
            ],
            [
              12.74885,
              54.87438
            ]
          ]
        ]
      }
    },
    {
      "type": "Feature",
      "properties": {
        "BlockNo": "5412/04"
      },
      "geometry": {
        "type": "Polygon",
        "coordinates": [
          [
            [
              12.99886,
              54.88739
            ],
            [
              12.98302,
              54.8744
            ],
            [
              12.74885,
              54.87438
            ],
            [
              12.74885,
              54.99938
            ],
            [
              12.99885,
              54.99939
            ],
            [
              12.99886,
              54.88739
            ]
          ]
        ]
      }
    },
    {
      "type": "Feature",
      "properties": {
        "BlockNo": "5413/01"
      },
      "geometry": {
        "type": "Polygon",
        "coordinates": [
          [
            [
              12.99886,
              54.88739
            ],
            [
              12.99885,
              54.99939
            ],
            [
              13.13603,
              54.99945
            ],
            [
              12.99886,
              54.88739
            ]
          ]
        ]
      }
    },
    {
      "type": "Feature",
      "properties": {
        "BlockNo": "5507/32"
      },
      "geometry": {
        "type": "Polygon",
        "coordinates": [
          [
            [
              7.99871,
              55.12433
            ],
            [
              7.99872,
              55.10565
            ],
            [
              7.86331,
              55.12441
            ],
            [
              7.99871,
              55.12433
            ]
          ]
        ]
      }
    },
    {
      "type": "Feature",
      "properties": {
        "BlockNo": "5508/29"
      },
      "geometry": {
        "type": "Polygon",
        "coordinates": [
          [
            [
              8.24872,
              55.12434
            ],
            [
              8.24872,
              55.0706
            ],
            [
              7.99872,
              55.10565
            ],
            [
              7.99871,
              55.12433
            ],
            [
              8.24872,
              55.12434
            ]
          ]
        ]
      }
    },
    {
      "type": "Feature",
      "properties": {
        "BlockNo": "5508/30"
      },
      "geometry": {
        "type": "Polygon",
        "coordinates": [
          [
            [
              8.49873,
              55.12434
            ],
            [
              8.49873,
              55.0022
            ],
            [
              8.47203,
              55.02528
            ],
            [
              8.47851,
              55.04733
            ],
            [
              8.47267,
              55.05408
            ],
            [
              8.39545,
              55.06922
            ],
            [
              8.30067,
              55.06325
            ],
            [
              8.24872,
              55.0706
            ],
            [
              8.24872,
              55.12434
            ],
            [
              8.49873,
              55.12434
            ]
          ]
        ]
      }
    },
    {
      "type": "Feature",
      "properties": {
        "BlockNo": "5508/31"
      },
      "geometry": {
        "type": "Polygon",
        "coordinates": [
          [
            [
              8.74873,
              55.12434
            ],
            [
              8.74874,
              54.99934
            ],
            [
              8.50154,
              54.99978
            ],
            [
              8.49873,
              55.0022
            ],
            [
              8.49873,
              55.12434
            ],
            [
              8.74873,
              55.12434
            ]
          ]
        ]
      }
    },
    {
      "type": "Feature",
      "properties": {
        "BlockNo": "5508/32"
      },
      "geometry": {
        "type": "Polygon",
        "coordinates": [
          [
            [
              8.99874,
              55.12434
            ],
            [
              8.99874,
              54.99934
            ],
            [
              8.74874,
              54.99934
            ],
            [
              8.74873,
              55.12434
            ],
            [
              8.99874,
              55.12434
            ]
          ]
        ]
      }
    },
    {
      "type": "Feature",
      "properties": {
        "BlockNo": "5509/29"
      },
      "geometry": {
        "type": "Polygon",
        "coordinates": [
          [
            [
              9.24875,
              54.99934
            ],
            [
              8.99874,
              54.99934
            ],
            [
              8.99874,
              55.12434
            ],
            [
              9.24875,
              55.12435
            ],
            [
              9.24875,
              54.99934
            ]
          ]
        ]
      }
    },
    {
      "type": "Feature",
      "properties": {
        "BlockNo": "5509/30"
      },
      "geometry": {
        "type": "Polygon",
        "coordinates": [
          [
            [
              9.49876,
              54.99935
            ],
            [
              9.24875,
              54.99934
            ],
            [
              9.24875,
              55.12435
            ],
            [
              9.49875,
              55.12435
            ],
            [
              9.49876,
              54.99935
            ]
          ]
        ]
      }
    },
    {
      "type": "Feature",
      "properties": {
        "BlockNo": "5509/31"
      },
      "geometry": {
        "type": "Polygon",
        "coordinates": [
          [
            [
              9.74876,
              54.99935
            ],
            [
              9.49876,
              54.99935
            ],
            [
              9.49875,
              55.12435
            ],
            [
              9.74876,
              55.12435
            ],
            [
              9.74876,
              54.99935
            ]
          ]
        ]
      }
    },
    {
      "type": "Feature",
      "properties": {
        "BlockNo": "5509/32"
      },
      "geometry": {
        "type": "Polygon",
        "coordinates": [
          [
            [
              9.99877,
              54.99935
            ],
            [
              9.74876,
              54.99935
            ],
            [
              9.74876,
              55.12435
            ],
            [
              9.99877,
              55.12436
            ],
            [
              9.99877,
              54.99935
            ]
          ]
        ]
      }
    },
    {
      "type": "Feature",
      "properties": {
        "BlockNo": "5510/29"
      },
      "geometry": {
        "type": "Polygon",
        "coordinates": [
          [
            [
              10.24878,
              54.99935
            ],
            [
              9.99877,
              54.99935
            ],
            [
              9.99877,
              55.12436
            ],
            [
              10.24877,
              55.12436
            ],
            [
              10.24878,
              54.99935
            ]
          ]
        ]
      }
    },
    {
      "type": "Feature",
      "properties": {
        "BlockNo": "5510/30"
      },
      "geometry": {
        "type": "Polygon",
        "coordinates": [
          [
            [
              10.49878,
              54.99936
            ],
            [
              10.24878,
              54.99935
            ],
            [
              10.24877,
              55.12436
            ],
            [
              10.49878,
              55.12436
            ],
            [
              10.49878,
              54.99936
            ]
          ]
        ]
      }
    },
    {
      "type": "Feature",
      "properties": {
        "BlockNo": "5510/31"
      },
      "geometry": {
        "type": "Polygon",
        "coordinates": [
          [
            [
              10.74879,
              54.99936
            ],
            [
              10.49878,
              54.99936
            ],
            [
              10.49878,
              55.12436
            ],
            [
              10.74879,
              55.12436
            ],
            [
              10.74879,
              54.99936
            ]
          ]
        ]
      }
    },
    {
      "type": "Feature",
      "properties": {
        "BlockNo": "5510/32"
      },
      "geometry": {
        "type": "Polygon",
        "coordinates": [
          [
            [
              10.9988,
              54.99936
            ],
            [
              10.74879,
              54.99936
            ],
            [
              10.74879,
              55.12436
            ],
            [
              10.99879,
              55.12437
            ],
            [
              10.9988,
              54.99936
            ]
          ]
        ]
      }
    },
    {
      "type": "Feature",
      "properties": {
        "BlockNo": "5511/29"
      },
      "geometry": {
        "type": "Polygon",
        "coordinates": [
          [
            [
              11.2488,
              54.99937
            ],
            [
              10.9988,
              54.99936
            ],
            [
              10.99879,
              55.12437
            ],
            [
              11.2488,
              55.12437
            ],
            [
              11.2488,
              54.99937
            ]
          ]
        ]
      }
    },
    {
      "type": "Feature",
      "properties": {
        "BlockNo": "5511/30"
      },
      "geometry": {
        "type": "Polygon",
        "coordinates": [
          [
            [
              11.49881,
              54.99937
            ],
            [
              11.2488,
              54.99937
            ],
            [
              11.2488,
              55.12437
            ],
            [
              11.49881,
              55.12437
            ],
            [
              11.49881,
              54.99937
            ]
          ]
        ]
      }
    },
    {
      "type": "Feature",
      "properties": {
        "BlockNo": "5511/31"
      },
      "geometry": {
        "type": "Polygon",
        "coordinates": [
          [
            [
              11.74882,
              54.99937
            ],
            [
              11.49881,
              54.99937
            ],
            [
              11.49881,
              55.12437
            ],
            [
              11.74881,
              55.12438
            ],
            [
              11.74882,
              54.99937
            ]
          ]
        ]
      }
    },
    {
      "type": "Feature",
      "properties": {
        "BlockNo": "5511/32"
      },
      "geometry": {
        "type": "Polygon",
        "coordinates": [
          [
            [
              11.99882,
              54.99938
            ],
            [
              11.74882,
              54.99937
            ],
            [
              11.74881,
              55.12438
            ],
            [
              11.99882,
              55.12438
            ],
            [
              11.99882,
              54.99938
            ]
          ]
        ]
      }
    },
    {
      "type": "Feature",
      "properties": {
        "BlockNo": "5512/29"
      },
      "geometry": {
        "type": "Polygon",
        "coordinates": [
          [
            [
              12.24883,
              54.99938
            ],
            [
              11.99882,
              54.99938
            ],
            [
              11.99882,
              55.12438
            ],
            [
              12.24883,
              55.12438
            ],
            [
              12.24883,
              54.99938
            ]
          ]
        ]
      }
    },
    {
      "type": "Feature",
      "properties": {
        "BlockNo": "5512/30"
      },
      "geometry": {
        "type": "Polygon",
        "coordinates": [
          [
            [
              12.49884,
              54.99938
            ],
            [
              12.24883,
              54.99938
            ],
            [
              12.24883,
              55.12438
            ],
            [
              12.49883,
              55.12439
            ],
            [
              12.49884,
              54.99938
            ]
          ]
        ]
      }
    },
    {
      "type": "Feature",
      "properties": {
        "BlockNo": "5512/31"
      },
      "geometry": {
        "type": "Polygon",
        "coordinates": [
          [
            [
              12.74885,
              54.99938
            ],
            [
              12.49884,
              54.99938
            ],
            [
              12.49883,
              55.12439
            ],
            [
              12.74884,
              55.12439
            ],
            [
              12.74885,
              54.99938
            ]
          ]
        ]
      }
    },
    {
      "type": "Feature",
      "properties": {
        "BlockNo": "5512/32"
      },
      "geometry": {
        "type": "Polygon",
        "coordinates": [
          [
            [
              12.99885,
              55.08614
            ],
            [
              12.99885,
              54.99939
            ],
            [
              12.74885,
              54.99938
            ],
            [
              12.74884,
              55.12439
            ],
            [
              12.90073,
              55.12445
            ],
            [
              12.99885,
              55.08614
            ]
          ]
        ]
      }
    },
    {
      "type": "Feature",
      "properties": {
        "BlockNo": "5513/29"
      },
      "geometry": {
        "type": "Polygon",
        "coordinates": [
          [
            [
              13.13603,
              54.99945
            ],
            [
              12.99885,
              54.99939
            ],
            [
              12.99885,
              55.08614
            ],
            [
              13.05441,
              55.06439
            ],
            [
              13.14694,
              55.00833
            ],
            [
              13.13603,
              54.99945
            ]
          ]
        ]
      }
    },
    {
      "type": "Feature",
      "properties": {
        "BlockNo": "5505/25"
      },
      "geometry": {
        "type": "Polygon",
        "coordinates": [
          [
            [
              5.1996,
              55.24936
            ],
            [
              5.14862,
              55.24932
            ],
            [
              5.14846,
              55.24938
            ],
            [
              5.1996,
              55.24936
            ]
          ]
        ]
      }
    },
    {
      "type": "Feature",
      "properties": {
        "BlockNo": "5505/26"
      },
      "geometry": {
        "type": "Polygon",
        "coordinates": [
          [
            [
              5.40204,
              55.24938
            ],
            [
              5.40196,
              55.24932
            ],
            [
              5.32424,
              55.24938
            ],
            [
              5.40204,
              55.24938
            ]
          ]
        ]
      }
    },
    {
      "type": "Feature",
      "properties": {
        "BlockNo": "5507/25"
      },
      "geometry": {
        "type": "Polygon",
        "coordinates": [
          [
            [
              7.24868,
              55.24934
            ],
            [
              7.24868,
              55.22693
            ],
            [
              7.13405,
              55.24941
            ],
            [
              7.24868,
              55.24934
            ]
          ]
        ]
      }
    },
    {
      "type": "Feature",
      "properties": {
        "BlockNo": "5507/26"
      },
      "geometry": {
        "type": "Polygon",
        "coordinates": [
          [
            [
              7.49868,
              55.24935
            ],
            [
              7.49869,
              55.17746
            ],
            [
              7.24868,
              55.22693
            ],
            [
              7.24868,
              55.24934
            ],
            [
              7.49868,
              55.24935
            ]
          ]
        ]
      }
    },
    {
      "type": "Feature",
      "properties": {
        "BlockNo": "5507/27"
      },
      "geometry": {
        "type": "Polygon",
        "coordinates": [
          [
            [
              7.74869,
              55.24935
            ],
            [
              7.74869,
              55.14015
            ],
            [
              7.55135,
              55.16695
            ],
            [
              7.49869,
              55.17746
            ],
            [
              7.49868,
              55.24935
            ],
            [
              7.74869,
              55.24935
            ]
          ]
        ]
      }
    },
    {
      "type": "Feature",
      "properties": {
        "BlockNo": "5507/28"
      },
      "geometry": {
        "type": "Polygon",
        "coordinates": [
          [
            [
              7.99871,
              55.24934
            ],
            [
              7.99871,
              55.12433
            ],
            [
              7.86331,
              55.12441
            ],
            [
              7.74869,
              55.14015
            ],
            [
              7.74869,
              55.24935
            ],
            [
              7.99871,
              55.24934
            ]
          ]
        ]
      }
    },
    {
      "type": "Feature",
      "properties": {
        "BlockNo": "5508/25"
      },
      "geometry": {
        "type": "Polygon",
        "coordinates": [
          [
            [
              8.24872,
              55.24934
            ],
            [
              8.24872,
              55.12434
            ],
            [
              7.99871,
              55.12433
            ],
            [
              7.99871,
              55.24934
            ],
            [
              8.24872,
              55.24934
            ]
          ]
        ]
      }
    },
    {
      "type": "Feature",
      "properties": {
        "BlockNo": "5508/26"
      },
      "geometry": {
        "type": "Polygon",
        "coordinates": [
          [
            [
              8.49872,
              55.24934
            ],
            [
              8.49873,
              55.12434
            ],
            [
              8.24872,
              55.12434
            ],
            [
              8.24872,
              55.24934
            ],
            [
              8.49872,
              55.24934
            ]
          ]
        ]
      }
    },
    {
      "type": "Feature",
      "properties": {
        "BlockNo": "5508/27"
      },
      "geometry": {
        "type": "Polygon",
        "coordinates": [
          [
            [
              8.74873,
              55.24935
            ],
            [
              8.74873,
              55.12434
            ],
            [
              8.49873,
              55.12434
            ],
            [
              8.49872,
              55.24934
            ],
            [
              8.74873,
              55.24935
            ]
          ]
        ]
      }
    },
    {
      "type": "Feature",
      "properties": {
        "BlockNo": "5508/28"
      },
      "geometry": {
        "type": "Polygon",
        "coordinates": [
          [
            [
              8.99874,
              55.24935
            ],
            [
              8.99874,
              55.12434
            ],
            [
              8.74873,
              55.12434
            ],
            [
              8.74873,
              55.24935
            ],
            [
              8.99874,
              55.24935
            ]
          ]
        ]
      }
    },
    {
      "type": "Feature",
      "properties": {
        "BlockNo": "5509/25"
      },
      "geometry": {
        "type": "Polygon",
        "coordinates": [
          [
            [
              9.24875,
              55.12435
            ],
            [
              8.99874,
              55.12434
            ],
            [
              8.99874,
              55.24935
            ],
            [
              9.24874,
              55.24935
            ],
            [
              9.24875,
              55.12435
            ]
          ]
        ]
      }
    },
    {
      "type": "Feature",
      "properties": {
        "BlockNo": "5509/26"
      },
      "geometry": {
        "type": "Polygon",
        "coordinates": [
          [
            [
              9.49875,
              55.12435
            ],
            [
              9.24875,
              55.12435
            ],
            [
              9.24874,
              55.24935
            ],
            [
              9.49875,
              55.24935
            ],
            [
              9.49875,
              55.12435
            ]
          ]
        ]
      }
    },
    {
      "type": "Feature",
      "properties": {
        "BlockNo": "5509/27"
      },
      "geometry": {
        "type": "Polygon",
        "coordinates": [
          [
            [
              9.74876,
              55.12435
            ],
            [
              9.49875,
              55.12435
            ],
            [
              9.49875,
              55.24935
            ],
            [
              9.74876,
              55.24936
            ],
            [
              9.74876,
              55.12435
            ]
          ]
        ]
      }
    },
    {
      "type": "Feature",
      "properties": {
        "BlockNo": "5509/28"
      },
      "geometry": {
        "type": "Polygon",
        "coordinates": [
          [
            [
              9.99877,
              55.12436
            ],
            [
              9.74876,
              55.12435
            ],
            [
              9.74876,
              55.24936
            ],
            [
              9.99876,
              55.24936
            ],
            [
              9.99877,
              55.12436
            ]
          ]
        ]
      }
    },
    {
      "type": "Feature",
      "properties": {
        "BlockNo": "5510/25"
      },
      "geometry": {
        "type": "Polygon",
        "coordinates": [
          [
            [
              10.24877,
              55.12436
            ],
            [
              9.99877,
              55.12436
            ],
            [
              9.99876,
              55.24936
            ],
            [
              10.24877,
              55.24936
            ],
            [
              10.24877,
              55.12436
            ]
          ]
        ]
      }
    },
    {
      "type": "Feature",
      "properties": {
        "BlockNo": "5510/26"
      },
      "geometry": {
        "type": "Polygon",
        "coordinates": [
          [
            [
              10.49878,
              55.12436
            ],
            [
              10.24877,
              55.12436
            ],
            [
              10.24877,
              55.24936
            ],
            [
              10.49878,
              55.24937
            ],
            [
              10.49878,
              55.12436
            ]
          ]
        ]
      }
    },
    {
      "type": "Feature",
      "properties": {
        "BlockNo": "5510/27"
      },
      "geometry": {
        "type": "Polygon",
        "coordinates": [
          [
            [
              10.74879,
              55.12436
            ],
            [
              10.49878,
              55.12436
            ],
            [
              10.49878,
              55.24937
            ],
            [
              10.74878,
              55.24937
            ],
            [
              10.74879,
              55.12436
            ]
          ]
        ]
      }
    },
    {
      "type": "Feature",
      "properties": {
        "BlockNo": "5510/28"
      },
      "geometry": {
        "type": "Polygon",
        "coordinates": [
          [
            [
              10.99879,
              55.12437
            ],
            [
              10.74879,
              55.12436
            ],
            [
              10.74878,
              55.24937
            ],
            [
              10.99879,
              55.24937
            ],
            [
              10.99879,
              55.12437
            ]
          ]
        ]
      }
    },
    {
      "type": "Feature",
      "properties": {
        "BlockNo": "5511/25"
      },
      "geometry": {
        "type": "Polygon",
        "coordinates": [
          [
            [
              11.2488,
              55.12437
            ],
            [
              10.99879,
              55.12437
            ],
            [
              10.99879,
              55.24937
            ],
            [
              11.2488,
              55.24937
            ],
            [
              11.2488,
              55.12437
            ]
          ]
        ]
      }
    },
    {
      "type": "Feature",
      "properties": {
        "BlockNo": "5511/26"
      },
      "geometry": {
        "type": "Polygon",
        "coordinates": [
          [
            [
              11.49881,
              55.12437
            ],
            [
              11.2488,
              55.12437
            ],
            [
              11.2488,
              55.24937
            ],
            [
              11.4988,
              55.24938
            ],
            [
              11.49881,
              55.12437
            ]
          ]
        ]
      }
    },
    {
      "type": "Feature",
      "properties": {
        "BlockNo": "5511/27"
      },
      "geometry": {
        "type": "Polygon",
        "coordinates": [
          [
            [
              11.74881,
              55.12438
            ],
            [
              11.49881,
              55.12437
            ],
            [
              11.4988,
              55.24938
            ],
            [
              11.74881,
              55.24938
            ],
            [
              11.74881,
              55.12438
            ]
          ]
        ]
      }
    },
    {
      "type": "Feature",
      "properties": {
        "BlockNo": "5511/28"
      },
      "geometry": {
        "type": "Polygon",
        "coordinates": [
          [
            [
              11.99882,
              55.12438
            ],
            [
              11.74881,
              55.12438
            ],
            [
              11.74881,
              55.24938
            ],
            [
              11.99882,
              55.24938
            ],
            [
              11.99882,
              55.12438
            ]
          ]
        ]
      }
    },
    {
      "type": "Feature",
      "properties": {
        "BlockNo": "5512/25"
      },
      "geometry": {
        "type": "Polygon",
        "coordinates": [
          [
            [
              12.24883,
              55.12438
            ],
            [
              11.99882,
              55.12438
            ],
            [
              11.99882,
              55.24938
            ],
            [
              12.24882,
              55.24939
            ],
            [
              12.24883,
              55.12438
            ]
          ]
        ]
      }
    },
    {
      "type": "Feature",
      "properties": {
        "BlockNo": "5512/26"
      },
      "geometry": {
        "type": "Polygon",
        "coordinates": [
          [
            [
              12.49883,
              55.12439
            ],
            [
              12.24883,
              55.12438
            ],
            [
              12.24882,
              55.24939
            ],
            [
              12.49883,
              55.24939
            ],
            [
              12.49883,
              55.12439
            ]
          ]
        ]
      }
    },
    {
      "type": "Feature",
      "properties": {
        "BlockNo": "5512/27"
      },
      "geometry": {
        "type": "Polygon",
        "coordinates": [
          [
            [
              12.74884,
              55.1979
            ],
            [
              12.74884,
              55.12439
            ],
            [
              12.49883,
              55.12439
            ],
            [
              12.49883,
              55.24939
            ],
            [
              12.67602,
              55.24944
            ],
            [
              12.74884,
              55.1979
            ]
          ]
        ]
      }
    },
    {
      "type": "Feature",
      "properties": {
        "BlockNo": "5512/28"
      },
      "geometry": {
        "type": "Polygon",
        "coordinates": [
          [
            [
              12.90073,
              55.12445
            ],
            [
              12.74884,
              55.12439
            ],
            [
              12.74884,
              55.1979
            ],
            [
              12.79373,
              55.16605
            ],
            [
              12.90073,
              55.12445
            ]
          ]
        ]
      }
    },
    {
      "type": "Feature",
      "properties": {
        "BlockNo": "5504/24"
      },
      "geometry": {
        "type": "Polygon",
        "coordinates": [
          [
            [
              4.99861,
              55.37432
            ],
            [
              4.99862,
              55.30743
            ],
            [
              4.82465,
              55.37438
            ],
            [
              4.99861,
              55.37432
            ]
          ]
        ]
      }
    },
    {
      "type": "Feature",
      "properties": {
        "BlockNo": "5505/21"
      },
      "geometry": {
        "type": "Polygon",
        "coordinates": [
          [
            [
              5.24862,
              55.37433
            ],
            [
              5.24862,
              55.24938
            ],
            [
              5.14846,
              55.24938
            ],
            [
              4.99862,
              55.30743
            ],
            [
              4.99861,
              55.37432
            ],
            [
              5.24862,
              55.37433
            ]
          ]
        ]
      }
    },
    {
      "type": "Feature",
      "properties": {
        "BlockNo": "5505/22"
      },
      "geometry": {
        "type": "Polygon",
        "coordinates": [
          [
            [
              5.49863,
              55.37433
            ],
            [
              5.49863,
              55.3226
            ],
            [
              5.40204,
              55.24938
            ],
            [
              5.24862,
              55.24938
            ],
            [
              5.24862,
              55.37433
            ],
            [
              5.49863,
              55.37433
            ]
          ]
        ]
      }
    },
    {
      "type": "Feature",
      "properties": {
        "BlockNo": "5505/23"
      },
      "geometry": {
        "type": "Polygon",
        "coordinates": [
          [
            [
              5.56721,
              55.37438
            ],
            [
              5.49863,
              55.3226
            ],
            [
              5.49863,
              55.37433
            ],
            [
              5.56721,
              55.37438
            ]
          ]
        ]
      }
    },
    {
      "type": "Feature",
      "properties": {
        "BlockNo": "5506/22"
      },
      "geometry": {
        "type": "Polygon",
        "coordinates": [
          [
            [
              6.49865,
              55.37434
            ],
            [
              6.49865,
              55.37156
            ],
            [
              6.48385,
              55.37435
            ],
            [
              6.49865,
              55.37434
            ]
          ]
        ]
      }
    },
    {
      "type": "Feature",
      "properties": {
        "BlockNo": "5506/23"
      },
      "geometry": {
        "type": "Polygon",
        "coordinates": [
          [
            [
              6.74866,
              55.37434
            ],
            [
              6.74866,
              55.32398
            ],
            [
              6.49865,
              55.37156
            ],
            [
              6.49865,
              55.37434
            ],
            [
              6.74866,
              55.37434
            ]
          ]
        ]
      }
    },
    {
      "type": "Feature",
      "properties": {
        "BlockNo": "5506/24"
      },
      "geometry": {
        "type": "Polygon",
        "coordinates": [
          [
            [
              6.99867,
              55.37435
            ],
            [
              6.99867,
              55.27577
            ],
            [
              6.74866,
              55.32398
            ],
            [
              6.74866,
              55.37434
            ],
            [
              6.99867,
              55.37435
            ]
          ]
        ]
      }
    },
    {
      "type": "Feature",
      "properties": {
        "BlockNo": "5507/21"
      },
      "geometry": {
        "type": "Polygon",
        "coordinates": [
          [
            [
              7.24867,
              55.37435
            ],
            [
              7.24868,
              55.24934
            ],
            [
              7.13405,
              55.24941
            ],
            [
              6.99867,
              55.27577
            ],
            [
              6.99867,
              55.37435
            ],
            [
              7.24867,
              55.37435
            ]
          ]
        ]
      }
    },
    {
      "type": "Feature",
      "properties": {
        "BlockNo": "5507/22"
      },
      "geometry": {
        "type": "Polygon",
        "coordinates": [
          [
            [
              7.49868,
              55.37435
            ],
            [
              7.49868,
              55.24935
            ],
            [
              7.24868,
              55.24934
            ],
            [
              7.24867,
              55.37435
            ],
            [
              7.49868,
              55.37435
            ]
          ]
        ]
      }
    },
    {
      "type": "Feature",
      "properties": {
        "BlockNo": "5507/23"
      },
      "geometry": {
        "type": "Polygon",
        "coordinates": [
          [
            [
              7.74869,
              55.37435
            ],
            [
              7.74869,
              55.24935
            ],
            [
              7.49868,
              55.24935
            ],
            [
              7.49868,
              55.37435
            ],
            [
              7.74869,
              55.37435
            ]
          ]
        ]
      }
    },
    {
      "type": "Feature",
      "properties": {
        "BlockNo": "5507/24"
      },
      "geometry": {
        "type": "Polygon",
        "coordinates": [
          [
            [
              7.9987,
              55.37434
            ],
            [
              7.99871,
              55.24934
            ],
            [
              7.74869,
              55.24935
            ],
            [
              7.74869,
              55.37435
            ],
            [
              7.9987,
              55.37434
            ]
          ]
        ]
      }
    },
    {
      "type": "Feature",
      "properties": {
        "BlockNo": "5508/21"
      },
      "geometry": {
        "type": "Polygon",
        "coordinates": [
          [
            [
              8.24871,
              55.37434
            ],
            [
              8.24872,
              55.24934
            ],
            [
              7.99871,
              55.24934
            ],
            [
              7.9987,
              55.37434
            ],
            [
              8.24871,
              55.37434
            ]
          ]
        ]
      }
    },
    {
      "type": "Feature",
      "properties": {
        "BlockNo": "5508/22"
      },
      "geometry": {
        "type": "Polygon",
        "coordinates": [
          [
            [
              8.49872,
              55.37435
            ],
            [
              8.49872,
              55.24934
            ],
            [
              8.24872,
              55.24934
            ],
            [
              8.24871,
              55.37434
            ],
            [
              8.49872,
              55.37435
            ]
          ]
        ]
      }
    },
    {
      "type": "Feature",
      "properties": {
        "BlockNo": "5508/23"
      },
      "geometry": {
        "type": "Polygon",
        "coordinates": [
          [
            [
              8.74872,
              55.37435
            ],
            [
              8.74873,
              55.24935
            ],
            [
              8.49872,
              55.24934
            ],
            [
              8.49872,
              55.37435
            ],
            [
              8.74872,
              55.37435
            ]
          ]
        ]
      }
    },
    {
      "type": "Feature",
      "properties": {
        "BlockNo": "5508/24"
      },
      "geometry": {
        "type": "Polygon",
        "coordinates": [
          [
            [
              8.99873,
              55.37435
            ],
            [
              8.99874,
              55.24935
            ],
            [
              8.74873,
              55.24935
            ],
            [
              8.74872,
              55.37435
            ],
            [
              8.99873,
              55.37435
            ]
          ]
        ]
      }
    },
    {
      "type": "Feature",
      "properties": {
        "BlockNo": "5509/21"
      },
      "geometry": {
        "type": "Polygon",
        "coordinates": [
          [
            [
              9.24874,
              55.24935
            ],
            [
              8.99874,
              55.24935
            ],
            [
              8.99873,
              55.37435
            ],
            [
              9.24874,
              55.37436
            ],
            [
              9.24874,
              55.24935
            ]
          ]
        ]
      }
    },
    {
      "type": "Feature",
      "properties": {
        "BlockNo": "5509/22"
      },
      "geometry": {
        "type": "Polygon",
        "coordinates": [
          [
            [
              9.49875,
              55.24935
            ],
            [
              9.24874,
              55.24935
            ],
            [
              9.24874,
              55.37436
            ],
            [
              9.49874,
              55.37436
            ],
            [
              9.49875,
              55.24935
            ]
          ]
        ]
      }
    },
    {
      "type": "Feature",
      "properties": {
        "BlockNo": "5509/23"
      },
      "geometry": {
        "type": "Polygon",
        "coordinates": [
          [
            [
              9.74876,
              55.24936
            ],
            [
              9.49875,
              55.24935
            ],
            [
              9.49874,
              55.37436
            ],
            [
              9.74875,
              55.37436
            ],
            [
              9.74876,
              55.24936
            ]
          ]
        ]
      }
    },
    {
      "type": "Feature",
      "properties": {
        "BlockNo": "5509/24"
      },
      "geometry": {
        "type": "Polygon",
        "coordinates": [
          [
            [
              9.99876,
              55.24936
            ],
            [
              9.74876,
              55.24936
            ],
            [
              9.74875,
              55.37436
            ],
            [
              9.99876,
              55.37436
            ],
            [
              9.99876,
              55.24936
            ]
          ]
        ]
      }
    },
    {
      "type": "Feature",
      "properties": {
        "BlockNo": "5510/21"
      },
      "geometry": {
        "type": "Polygon",
        "coordinates": [
          [
            [
              10.24877,
              55.24936
            ],
            [
              9.99876,
              55.24936
            ],
            [
              9.99876,
              55.37436
            ],
            [
              10.24876,
              55.37437
            ],
            [
              10.24877,
              55.24936
            ]
          ]
        ]
      }
    },
    {
      "type": "Feature",
      "properties": {
        "BlockNo": "5510/22"
      },
      "geometry": {
        "type": "Polygon",
        "coordinates": [
          [
            [
              10.49878,
              55.24937
            ],
            [
              10.24877,
              55.24936
            ],
            [
              10.24876,
              55.37437
            ],
            [
              10.49877,
              55.37437
            ],
            [
              10.49878,
              55.24937
            ]
          ]
        ]
      }
    },
    {
      "type": "Feature",
      "properties": {
        "BlockNo": "5510/23"
      },
      "geometry": {
        "type": "Polygon",
        "coordinates": [
          [
            [
              10.74878,
              55.24937
            ],
            [
              10.49878,
              55.24937
            ],
            [
              10.49877,
              55.37437
            ],
            [
              10.74878,
              55.37437
            ],
            [
              10.74878,
              55.24937
            ]
          ]
        ]
      }
    },
    {
      "type": "Feature",
      "properties": {
        "BlockNo": "5510/24"
      },
      "geometry": {
        "type": "Polygon",
        "coordinates": [
          [
            [
              10.99879,
              55.24937
            ],
            [
              10.74878,
              55.24937
            ],
            [
              10.74878,
              55.37437
            ],
            [
              10.99878,
              55.37438
            ],
            [
              10.99879,
              55.24937
            ]
          ]
        ]
      }
    },
    {
      "type": "Feature",
      "properties": {
        "BlockNo": "5511/21"
      },
      "geometry": {
        "type": "Polygon",
        "coordinates": [
          [
            [
              11.2488,
              55.24937
            ],
            [
              10.99879,
              55.24937
            ],
            [
              10.99878,
              55.37438
            ],
            [
              11.24879,
              55.37438
            ],
            [
              11.2488,
              55.24937
            ]
          ]
        ]
      }
    },
    {
      "type": "Feature",
      "properties": {
        "BlockNo": "5511/22"
      },
      "geometry": {
        "type": "Polygon",
        "coordinates": [
          [
            [
              11.4988,
              55.24938
            ],
            [
              11.2488,
              55.24937
            ],
            [
              11.24879,
              55.37438
            ],
            [
              11.4988,
              55.37438
            ],
            [
              11.4988,
              55.24938
            ]
          ]
        ]
      }
    },
    {
      "type": "Feature",
      "properties": {
        "BlockNo": "5511/23"
      },
      "geometry": {
        "type": "Polygon",
        "coordinates": [
          [
            [
              11.74881,
              55.24938
            ],
            [
              11.4988,
              55.24938
            ],
            [
              11.4988,
              55.37438
            ],
            [
              11.7488,
              55.37438
            ],
            [
              11.74881,
              55.24938
            ]
          ]
        ]
      }
    },
    {
      "type": "Feature",
      "properties": {
        "BlockNo": "5511/24"
      },
      "geometry": {
        "type": "Polygon",
        "coordinates": [
          [
            [
              11.99882,
              55.24938
            ],
            [
              11.74881,
              55.24938
            ],
            [
              11.7488,
              55.37438
            ],
            [
              11.99881,
              55.37439
            ],
            [
              11.99882,
              55.24938
            ]
          ]
        ]
      }
    },
    {
      "type": "Feature",
      "properties": {
        "BlockNo": "5512/21"
      },
      "geometry": {
        "type": "Polygon",
        "coordinates": [
          [
            [
              12.24882,
              55.24939
            ],
            [
              11.99882,
              55.24938
            ],
            [
              11.99881,
              55.37439
            ],
            [
              12.24882,
              55.37439
            ],
            [
              12.24882,
              55.24939
            ]
          ]
        ]
      }
    },
    {
      "type": "Feature",
      "properties": {
        "BlockNo": "5512/22"
      },
      "geometry": {
        "type": "Polygon",
        "coordinates": [
          [
            [
              12.49883,
              55.24939
            ],
            [
              12.24882,
              55.24939
            ],
            [
              12.24882,
              55.37439
            ],
            [
              12.49883,
              55.37439
            ],
            [
              12.49883,
              55.24939
            ]
          ]
        ]
      }
    },
    {
      "type": "Feature",
      "properties": {
        "BlockNo": "5512/23"
      },
      "geometry": {
        "type": "Polygon",
        "coordinates": [
          [
            [
              12.67602,
              55.24944
            ],
            [
              12.49883,
              55.24939
            ],
            [
              12.49883,
              55.37439
            ],
            [
              12.62819,
              55.37446
            ],
            [
              12.64077,
              55.33667
            ],
            [
              12.63772,
              55.30772
            ],
            [
              12.67602,
              55.24944
            ]
          ]
        ]
      }
    },
    {
      "type": "Feature",
      "properties": {
        "BlockNo": "5504/19"
      },
      "geometry": {
        "type": "Polygon",
        "coordinates": [
          [
            [
              4.7486,
              55.49932
            ],
            [
              4.74861,
              55.40349
            ],
            [
              4.61969,
              55.49939
            ],
            [
              4.7486,
              55.49932
            ]
          ]
        ]
      }
    },
    {
      "type": "Feature",
      "properties": {
        "BlockNo": "5504/20"
      },
      "geometry": {
        "type": "Polygon",
        "coordinates": [
          [
            [
              4.99861,
              55.49933
            ],
            [
              4.99861,
              55.37432
            ],
            [
              4.82465,
              55.37438
            ],
            [
              4.74861,
              55.40349
            ],
            [
              4.7486,
              55.49932
            ],
            [
              4.99861,
              55.49933
            ]
          ]
        ]
      }
    },
    {
      "type": "Feature",
      "properties": {
        "BlockNo": "5505/17"
      },
      "geometry": {
        "type": "Polygon",
        "coordinates": [
          [
            [
              5.24862,
              55.49933
            ],
            [
              5.24862,
              55.37433
            ],
            [
              4.99861,
              55.37432
            ],
            [
              4.99861,
              55.49933
            ],
            [
              5.24862,
              55.49933
            ]
          ]
        ]
      }
    },
    {
      "type": "Feature",
      "properties": {
        "BlockNo": "5505/18"
      },
      "geometry": {
        "type": "Polygon",
        "coordinates": [
          [
            [
              5.49862,
              55.49933
            ],
            [
              5.49863,
              55.37433
            ],
            [
              5.24862,
              55.37433
            ],
            [
              5.24862,
              55.49933
            ],
            [
              5.49862,
              55.49933
            ]
          ]
        ]
      }
    },
    {
      "type": "Feature",
      "properties": {
        "BlockNo": "5505/19"
      },
      "geometry": {
        "type": "Polygon",
        "coordinates": [
          [
            [
              5.73367,
              55.49935
            ],
            [
              5.56721,
              55.37438
            ],
            [
              5.49863,
              55.37433
            ],
            [
              5.49862,
              55.49933
            ],
            [
              5.73367,
              55.49935
            ]
          ]
        ]
      }
    },
    {
      "type": "Feature",
      "properties": {
        "BlockNo": "5505/20"
      },
      "geometry": {
        "type": "Polygon",
        "coordinates": [
          [
            [
              5.99864,
              55.49934
            ],
            [
              5.99864,
              55.46483
            ],
            [
              5.80991,
              55.49938
            ],
            [
              5.99864,
              55.49934
            ]
          ]
        ]
      }
    },
    {
      "type": "Feature",
      "properties": {
        "BlockNo": "5506/17"
      },
      "geometry": {
        "type": "Polygon",
        "coordinates": [
          [
            [
              6.24864,
              55.49934
            ],
            [
              6.24865,
              55.4185
            ],
            [
              5.99864,
              55.46483
            ],
            [
              5.99864,
              55.49934
            ],
            [
              6.24864,
              55.49934
            ]
          ]
        ]
      }
    },
    {
      "type": "Feature",
      "properties": {
        "BlockNo": "5506/18"
      },
      "geometry": {
        "type": "Polygon",
        "coordinates": [
          [
            [
              6.49865,
              55.49934
            ],
            [
              6.49865,
              55.37434
            ],
            [
              6.48385,
              55.37435
            ],
            [
              6.24865,
              55.4185
            ],
            [
              6.24864,
              55.49934
            ],
            [
              6.49865,
              55.49934
            ]
          ]
        ]
      }
    },
    {
      "type": "Feature",
      "properties": {
        "BlockNo": "5506/19"
      },
      "geometry": {
        "type": "Polygon",
        "coordinates": [
          [
            [
              6.74866,
              55.49935
            ],
            [
              6.74866,
              55.37434
            ],
            [
              6.49865,
              55.37434
            ],
            [
              6.49865,
              55.49934
            ],
            [
              6.74866,
              55.49935
            ]
          ]
        ]
      }
    },
    {
      "type": "Feature",
      "properties": {
        "BlockNo": "5506/20"
      },
      "geometry": {
        "type": "Polygon",
        "coordinates": [
          [
            [
              6.99866,
              55.49935
            ],
            [
              6.99867,
              55.37435
            ],
            [
              6.74866,
              55.37434
            ],
            [
              6.74866,
              55.49935
            ],
            [
              6.99866,
              55.49935
            ]
          ]
        ]
      }
    },
    {
      "type": "Feature",
      "properties": {
        "BlockNo": "5507/17"
      },
      "geometry": {
        "type": "Polygon",
        "coordinates": [
          [
            [
              7.24867,
              55.49935
            ],
            [
              7.24867,
              55.37435
            ],
            [
              6.99867,
              55.37435
            ],
            [
              6.99866,
              55.49935
            ],
            [
              7.24867,
              55.49935
            ]
          ]
        ]
      }
    },
    {
      "type": "Feature",
      "properties": {
        "BlockNo": "5507/18"
      },
      "geometry": {
        "type": "Polygon",
        "coordinates": [
          [
            [
              7.49868,
              55.49936
            ],
            [
              7.49868,
              55.37435
            ],
            [
              7.24867,
              55.37435
            ],
            [
              7.24867,
              55.49935
            ],
            [
              7.49868,
              55.49936
            ]
          ]
        ]
      }
    },
    {
      "type": "Feature",
      "properties": {
        "BlockNo": "5507/19"
      },
      "geometry": {
        "type": "Polygon",
        "coordinates": [
          [
            [
              7.74868,
              55.49936
            ],
            [
              7.74869,
              55.37435
            ],
            [
              7.49868,
              55.37435
            ],
            [
              7.49868,
              55.49936
            ],
            [
              7.74868,
              55.49936
            ]
          ]
        ]
      }
    },
    {
      "type": "Feature",
      "properties": {
        "BlockNo": "5507/20"
      },
      "geometry": {
        "type": "Polygon",
        "coordinates": [
          [
            [
              7.9987,
              55.49934
            ],
            [
              7.9987,
              55.37434
            ],
            [
              7.74869,
              55.37435
            ],
            [
              7.74868,
              55.49936
            ],
            [
              7.9987,
              55.49934
            ]
          ]
        ]
      }
    },
    {
      "type": "Feature",
      "properties": {
        "BlockNo": "5508/17"
      },
      "geometry": {
        "type": "Polygon",
        "coordinates": [
          [
            [
              8.24871,
              55.49935
            ],
            [
              8.24871,
              55.37434
            ],
            [
              7.9987,
              55.37434
            ],
            [
              7.9987,
              55.49934
            ],
            [
              8.24871,
              55.49935
            ]
          ]
        ]
      }
    },
    {
      "type": "Feature",
      "properties": {
        "BlockNo": "5508/18"
      },
      "geometry": {
        "type": "Polygon",
        "coordinates": [
          [
            [
              8.49871,
              55.49935
            ],
            [
              8.49872,
              55.37435
            ],
            [
              8.24871,
              55.37434
            ],
            [
              8.24871,
              55.49935
            ],
            [
              8.49871,
              55.49935
            ]
          ]
        ]
      }
    },
    {
      "type": "Feature",
      "properties": {
        "BlockNo": "5508/19"
      },
      "geometry": {
        "type": "Polygon",
        "coordinates": [
          [
            [
              8.74872,
              55.49935
            ],
            [
              8.74872,
              55.37435
            ],
            [
              8.49872,
              55.37435
            ],
            [
              8.49871,
              55.49935
            ],
            [
              8.74872,
              55.49935
            ]
          ]
        ]
      }
    },
    {
      "type": "Feature",
      "properties": {
        "BlockNo": "5508/20"
      },
      "geometry": {
        "type": "Polygon",
        "coordinates": [
          [
            [
              8.99873,
              55.49936
            ],
            [
              8.99873,
              55.37435
            ],
            [
              8.74872,
              55.37435
            ],
            [
              8.74872,
              55.49935
            ],
            [
              8.99873,
              55.49936
            ]
          ]
        ]
      }
    },
    {
      "type": "Feature",
      "properties": {
        "BlockNo": "5509/17"
      },
      "geometry": {
        "type": "Polygon",
        "coordinates": [
          [
            [
              9.24874,
              55.37436
            ],
            [
              8.99873,
              55.37435
            ],
            [
              8.99873,
              55.49936
            ],
            [
              9.24873,
              55.49936
            ],
            [
              9.24874,
              55.37436
            ]
          ]
        ]
      }
    },
    {
      "type": "Feature",
      "properties": {
        "BlockNo": "5509/18"
      },
      "geometry": {
        "type": "Polygon",
        "coordinates": [
          [
            [
              9.49874,
              55.37436
            ],
            [
              9.24874,
              55.37436
            ],
            [
              9.24873,
              55.49936
            ],
            [
              9.49874,
              55.49936
            ],
            [
              9.49874,
              55.37436
            ]
          ]
        ]
      }
    },
    {
      "type": "Feature",
      "properties": {
        "BlockNo": "5509/19"
      },
      "geometry": {
        "type": "Polygon",
        "coordinates": [
          [
            [
              9.74875,
              55.37436
            ],
            [
              9.49874,
              55.37436
            ],
            [
              9.49874,
              55.49936
            ],
            [
              9.74875,
              55.49937
            ],
            [
              9.74875,
              55.37436
            ]
          ]
        ]
      }
    },
    {
      "type": "Feature",
      "properties": {
        "BlockNo": "5509/20"
      },
      "geometry": {
        "type": "Polygon",
        "coordinates": [
          [
            [
              9.99876,
              55.37436
            ],
            [
              9.74875,
              55.37436
            ],
            [
              9.74875,
              55.49937
            ],
            [
              9.99875,
              55.49937
            ],
            [
              9.99876,
              55.37436
            ]
          ]
        ]
      }
    },
    {
      "type": "Feature",
      "properties": {
        "BlockNo": "5510/17"
      },
      "geometry": {
        "type": "Polygon",
        "coordinates": [
          [
            [
              10.24876,
              55.37437
            ],
            [
              9.99876,
              55.37436
            ],
            [
              9.99875,
              55.49937
            ],
            [
              10.24876,
              55.49937
            ],
            [
              10.24876,
              55.37437
            ]
          ]
        ]
      }
    },
    {
      "type": "Feature",
      "properties": {
        "BlockNo": "5510/18"
      },
      "geometry": {
        "type": "Polygon",
        "coordinates": [
          [
            [
              10.49877,
              55.37437
            ],
            [
              10.24876,
              55.37437
            ],
            [
              10.24876,
              55.49937
            ],
            [
              10.49877,
              55.49937
            ],
            [
              10.49877,
              55.37437
            ]
          ]
        ]
      }
    },
    {
      "type": "Feature",
      "properties": {
        "BlockNo": "5510/19"
      },
      "geometry": {
        "type": "Polygon",
        "coordinates": [
          [
            [
              10.74878,
              55.37437
            ],
            [
              10.49877,
              55.37437
            ],
            [
              10.49877,
              55.49937
            ],
            [
              10.74877,
              55.49938
            ],
            [
              10.74878,
              55.37437
            ]
          ]
        ]
      }
    },
    {
      "type": "Feature",
      "properties": {
        "BlockNo": "5510/20"
      },
      "geometry": {
        "type": "Polygon",
        "coordinates": [
          [
            [
              10.99878,
              55.37438
            ],
            [
              10.74878,
              55.37437
            ],
            [
              10.74877,
              55.49938
            ],
            [
              10.99878,
              55.49938
            ],
            [
              10.99878,
              55.37438
            ]
          ]
        ]
      }
    },
    {
      "type": "Feature",
      "properties": {
        "BlockNo": "5511/17"
      },
      "geometry": {
        "type": "Polygon",
        "coordinates": [
          [
            [
              11.24879,
              55.37438
            ],
            [
              10.99878,
              55.37438
            ],
            [
              10.99878,
              55.49938
            ],
            [
              11.24879,
              55.49938
            ],
            [
              11.24879,
              55.37438
            ]
          ]
        ]
      }
    },
    {
      "type": "Feature",
      "properties": {
        "BlockNo": "5511/18"
      },
      "geometry": {
        "type": "Polygon",
        "coordinates": [
          [
            [
              11.4988,
              55.37438
            ],
            [
              11.24879,
              55.37438
            ],
            [
              11.24879,
              55.49938
            ],
            [
              11.49879,
              55.49939
            ],
            [
              11.4988,
              55.37438
            ]
          ]
        ]
      }
    },
    {
      "type": "Feature",
      "properties": {
        "BlockNo": "5511/19"
      },
      "geometry": {
        "type": "Polygon",
        "coordinates": [
          [
            [
              11.7488,
              55.37438
            ],
            [
              11.4988,
              55.37438
            ],
            [
              11.49879,
              55.49939
            ],
            [
              11.7488,
              55.49939
            ],
            [
              11.7488,
              55.37438
            ]
          ]
        ]
      }
    },
    {
      "type": "Feature",
      "properties": {
        "BlockNo": "5511/20"
      },
      "geometry": {
        "type": "Polygon",
        "coordinates": [
          [
            [
              11.99881,
              55.37439
            ],
            [
              11.7488,
              55.37438
            ],
            [
              11.7488,
              55.49939
            ],
            [
              11.99881,
              55.49939
            ],
            [
              11.99881,
              55.37439
            ]
          ]
        ]
      }
    },
    {
      "type": "Feature",
      "properties": {
        "BlockNo": "5512/17"
      },
      "geometry": {
        "type": "Polygon",
        "coordinates": [
          [
            [
              12.24882,
              55.37439
            ],
            [
              11.99881,
              55.37439
            ],
            [
              11.99881,
              55.49939
            ],
            [
              12.24881,
              55.49939
            ],
            [
              12.24882,
              55.37439
            ]
          ]
        ]
      }
    },
    {
      "type": "Feature",
      "properties": {
        "BlockNo": "5512/18"
      },
      "geometry": {
        "type": "Polygon",
        "coordinates": [
          [
            [
              12.49883,
              55.37439
            ],
            [
              12.24882,
              55.37439
            ],
            [
              12.24881,
              55.49939
            ],
            [
              12.49882,
              55.4994
            ],
            [
              12.49883,
              55.37439
            ]
          ]
        ]
      }
    },
    {
      "type": "Feature",
      "properties": {
        "BlockNo": "5512/19"
      },
      "geometry": {
        "type": "Polygon",
        "coordinates": [
          [
            [
              12.62819,
              55.37446
            ],
            [
              12.49883,
              55.37439
            ],
            [
              12.49882,
              55.4994
            ],
            [
              12.71699,
              55.49943
            ],
            [
              12.71402,
              55.48859
            ],
            [
              12.60935,
              55.43112
            ],
            [
              12.62819,
              55.37446
            ]
          ]
        ]
      }
    },
    {
      "type": "Feature",
      "properties": {
        "BlockNo": "5504/14"
      },
      "geometry": {
        "type": "Polygon",
        "coordinates": [
          [
            [
              4.49859,
              55.62433
            ],
            [
              4.49859,
              55.58891
            ],
            [
              4.45044,
              55.62437
            ],
            [
              4.49859,
              55.62433
            ]
          ]
        ]
      }
    },
    {
      "type": "Feature",
      "properties": {
        "BlockNo": "5504/15"
      },
      "geometry": {
        "type": "Polygon",
        "coordinates": [
          [
            [
              4.7486,
              55.62433
            ],
            [
              4.7486,
              55.49932
            ],
            [
              4.61969,
              55.49939
            ],
            [
              4.49859,
              55.58891
            ],
            [
              4.49859,
              55.62433
            ],
            [
              4.7486,
              55.62433
            ]
          ]
        ]
      }
    },
    {
      "type": "Feature",
      "properties": {
        "BlockNo": "5504/16"
      },
      "geometry": {
        "type": "Polygon",
        "coordinates": [
          [
            [
              4.9986,
              55.62433
            ],
            [
              4.99861,
              55.49933
            ],
            [
              4.7486,
              55.49932
            ],
            [
              4.7486,
              55.62433
            ],
            [
              4.9986,
              55.62433
            ]
          ]
        ]
      }
    },
    {
      "type": "Feature",
      "properties": {
        "BlockNo": "5505/13"
      },
      "geometry": {
        "type": "Polygon",
        "coordinates": [
          [
            [
              5.24861,
              55.62433
            ],
            [
              5.24862,
              55.49933
            ],
            [
              4.99861,
              55.49933
            ],
            [
              4.9986,
              55.62433
            ],
            [
              5.24861,
              55.62433
            ]
          ]
        ]
      }
    },
    {
      "type": "Feature",
      "properties": {
        "BlockNo": "5505/14"
      },
      "geometry": {
        "type": "Polygon",
        "coordinates": [
          [
            [
              5.49862,
              55.62434
            ],
            [
              5.49862,
              55.49933
            ],
            [
              5.24862,
              55.49933
            ],
            [
              5.24861,
              55.62433
            ],
            [
              5.49862,
              55.62434
            ]
          ]
        ]
      }
    },
    {
      "type": "Feature",
      "properties": {
        "BlockNo": "5505/15"
      },
      "geometry": {
        "type": "Polygon",
        "coordinates": [
          [
            [
              5.74862,
              55.62434
            ],
            [
              5.74863,
              55.51053
            ],
            [
              5.73367,
              55.49935
            ],
            [
              5.49862,
              55.49933
            ],
            [
              5.49862,
              55.62434
            ],
            [
              5.74862,
              55.62434
            ]
          ]
        ]
      }
    },
    {
      "type": "Feature",
      "properties": {
        "BlockNo": "5505/16"
      },
      "geometry": {
        "type": "Polygon",
        "coordinates": [
          [
            [
              5.99863,
              55.62434
            ],
            [
              5.99864,
              55.49934
            ],
            [
              5.80991,
              55.49938
            ],
            [
              5.74863,
              55.51053
            ],
            [
              5.74862,
              55.62434
            ],
            [
              5.99863,
              55.62434
            ]
          ]
        ]
      }
    },
    {
      "type": "Feature",
      "properties": {
        "BlockNo": "5506/13"
      },
      "geometry": {
        "type": "Polygon",
        "coordinates": [
          [
            [
              6.24864,
              55.62435
            ],
            [
              6.24864,
              55.49934
            ],
            [
              5.99864,
              55.49934
            ],
            [
              5.99863,
              55.62434
            ],
            [
              6.24864,
              55.62435
            ]
          ]
        ]
      }
    },
    {
      "type": "Feature",
      "properties": {
        "BlockNo": "5506/14"
      },
      "geometry": {
        "type": "Polygon",
        "coordinates": [
          [
            [
              6.49864,
              55.62435
            ],
            [
              6.49865,
              55.49934
            ],
            [
              6.24864,
              55.49934
            ],
            [
              6.24864,
              55.62435
            ],
            [
              6.49864,
              55.62435
            ]
          ]
        ]
      }
    },
    {
      "type": "Feature",
      "properties": {
        "BlockNo": "5506/15"
      },
      "geometry": {
        "type": "Polygon",
        "coordinates": [
          [
            [
              6.74865,
              55.62435
            ],
            [
              6.74866,
              55.49935
            ],
            [
              6.49865,
              55.49934
            ],
            [
              6.49864,
              55.62435
            ],
            [
              6.74865,
              55.62435
            ]
          ]
        ]
      }
    },
    {
      "type": "Feature",
      "properties": {
        "BlockNo": "5506/16"
      },
      "geometry": {
        "type": "Polygon",
        "coordinates": [
          [
            [
              6.99866,
              55.62435
            ],
            [
              6.99866,
              55.49935
            ],
            [
              6.74866,
              55.49935
            ],
            [
              6.74865,
              55.62435
            ],
            [
              6.99866,
              55.62435
            ]
          ]
        ]
      }
    },
    {
      "type": "Feature",
      "properties": {
        "BlockNo": "5507/13"
      },
      "geometry": {
        "type": "Polygon",
        "coordinates": [
          [
            [
              7.24866,
              55.62436
            ],
            [
              7.24867,
              55.49935
            ],
            [
              6.99866,
              55.49935
            ],
            [
              6.99866,
              55.62435
            ],
            [
              7.24866,
              55.62436
            ]
          ]
        ]
      }
    },
    {
      "type": "Feature",
      "properties": {
        "BlockNo": "5507/14"
      },
      "geometry": {
        "type": "Polygon",
        "coordinates": [
          [
            [
              7.49867,
              55.62436
            ],
            [
              7.49868,
              55.49936
            ],
            [
              7.24867,
              55.49935
            ],
            [
              7.24866,
              55.62436
            ],
            [
              7.49867,
              55.62436
            ]
          ]
        ]
      }
    },
    {
      "type": "Feature",
      "properties": {
        "BlockNo": "5507/15"
      },
      "geometry": {
        "type": "Polygon",
        "coordinates": [
          [
            [
              7.74868,
              55.62436
            ],
            [
              7.74868,
              55.49936
            ],
            [
              7.49868,
              55.49936
            ],
            [
              7.49867,
              55.62436
            ],
            [
              7.74868,
              55.62436
            ]
          ]
        ]
      }
    },
    {
      "type": "Feature",
      "properties": {
        "BlockNo": "5507/16"
      },
      "geometry": {
        "type": "Polygon",
        "coordinates": [
          [
            [
              7.9987,
              55.62435
            ],
            [
              7.9987,
              55.49934
            ],
            [
              7.74868,
              55.49936
            ],
            [
              7.74868,
              55.62436
            ],
            [
              7.9987,
              55.62435
            ]
          ]
        ]
      }
    },
    {
      "type": "Feature",
      "properties": {
        "BlockNo": "5508/13"
      },
      "geometry": {
        "type": "Polygon",
        "coordinates": [
          [
            [
              8.2487,
              55.62435
            ],
            [
              8.24871,
              55.49935
            ],
            [
              7.9987,
              55.49934
            ],
            [
              7.9987,
              55.62435
            ],
            [
              8.2487,
              55.62435
            ]
          ]
        ]
      }
    },
    {
      "type": "Feature",
      "properties": {
        "BlockNo": "5508/14"
      },
      "geometry": {
        "type": "Polygon",
        "coordinates": [
          [
            [
              8.49871,
              55.62435
            ],
            [
              8.49871,
              55.49935
            ],
            [
              8.24871,
              55.49935
            ],
            [
              8.2487,
              55.62435
            ],
            [
              8.49871,
              55.62435
            ]
          ]
        ]
      }
    },
    {
      "type": "Feature",
      "properties": {
        "BlockNo": "5508/15"
      },
      "geometry": {
        "type": "Polygon",
        "coordinates": [
          [
            [
              8.74872,
              55.62436
            ],
            [
              8.74872,
              55.49935
            ],
            [
              8.49871,
              55.49935
            ],
            [
              8.49871,
              55.62435
            ],
            [
              8.74872,
              55.62436
            ]
          ]
        ]
      }
    },
    {
      "type": "Feature",
      "properties": {
        "BlockNo": "5508/16"
      },
      "geometry": {
        "type": "Polygon",
        "coordinates": [
          [
            [
              8.99872,
              55.62436
            ],
            [
              8.99873,
              55.49936
            ],
            [
              8.74872,
              55.49935
            ],
            [
              8.74872,
              55.62436
            ],
            [
              8.99872,
              55.62436
            ]
          ]
        ]
      }
    },
    {
      "type": "Feature",
      "properties": {
        "BlockNo": "5509/13"
      },
      "geometry": {
        "type": "Polygon",
        "coordinates": [
          [
            [
              9.24873,
              55.49936
            ],
            [
              8.99873,
              55.49936
            ],
            [
              8.99872,
              55.62436
            ],
            [
              9.24873,
              55.62436
            ],
            [
              9.24873,
              55.49936
            ]
          ]
        ]
      }
    },
    {
      "type": "Feature",
      "properties": {
        "BlockNo": "5509/14"
      },
      "geometry": {
        "type": "Polygon",
        "coordinates": [
          [
            [
              9.49874,
              55.49936
            ],
            [
              9.24873,
              55.49936
            ],
            [
              9.24873,
              55.62436
            ],
            [
              9.49873,
              55.62437
            ],
            [
              9.49874,
              55.49936
            ]
          ]
        ]
      }
    },
    {
      "type": "Feature",
      "properties": {
        "BlockNo": "5509/15"
      },
      "geometry": {
        "type": "Polygon",
        "coordinates": [
          [
            [
              9.74875,
              55.49937
            ],
            [
              9.49874,
              55.49936
            ],
            [
              9.49873,
              55.62437
            ],
            [
              9.74874,
              55.62437
            ],
            [
              9.74875,
              55.49937
            ]
          ]
        ]
      }
    },
    {
      "type": "Feature",
      "properties": {
        "BlockNo": "5509/16"
      },
      "geometry": {
        "type": "Polygon",
        "coordinates": [
          [
            [
              9.99875,
              55.49937
            ],
            [
              9.74875,
              55.49937
            ],
            [
              9.74874,
              55.62437
            ],
            [
              9.99875,
              55.62437
            ],
            [
              9.99875,
              55.49937
            ]
          ]
        ]
      }
    },
    {
      "type": "Feature",
      "properties": {
        "BlockNo": "5510/13"
      },
      "geometry": {
        "type": "Polygon",
        "coordinates": [
          [
            [
              10.24876,
              55.49937
            ],
            [
              9.99875,
              55.49937
            ],
            [
              9.99875,
              55.62437
            ],
            [
              10.24876,
              55.62438
            ],
            [
              10.24876,
              55.49937
            ]
          ]
        ]
      }
    },
    {
      "type": "Feature",
      "properties": {
        "BlockNo": "5510/14"
      },
      "geometry": {
        "type": "Polygon",
        "coordinates": [
          [
            [
              10.49877,
              55.49937
            ],
            [
              10.24876,
              55.49937
            ],
            [
              10.24876,
              55.62438
            ],
            [
              10.49876,
              55.62438
            ],
            [
              10.49877,
              55.49937
            ]
          ]
        ]
      }
    },
    {
      "type": "Feature",
      "properties": {
        "BlockNo": "5510/15"
      },
      "geometry": {
        "type": "Polygon",
        "coordinates": [
          [
            [
              10.74877,
              55.49938
            ],
            [
              10.49877,
              55.49937
            ],
            [
              10.49876,
              55.62438
            ],
            [
              10.74877,
              55.62438
            ],
            [
              10.74877,
              55.49938
            ]
          ]
        ]
      }
    },
    {
      "type": "Feature",
      "properties": {
        "BlockNo": "5510/16"
      },
      "geometry": {
        "type": "Polygon",
        "coordinates": [
          [
            [
              10.99878,
              55.49938
            ],
            [
              10.74877,
              55.49938
            ],
            [
              10.74877,
              55.62438
            ],
            [
              10.99878,
              55.62438
            ],
            [
              10.99878,
              55.49938
            ]
          ]
        ]
      }
    },
    {
      "type": "Feature",
      "properties": {
        "BlockNo": "5511/13"
      },
      "geometry": {
        "type": "Polygon",
        "coordinates": [
          [
            [
              11.24879,
              55.49938
            ],
            [
              10.99878,
              55.49938
            ],
            [
              10.99878,
              55.62438
            ],
            [
              11.24878,
              55.62439
            ],
            [
              11.24879,
              55.49938
            ]
          ]
        ]
      }
    },
    {
      "type": "Feature",
      "properties": {
        "BlockNo": "5511/14"
      },
      "geometry": {
        "type": "Polygon",
        "coordinates": [
          [
            [
              11.49879,
              55.49939
            ],
            [
              11.24879,
              55.49938
            ],
            [
              11.24878,
              55.62439
            ],
            [
              11.49879,
              55.62439
            ],
            [
              11.49879,
              55.49939
            ]
          ]
        ]
      }
    },
    {
      "type": "Feature",
      "properties": {
        "BlockNo": "5511/15"
      },
      "geometry": {
        "type": "Polygon",
        "coordinates": [
          [
            [
              11.7488,
              55.49939
            ],
            [
              11.49879,
              55.49939
            ],
            [
              11.49879,
              55.62439
            ],
            [
              11.7488,
              55.62439
            ],
            [
              11.7488,
              55.49939
            ]
          ]
        ]
      }
    },
    {
      "type": "Feature",
      "properties": {
        "BlockNo": "5511/16"
      },
      "geometry": {
        "type": "Polygon",
        "coordinates": [
          [
            [
              11.99881,
              55.49939
            ],
            [
              11.7488,
              55.49939
            ],
            [
              11.7488,
              55.62439
            ],
            [
              11.9988,
              55.6244
            ],
            [
              11.99881,
              55.49939
            ]
          ]
        ]
      }
    },
    {
      "type": "Feature",
      "properties": {
        "BlockNo": "5512/13"
      },
      "geometry": {
        "type": "Polygon",
        "coordinates": [
          [
            [
              12.24881,
              55.49939
            ],
            [
              11.99881,
              55.49939
            ],
            [
              11.9988,
              55.6244
            ],
            [
              12.24881,
              55.6244
            ],
            [
              12.24881,
              55.49939
            ]
          ]
        ]
      }
    },
    {
      "type": "Feature",
      "properties": {
        "BlockNo": "5512/14"
      },
      "geometry": {
        "type": "Polygon",
        "coordinates": [
          [
            [
              12.49882,
              55.4994
            ],
            [
              12.24881,
              55.49939
            ],
            [
              12.24881,
              55.6244
            ],
            [
              12.49882,
              55.6244
            ],
            [
              12.49882,
              55.4994
            ]
          ]
        ]
      }
    },
    {
      "type": "Feature",
      "properties": {
        "BlockNo": "5512/15"
      },
      "geometry": {
        "type": "Polygon",
        "coordinates": [
          [
            [
              12.74882,
              55.55021
            ],
            [
              12.72821,
              55.54023
            ],
            [
              12.71699,
              55.49943
            ],
            [
              12.49882,
              55.4994
            ],
            [
              12.49882,
              55.6244
            ],
            [
              12.74882,
              55.6244
            ],
            [
              12.74882,
              55.55021
            ]
          ]
        ]
      }
    },
    {
      "type": "Feature",
      "properties": {
        "BlockNo": "5512/16"
      },
      "geometry": {
        "type": "Polygon",
        "coordinates": [
          [
            [
              12.74882,
              55.55021
            ],
            [
              12.74882,
              55.6244
            ],
            [
              12.88516,
              55.62447
            ],
            [
              12.88013,
              55.61357
            ],
            [
              12.74882,
              55.55021
            ]
          ]
        ]
      }
    },
    {
      "type": "Feature",
      "properties": {
        "BlockNo": "5504/10"
      },
      "geometry": {
        "type": "Polygon",
        "coordinates": [
          [
            [
              4.49859,
              55.74933
            ],
            [
              4.49859,
              55.62433
            ],
            [
              4.45044,
              55.62437
            ],
            [
              4.27973,
              55.74936
            ],
            [
              4.49859,
              55.74933
            ]
          ]
        ]
      }
    },
    {
      "type": "Feature",
      "properties": {
        "BlockNo": "5504/11"
      },
      "geometry": {
        "type": "Polygon",
        "coordinates": [
          [
            [
              4.74859,
              55.74933
            ],
            [
              4.7486,
              55.62433
            ],
            [
              4.49859,
              55.62433
            ],
            [
              4.49859,
              55.74933
            ],
            [
              4.74859,
              55.74933
            ]
          ]
        ]
      }
    },
    {
      "type": "Feature",
      "properties": {
        "BlockNo": "5504/12"
      },
      "geometry": {
        "type": "Polygon",
        "coordinates": [
          [
            [
              4.9986,
              55.74934
            ],
            [
              4.9986,
              55.62433
            ],
            [
              4.7486,
              55.62433
            ],
            [
              4.74859,
              55.74933
            ],
            [
              4.9986,
              55.74934
            ]
          ]
        ]
      }
    },
    {
      "type": "Feature",
      "properties": {
        "BlockNo": "5505/09"
      },
      "geometry": {
        "type": "Polygon",
        "coordinates": [
          [
            [
              5.24861,
              55.74934
            ],
            [
              5.24861,
              55.62433
            ],
            [
              4.9986,
              55.62433
            ],
            [
              4.9986,
              55.74934
            ],
            [
              5.24861,
              55.74934
            ]
          ]
        ]
      }
    },
    {
      "type": "Feature",
      "properties": {
        "BlockNo": "5505/10"
      },
      "geometry": {
        "type": "Polygon",
        "coordinates": [
          [
            [
              5.49861,
              55.74934
            ],
            [
              5.49862,
              55.62434
            ],
            [
              5.24861,
              55.62433
            ],
            [
              5.24861,
              55.74934
            ],
            [
              5.49861,
              55.74934
            ]
          ]
        ]
      }
    },
    {
      "type": "Feature",
      "properties": {
        "BlockNo": "5505/11"
      },
      "geometry": {
        "type": "Polygon",
        "coordinates": [
          [
            [
              5.74862,
              55.74934
            ],
            [
              5.74862,
              55.62434
            ],
            [
              5.49862,
              55.62434
            ],
            [
              5.49861,
              55.74934
            ],
            [
              5.74862,
              55.74934
            ]
          ]
        ]
      }
    },
    {
      "type": "Feature",
      "properties": {
        "BlockNo": "5505/12"
      },
      "geometry": {
        "type": "Polygon",
        "coordinates": [
          [
            [
              5.99863,
              55.74935
            ],
            [
              5.99863,
              55.62434
            ],
            [
              5.74862,
              55.62434
            ],
            [
              5.74862,
              55.74934
            ],
            [
              5.99863,
              55.74935
            ]
          ]
        ]
      }
    },
    {
      "type": "Feature",
      "properties": {
        "BlockNo": "5506/09"
      },
      "geometry": {
        "type": "Polygon",
        "coordinates": [
          [
            [
              6.24863,
              55.74935
            ],
            [
              6.24864,
              55.62435
            ],
            [
              5.99863,
              55.62434
            ],
            [
              5.99863,
              55.74935
            ],
            [
              6.24863,
              55.74935
            ]
          ]
        ]
      }
    },
    {
      "type": "Feature",
      "properties": {
        "BlockNo": "5506/10"
      },
      "geometry": {
        "type": "Polygon",
        "coordinates": [
          [
            [
              6.49864,
              55.74935
            ],
            [
              6.49864,
              55.62435
            ],
            [
              6.24864,
              55.62435
            ],
            [
              6.24863,
              55.74935
            ],
            [
              6.49864,
              55.74935
            ]
          ]
        ]
      }
    },
    {
      "type": "Feature",
      "properties": {
        "BlockNo": "5506/11"
      },
      "geometry": {
        "type": "Polygon",
        "coordinates": [
          [
            [
              6.74865,
              55.74936
            ],
            [
              6.74865,
              55.62435
            ],
            [
              6.49864,
              55.62435
            ],
            [
              6.49864,
              55.74935
            ],
            [
              6.74865,
              55.74936
            ]
          ]
        ]
      }
    },
    {
      "type": "Feature",
      "properties": {
        "BlockNo": "5506/12"
      },
      "geometry": {
        "type": "Polygon",
        "coordinates": [
          [
            [
              6.99865,
              55.74936
            ],
            [
              6.99866,
              55.62435
            ],
            [
              6.74865,
              55.62435
            ],
            [
              6.74865,
              55.74936
            ],
            [
              6.99865,
              55.74936
            ]
          ]
        ]
      }
    },
    {
      "type": "Feature",
      "properties": {
        "BlockNo": "5507/09"
      },
      "geometry": {
        "type": "Polygon",
        "coordinates": [
          [
            [
              7.24866,
              55.74936
            ],
            [
              7.24866,
              55.62436
            ],
            [
              6.99866,
              55.62435
            ],
            [
              6.99865,
              55.74936
            ],
            [
              7.24866,
              55.74936
            ]
          ]
        ]
      }
    },
    {
      "type": "Feature",
      "properties": {
        "BlockNo": "5507/10"
      },
      "geometry": {
        "type": "Polygon",
        "coordinates": [
          [
            [
              7.49867,
              55.74936
            ],
            [
              7.49867,
              55.62436
            ],
            [
              7.24866,
              55.62436
            ],
            [
              7.24866,
              55.74936
            ],
            [
              7.49867,
              55.74936
            ]
          ]
        ]
      }
    },
    {
      "type": "Feature",
      "properties": {
        "BlockNo": "5507/11"
      },
      "geometry": {
        "type": "Polygon",
        "coordinates": [
          [
            [
              7.74867,
              55.74937
            ],
            [
              7.74868,
              55.62436
            ],
            [
              7.49867,
              55.62436
            ],
            [
              7.49867,
              55.74936
            ],
            [
              7.74867,
              55.74937
            ]
          ]
        ]
      }
    },
    {
      "type": "Feature",
      "properties": {
        "BlockNo": "5507/12"
      },
      "geometry": {
        "type": "Polygon",
        "coordinates": [
          [
            [
              7.99869,
              55.74935
            ],
            [
              7.9987,
              55.62435
            ],
            [
              7.74868,
              55.62436
            ],
            [
              7.74867,
              55.74937
            ],
            [
              7.99869,
              55.74935
            ]
          ]
        ]
      }
    },
    {
      "type": "Feature",
      "properties": {
        "BlockNo": "5508/09"
      },
      "geometry": {
        "type": "Polygon",
        "coordinates": [
          [
            [
              8.2487,
              55.74936
            ],
            [
              8.2487,
              55.62435
            ],
            [
              7.9987,
              55.62435
            ],
            [
              7.99869,
              55.74935
            ],
            [
              8.2487,
              55.74936
            ]
          ]
        ]
      }
    },
    {
      "type": "Feature",
      "properties": {
        "BlockNo": "5508/10"
      },
      "geometry": {
        "type": "Polygon",
        "coordinates": [
          [
            [
              8.4987,
              55.74936
            ],
            [
              8.49871,
              55.62435
            ],
            [
              8.2487,
              55.62435
            ],
            [
              8.2487,
              55.74936
            ],
            [
              8.4987,
              55.74936
            ]
          ]
        ]
      }
    },
    {
      "type": "Feature",
      "properties": {
        "BlockNo": "5508/11"
      },
      "geometry": {
        "type": "Polygon",
        "coordinates": [
          [
            [
              8.74871,
              55.74936
            ],
            [
              8.74872,
              55.62436
            ],
            [
              8.49871,
              55.62435
            ],
            [
              8.4987,
              55.74936
            ],
            [
              8.74871,
              55.74936
            ]
          ]
        ]
      }
    },
    {
      "type": "Feature",
      "properties": {
        "BlockNo": "5508/12"
      },
      "geometry": {
        "type": "Polygon",
        "coordinates": [
          [
            [
              8.99872,
              55.74937
            ],
            [
              8.99872,
              55.62436
            ],
            [
              8.74872,
              55.62436
            ],
            [
              8.74871,
              55.74936
            ],
            [
              8.99872,
              55.74937
            ]
          ]
        ]
      }
    },
    {
      "type": "Feature",
      "properties": {
        "BlockNo": "5509/09"
      },
      "geometry": {
        "type": "Polygon",
        "coordinates": [
          [
            [
              9.24873,
              55.62436
            ],
            [
              8.99872,
              55.62436
            ],
            [
              8.99872,
              55.74937
            ],
            [
              9.24872,
              55.74937
            ],
            [
              9.24873,
              55.62436
            ]
          ]
        ]
      }
    },
    {
      "type": "Feature",
      "properties": {
        "BlockNo": "5509/10"
      },
      "geometry": {
        "type": "Polygon",
        "coordinates": [
          [
            [
              9.49873,
              55.62437
            ],
            [
              9.24873,
              55.62436
            ],
            [
              9.24872,
              55.74937
            ],
            [
              9.49873,
              55.74937
            ],
            [
              9.49873,
              55.62437
            ]
          ]
        ]
      }
    },
    {
      "type": "Feature",
      "properties": {
        "BlockNo": "5509/11"
      },
      "geometry": {
        "type": "Polygon",
        "coordinates": [
          [
            [
              9.74874,
              55.62437
            ],
            [
              9.49873,
              55.62437
            ],
            [
              9.49873,
              55.74937
            ],
            [
              9.74874,
              55.74937
            ],
            [
              9.74874,
              55.62437
            ]
          ]
        ]
      }
    },
    {
      "type": "Feature",
      "properties": {
        "BlockNo": "5509/12"
      },
      "geometry": {
        "type": "Polygon",
        "coordinates": [
          [
            [
              9.99875,
              55.62437
            ],
            [
              9.74874,
              55.62437
            ],
            [
              9.74874,
              55.74937
            ],
            [
              9.99874,
              55.74938
            ],
            [
              9.99875,
              55.62437
            ]
          ]
        ]
      }
    },
    {
      "type": "Feature",
      "properties": {
        "BlockNo": "5510/09"
      },
      "geometry": {
        "type": "Polygon",
        "coordinates": [
          [
            [
              10.24876,
              55.62438
            ],
            [
              9.99875,
              55.62437
            ],
            [
              9.99874,
              55.74938
            ],
            [
              10.24875,
              55.74938
            ],
            [
              10.24876,
              55.62438
            ]
          ]
        ]
      }
    },
    {
      "type": "Feature",
      "properties": {
        "BlockNo": "5510/10"
      },
      "geometry": {
        "type": "Polygon",
        "coordinates": [
          [
            [
              10.49876,
              55.62438
            ],
            [
              10.24876,
              55.62438
            ],
            [
              10.24875,
              55.74938
            ],
            [
              10.49876,
              55.74938
            ],
            [
              10.49876,
              55.62438
            ]
          ]
        ]
      }
    },
    {
      "type": "Feature",
      "properties": {
        "BlockNo": "5510/11"
      },
      "geometry": {
        "type": "Polygon",
        "coordinates": [
          [
            [
              10.74877,
              55.62438
            ],
            [
              10.49876,
              55.62438
            ],
            [
              10.49876,
              55.74938
            ],
            [
              10.74876,
              55.74939
            ],
            [
              10.74877,
              55.62438
            ]
          ]
        ]
      }
    },
    {
      "type": "Feature",
      "properties": {
        "BlockNo": "5510/12"
      },
      "geometry": {
        "type": "Polygon",
        "coordinates": [
          [
            [
              10.99878,
              55.62438
            ],
            [
              10.74877,
              55.62438
            ],
            [
              10.74876,
              55.74939
            ],
            [
              10.99877,
              55.74939
            ],
            [
              10.99878,
              55.62438
            ]
          ]
        ]
      }
    },
    {
      "type": "Feature",
      "properties": {
        "BlockNo": "5511/09"
      },
      "geometry": {
        "type": "Polygon",
        "coordinates": [
          [
            [
              11.24878,
              55.62439
            ],
            [
              10.99878,
              55.62438
            ],
            [
              10.99877,
              55.74939
            ],
            [
              11.24878,
              55.74939
            ],
            [
              11.24878,
              55.62439
            ]
          ]
        ]
      }
    },
    {
      "type": "Feature",
      "properties": {
        "BlockNo": "5511/10"
      },
      "geometry": {
        "type": "Polygon",
        "coordinates": [
          [
            [
              11.49879,
              55.62439
            ],
            [
              11.24878,
              55.62439
            ],
            [
              11.24878,
              55.74939
            ],
            [
              11.49878,
              55.74939
            ],
            [
              11.49879,
              55.62439
            ]
          ]
        ]
      }
    },
    {
      "type": "Feature",
      "properties": {
        "BlockNo": "5511/11"
      },
      "geometry": {
        "type": "Polygon",
        "coordinates": [
          [
            [
              11.7488,
              55.62439
            ],
            [
              11.49879,
              55.62439
            ],
            [
              11.49878,
              55.74939
            ],
            [
              11.74879,
              55.7494
            ],
            [
              11.7488,
              55.62439
            ]
          ]
        ]
      }
    },
    {
      "type": "Feature",
      "properties": {
        "BlockNo": "5511/12"
      },
      "geometry": {
        "type": "Polygon",
        "coordinates": [
          [
            [
              11.9988,
              55.6244
            ],
            [
              11.7488,
              55.62439
            ],
            [
              11.74879,
              55.7494
            ],
            [
              11.9988,
              55.7494
            ],
            [
              11.9988,
              55.6244
            ]
          ]
        ]
      }
    },
    {
      "type": "Feature",
      "properties": {
        "BlockNo": "5512/09"
      },
      "geometry": {
        "type": "Polygon",
        "coordinates": [
          [
            [
              12.24881,
              55.6244
            ],
            [
              11.9988,
              55.6244
            ],
            [
              11.9988,
              55.7494
            ],
            [
              12.24881,
              55.7494
            ],
            [
              12.24881,
              55.6244
            ]
          ]
        ]
      }
    },
    {
      "type": "Feature",
      "properties": {
        "BlockNo": "5512/10"
      },
      "geometry": {
        "type": "Polygon",
        "coordinates": [
          [
            [
              12.49882,
              55.6244
            ],
            [
              12.24881,
              55.6244
            ],
            [
              12.24881,
              55.7494
            ],
            [
              12.49881,
              55.74941
            ],
            [
              12.49882,
              55.6244
            ]
          ]
        ]
      }
    },
    {
      "type": "Feature",
      "properties": {
        "BlockNo": "5512/11"
      },
      "geometry": {
        "type": "Polygon",
        "coordinates": [
          [
            [
              12.74882,
              55.6244
            ],
            [
              12.49882,
              55.6244
            ],
            [
              12.49881,
              55.74941
            ],
            [
              12.74882,
              55.74941
            ],
            [
              12.74882,
              55.6244
            ]
          ]
        ]
      }
    },
    {
      "type": "Feature",
      "properties": {
        "BlockNo": "5512/12"
      },
      "geometry": {
        "type": "Polygon",
        "coordinates": [
          [
            [
              12.88516,
              55.62447
            ],
            [
              12.74882,
              55.6244
            ],
            [
              12.74882,
              55.74941
            ],
            [
              12.79085,
              55.74945
            ],
            [
              12.84568,
              55.69857
            ],
            [
              12.89399,
              55.64357
            ],
            [
              12.88516,
              55.62447
            ]
          ]
        ]
      }
    },
    {
      "type": "Feature",
      "properties": {
        "BlockNo": "5503/07"
      },
      "geometry": {
        "type": "Polygon",
        "coordinates": [
          [
            [
              3.74856,
              55.87433
            ],
            [
              3.74856,
              55.85443
            ],
            [
              3.62515,
              55.87439
            ],
            [
              3.74856,
              55.87433
            ]
          ]
        ]
      }
    },
    {
      "type": "Feature",
      "properties": {
        "BlockNo": "5503/08"
      },
      "geometry": {
        "type": "Polygon",
        "coordinates": [
          [
            [
              3.99857,
              55.87433
            ],
            [
              3.99857,
              55.81354
            ],
            [
              3.74856,
              55.85443
            ],
            [
              3.74856,
              55.87433
            ],
            [
              3.99857,
              55.87433
            ]
          ]
        ]
      }
    },
    {
      "type": "Feature",
      "properties": {
        "BlockNo": "5504/05"
      },
      "geometry": {
        "type": "Polygon",
        "coordinates": [
          [
            [
              4.24858,
              55.87433
            ],
            [
              4.24858,
              55.77205
            ],
            [
              3.99857,
              55.81354
            ],
            [
              3.99857,
              55.87433
            ],
            [
              4.24858,
              55.87433
            ]
          ]
        ]
      }
    },
    {
      "type": "Feature",
      "properties": {
        "BlockNo": "5504/06"
      },
      "geometry": {
        "type": "Polygon",
        "coordinates": [
          [
            [
              4.49858,
              55.87433
            ],
            [
              4.49859,
              55.74933
            ],
            [
              4.27973,
              55.74936
            ],
            [
              4.24858,
              55.77205
            ],
            [
              4.24858,
              55.87433
            ],
            [
              4.49858,
              55.87433
            ]
          ]
        ]
      }
    },
    {
      "type": "Feature",
      "properties": {
        "BlockNo": "5504/07"
      },
      "geometry": {
        "type": "Polygon",
        "coordinates": [
          [
            [
              4.74859,
              55.87434
            ],
            [
              4.74859,
              55.74933
            ],
            [
              4.49859,
              55.74933
            ],
            [
              4.49858,
              55.87433
            ],
            [
              4.74859,
              55.87434
            ]
          ]
        ]
      }
    },
    {
      "type": "Feature",
      "properties": {
        "BlockNo": "5504/08"
      },
      "geometry": {
        "type": "Polygon",
        "coordinates": [
          [
            [
              4.9986,
              55.87434
            ],
            [
              4.9986,
              55.74934
            ],
            [
              4.74859,
              55.74933
            ],
            [
              4.74859,
              55.87434
            ],
            [
              4.9986,
              55.87434
            ]
          ]
        ]
      }
    },
    {
      "type": "Feature",
      "properties": {
        "BlockNo": "5505/05"
      },
      "geometry": {
        "type": "Polygon",
        "coordinates": [
          [
            [
              5.2486,
              55.87434
            ],
            [
              5.24861,
              55.74934
            ],
            [
              4.9986,
              55.74934
            ],
            [
              4.9986,
              55.87434
            ],
            [
              5.2486,
              55.87434
            ]
          ]
        ]
      }
    },
    {
      "type": "Feature",
      "properties": {
        "BlockNo": "5505/06"
      },
      "geometry": {
        "type": "Polygon",
        "coordinates": [
          [
            [
              5.49861,
              55.87435
            ],
            [
              5.49861,
              55.74934
            ],
            [
              5.24861,
              55.74934
            ],
            [
              5.2486,
              55.87434
            ],
            [
              5.49861,
              55.87435
            ]
          ]
        ]
      }
    },
    {
      "type": "Feature",
      "properties": {
        "BlockNo": "5505/07"
      },
      "geometry": {
        "type": "Polygon",
        "coordinates": [
          [
            [
              5.74862,
              55.87435
            ],
            [
              5.74862,
              55.74934
            ],
            [
              5.49861,
              55.74934
            ],
            [
              5.49861,
              55.87435
            ],
            [
              5.74862,
              55.87435
            ]
          ]
        ]
      }
    },
    {
      "type": "Feature",
      "properties": {
        "BlockNo": "5505/08"
      },
      "geometry": {
        "type": "Polygon",
        "coordinates": [
          [
            [
              5.99862,
              55.87435
            ],
            [
              5.99863,
              55.74935
            ],
            [
              5.74862,
              55.74934
            ],
            [
              5.74862,
              55.87435
            ],
            [
              5.99862,
              55.87435
            ]
          ]
        ]
      }
    },
    {
      "type": "Feature",
      "properties": {
        "BlockNo": "5506/05"
      },
      "geometry": {
        "type": "Polygon",
        "coordinates": [
          [
            [
              6.24863,
              55.87435
            ],
            [
              6.24863,
              55.74935
            ],
            [
              5.99863,
              55.74935
            ],
            [
              5.99862,
              55.87435
            ],
            [
              6.24863,
              55.87435
            ]
          ]
        ]
      }
    },
    {
      "type": "Feature",
      "properties": {
        "BlockNo": "5506/06"
      },
      "geometry": {
        "type": "Polygon",
        "coordinates": [
          [
            [
              6.49864,
              55.87436
            ],
            [
              6.49864,
              55.74935
            ],
            [
              6.24863,
              55.74935
            ],
            [
              6.24863,
              55.87435
            ],
            [
              6.49864,
              55.87436
            ]
          ]
        ]
      }
    },
    {
      "type": "Feature",
      "properties": {
        "BlockNo": "5506/07"
      },
      "geometry": {
        "type": "Polygon",
        "coordinates": [
          [
            [
              6.74864,
              55.87436
            ],
            [
              6.74865,
              55.74936
            ],
            [
              6.49864,
              55.74935
            ],
            [
              6.49864,
              55.87436
            ],
            [
              6.74864,
              55.87436
            ]
          ]
        ]
      }
    },
    {
      "type": "Feature",
      "properties": {
        "BlockNo": "5506/08"
      },
      "geometry": {
        "type": "Polygon",
        "coordinates": [
          [
            [
              6.99865,
              55.87436
            ],
            [
              6.99865,
              55.74936
            ],
            [
              6.74865,
              55.74936
            ],
            [
              6.74864,
              55.87436
            ],
            [
              6.99865,
              55.87436
            ]
          ]
        ]
      }
    },
    {
      "type": "Feature",
      "properties": {
        "BlockNo": "5507/05"
      },
      "geometry": {
        "type": "Polygon",
        "coordinates": [
          [
            [
              7.24866,
              55.87437
            ],
            [
              7.24866,
              55.74936
            ],
            [
              6.99865,
              55.74936
            ],
            [
              6.99865,
              55.87436
            ],
            [
              7.24866,
              55.87437
            ]
          ]
        ]
      }
    },
    {
      "type": "Feature",
      "properties": {
        "BlockNo": "5507/06"
      },
      "geometry": {
        "type": "Polygon",
        "coordinates": [
          [
            [
              7.49866,
              55.87437
            ],
            [
              7.49867,
              55.74936
            ],
            [
              7.24866,
              55.74936
            ],
            [
              7.24866,
              55.87437
            ],
            [
              7.49866,
              55.87437
            ]
          ]
        ]
      }
    },
    {
      "type": "Feature",
      "properties": {
        "BlockNo": "5507/07"
      },
      "geometry": {
        "type": "Polygon",
        "coordinates": [
          [
            [
              7.74867,
              55.87437
            ],
            [
              7.74867,
              55.74937
            ],
            [
              7.49867,
              55.74936
            ],
            [
              7.49866,
              55.87437
            ],
            [
              7.74867,
              55.87437
            ]
          ]
        ]
      }
    },
    {
      "type": "Feature",
      "properties": {
        "BlockNo": "5507/08"
      },
      "geometry": {
        "type": "Polygon",
        "coordinates": [
          [
            [
              7.99869,
              55.87436
            ],
            [
              7.99869,
              55.74935
            ],
            [
              7.74867,
              55.74937
            ],
            [
              7.74867,
              55.87437
            ],
            [
              7.99869,
              55.87436
            ]
          ]
        ]
      }
    },
    {
      "type": "Feature",
      "properties": {
        "BlockNo": "5508/05"
      },
      "geometry": {
        "type": "Polygon",
        "coordinates": [
          [
            [
              8.24869,
              55.87436
            ],
            [
              8.2487,
              55.74936
            ],
            [
              7.99869,
              55.74935
            ],
            [
              7.99869,
              55.87436
            ],
            [
              8.24869,
              55.87436
            ]
          ]
        ]
      }
    },
    {
      "type": "Feature",
      "properties": {
        "BlockNo": "5508/06"
      },
      "geometry": {
        "type": "Polygon",
        "coordinates": [
          [
            [
              8.4987,
              55.87436
            ],
            [
              8.4987,
              55.74936
            ],
            [
              8.2487,
              55.74936
            ],
            [
              8.24869,
              55.87436
            ],
            [
              8.4987,
              55.87436
            ]
          ]
        ]
      }
    },
    {
      "type": "Feature",
      "properties": {
        "BlockNo": "5508/07"
      },
      "geometry": {
        "type": "Polygon",
        "coordinates": [
          [
            [
              8.74871,
              55.87437
            ],
            [
              8.74871,
              55.74936
            ],
            [
              8.4987,
              55.74936
            ],
            [
              8.4987,
              55.87436
            ],
            [
              8.74871,
              55.87437
            ]
          ]
        ]
      }
    },
    {
      "type": "Feature",
      "properties": {
        "BlockNo": "5508/08"
      },
      "geometry": {
        "type": "Polygon",
        "coordinates": [
          [
            [
              8.99871,
              55.87437
            ],
            [
              8.99872,
              55.74937
            ],
            [
              8.74871,
              55.74936
            ],
            [
              8.74871,
              55.87437
            ],
            [
              8.99871,
              55.87437
            ]
          ]
        ]
      }
    },
    {
      "type": "Feature",
      "properties": {
        "BlockNo": "5509/05"
      },
      "geometry": {
        "type": "Polygon",
        "coordinates": [
          [
            [
              9.24872,
              55.74937
            ],
            [
              8.99872,
              55.74937
            ],
            [
              8.99871,
              55.87437
            ],
            [
              9.24872,
              55.87437
            ],
            [
              9.24872,
              55.74937
            ]
          ]
        ]
      }
    },
    {
      "type": "Feature",
      "properties": {
        "BlockNo": "5509/06"
      },
      "geometry": {
        "type": "Polygon",
        "coordinates": [
          [
            [
              9.49873,
              55.74937
            ],
            [
              9.24872,
              55.74937
            ],
            [
              9.24872,
              55.87437
            ],
            [
              9.49873,
              55.87438
            ],
            [
              9.49873,
              55.74937
            ]
          ]
        ]
      }
    },
    {
      "type": "Feature",
      "properties": {
        "BlockNo": "5509/07"
      },
      "geometry": {
        "type": "Polygon",
        "coordinates": [
          [
            [
              9.74874,
              55.74937
            ],
            [
              9.49873,
              55.74937
            ],
            [
              9.49873,
              55.87438
            ],
            [
              9.74873,
              55.87438
            ],
            [
              9.74874,
              55.74937
            ]
          ]
        ]
      }
    },
    {
      "type": "Feature",
      "properties": {
        "BlockNo": "5509/08"
      },
      "geometry": {
        "type": "Polygon",
        "coordinates": [
          [
            [
              9.99874,
              55.74938
            ],
            [
              9.74874,
              55.74937
            ],
            [
              9.74873,
              55.87438
            ],
            [
              9.99874,
              55.87438
            ],
            [
              9.99874,
              55.74938
            ]
          ]
        ]
      }
    },
    {
      "type": "Feature",
      "properties": {
        "BlockNo": "5510/05"
      },
      "geometry": {
        "type": "Polygon",
        "coordinates": [
          [
            [
              10.24875,
              55.74938
            ],
            [
              9.99874,
              55.74938
            ],
            [
              9.99874,
              55.87438
            ],
            [
              10.24875,
              55.87438
            ],
            [
              10.24875,
              55.74938
            ]
          ]
        ]
      }
    },
    {
      "type": "Feature",
      "properties": {
        "BlockNo": "5510/06"
      },
      "geometry": {
        "type": "Polygon",
        "coordinates": [
          [
            [
              10.49876,
              55.74938
            ],
            [
              10.24875,
              55.74938
            ],
            [
              10.24875,
              55.87438
            ],
            [
              10.49875,
              55.87439
            ],
            [
              10.49876,
              55.74938
            ]
          ]
        ]
      }
    },
    {
      "type": "Feature",
      "properties": {
        "BlockNo": "5510/07"
      },
      "geometry": {
        "type": "Polygon",
        "coordinates": [
          [
            [
              10.74876,
              55.74939
            ],
            [
              10.49876,
              55.74938
            ],
            [
              10.49875,
              55.87439
            ],
            [
              10.74876,
              55.87439
            ],
            [
              10.74876,
              55.74939
            ]
          ]
        ]
      }
    },
    {
      "type": "Feature",
      "properties": {
        "BlockNo": "5510/08"
      },
      "geometry": {
        "type": "Polygon",
        "coordinates": [
          [
            [
              10.99877,
              55.74939
            ],
            [
              10.74876,
              55.74939
            ],
            [
              10.74876,
              55.87439
            ],
            [
              10.99877,
              55.87439
            ],
            [
              10.99877,
              55.74939
            ]
          ]
        ]
      }
    },
    {
      "type": "Feature",
      "properties": {
        "BlockNo": "5511/05"
      },
      "geometry": {
        "type": "Polygon",
        "coordinates": [
          [
            [
              11.24878,
              55.74939
            ],
            [
              10.99877,
              55.74939
            ],
            [
              10.99877,
              55.87439
            ],
            [
              11.24877,
              55.8744
            ],
            [
              11.24878,
              55.74939
            ]
          ]
        ]
      }
    },
    {
      "type": "Feature",
      "properties": {
        "BlockNo": "5511/06"
      },
      "geometry": {
        "type": "Polygon",
        "coordinates": [
          [
            [
              11.49878,
              55.74939
            ],
            [
              11.24878,
              55.74939
            ],
            [
              11.24877,
              55.8744
            ],
            [
              11.49878,
              55.8744
            ],
            [
              11.49878,
              55.74939
            ]
          ]
        ]
      }
    },
    {
      "type": "Feature",
      "properties": {
        "BlockNo": "5511/07"
      },
      "geometry": {
        "type": "Polygon",
        "coordinates": [
          [
            [
              11.74879,
              55.7494
            ],
            [
              11.49878,
              55.74939
            ],
            [
              11.49878,
              55.8744
            ],
            [
              11.74879,
              55.8744
            ],
            [
              11.74879,
              55.7494
            ]
          ]
        ]
      }
    },
    {
      "type": "Feature",
      "properties": {
        "BlockNo": "5511/08"
      },
      "geometry": {
        "type": "Polygon",
        "coordinates": [
          [
            [
              11.9988,
              55.7494
            ],
            [
              11.74879,
              55.7494
            ],
            [
              11.74879,
              55.8744
            ],
            [
              11.99879,
              55.8744
            ],
            [
              11.9988,
              55.7494
            ]
          ]
        ]
      }
    },
    {
      "type": "Feature",
      "properties": {
        "BlockNo": "5512/05"
      },
      "geometry": {
        "type": "Polygon",
        "coordinates": [
          [
            [
              12.24881,
              55.7494
            ],
            [
              11.9988,
              55.7494
            ],
            [
              11.99879,
              55.8744
            ],
            [
              12.2488,
              55.87441
            ],
            [
              12.24881,
              55.7494
            ]
          ]
        ]
      }
    },
    {
      "type": "Feature",
      "properties": {
        "BlockNo": "5512/06"
      },
      "geometry": {
        "type": "Polygon",
        "coordinates": [
          [
            [
              12.49881,
              55.74941
            ],
            [
              12.24881,
              55.7494
            ],
            [
              12.2488,
              55.87441
            ],
            [
              12.49881,
              55.87441
            ],
            [
              12.49881,
              55.74941
            ]
          ]
        ]
      }
    },
    {
      "type": "Feature",
      "properties": {
        "BlockNo": "5512/07"
      },
      "geometry": {
        "type": "Polygon",
        "coordinates": [
          [
            [
              12.74882,
              55.78834
            ],
            [
              12.74882,
              55.74941
            ],
            [
              12.49881,
              55.74941
            ],
            [
              12.49881,
              55.87441
            ],
            [
              12.68729,
              55.87446
            ],
            [
              12.69212,
              55.86127
            ],
            [
              12.69534,
              55.84544
            ],
            [
              12.69942,
              55.83535
            ],
            [
              12.70737,
              55.8266
            ],
            [
              12.74882,
              55.78834
            ]
          ]
        ]
      }
    },
    {
      "type": "Feature",
      "properties": {
        "BlockNo": "5512/08"
      },
      "geometry": {
        "type": "Polygon",
        "coordinates": [
          [
            [
              12.79085,
              55.74945
            ],
            [
              12.74882,
              55.74941
            ],
            [
              12.74882,
              55.78834
            ],
            [
              12.79085,
              55.74945
            ]
          ]
        ]
      }
    },
    {
      "type": "Feature",
      "properties": {
        "BlockNo": "5503/02"
      },
      "geometry": {
        "type": "Polygon",
        "coordinates": [
          [
            [
              3.49855,
              55.99933
            ],
            [
              3.49856,
              55.89471
            ],
            [
              3.34855,
              55.9186
            ],
            [
              3.30042,
              55.99937
            ],
            [
              3.49855,
              55.99933
            ]
          ]
        ]
      }
    },
    {
      "type": "Feature",
      "properties": {
        "BlockNo": "5503/03"
      },
      "geometry": {
        "type": "Polygon",
        "coordinates": [
          [
            [
              3.74856,
              55.99933
            ],
            [
              3.74856,
              55.87433
            ],
            [
              3.62515,
              55.87439
            ],
            [
              3.49856,
              55.89471
            ],
            [
              3.49855,
              55.99933
            ],
            [
              3.74856,
              55.99933
            ]
          ]
        ]
      }
    },
    {
      "type": "Feature",
      "properties": {
        "BlockNo": "5503/04"
      },
      "geometry": {
        "type": "Polygon",
        "coordinates": [
          [
            [
              3.99856,
              55.99933
            ],
            [
              3.99857,
              55.87433
            ],
            [
              3.74856,
              55.87433
            ],
            [
              3.74856,
              55.99933
            ],
            [
              3.99856,
              55.99933
            ]
          ]
        ]
      }
    },
    {
      "type": "Feature",
      "properties": {
        "BlockNo": "5504/01"
      },
      "geometry": {
        "type": "Polygon",
        "coordinates": [
          [
            [
              4.24857,
              55.99934
            ],
            [
              4.24858,
              55.87433
            ],
            [
              3.99857,
              55.87433
            ],
            [
              3.99856,
              55.99933
            ],
            [
              4.24857,
              55.99934
            ]
          ]
        ]
      }
    },
    {
      "type": "Feature",
      "properties": {
        "BlockNo": "5504/02"
      },
      "geometry": {
        "type": "Polygon",
        "coordinates": [
          [
            [
              4.49858,
              55.99934
            ],
            [
              4.49858,
              55.87433
            ],
            [
              4.24858,
              55.87433
            ],
            [
              4.24857,
              55.99934
            ],
            [
              4.49858,
              55.99934
            ]
          ]
        ]
      }
    },
    {
      "type": "Feature",
      "properties": {
        "BlockNo": "5504/03"
      },
      "geometry": {
        "type": "Polygon",
        "coordinates": [
          [
            [
              4.74858,
              55.99934
            ],
            [
              4.74859,
              55.87434
            ],
            [
              4.49858,
              55.87433
            ],
            [
              4.49858,
              55.99934
            ],
            [
              4.74858,
              55.99934
            ]
          ]
        ]
      }
    },
    {
      "type": "Feature",
      "properties": {
        "BlockNo": "5504/04"
      },
      "geometry": {
        "type": "Polygon",
        "coordinates": [
          [
            [
              4.99859,
              55.99935
            ],
            [
              4.9986,
              55.87434
            ],
            [
              4.74859,
              55.87434
            ],
            [
              4.74858,
              55.99934
            ],
            [
              4.99859,
              55.99935
            ]
          ]
        ]
      }
    },
    {
      "type": "Feature",
      "properties": {
        "BlockNo": "5505/01"
      },
      "geometry": {
        "type": "Polygon",
        "coordinates": [
          [
            [
              5.2486,
              55.99935
            ],
            [
              5.2486,
              55.87434
            ],
            [
              4.9986,
              55.87434
            ],
            [
              4.99859,
              55.99935
            ],
            [
              5.2486,
              55.99935
            ]
          ]
        ]
      }
    },
    {
      "type": "Feature",
      "properties": {
        "BlockNo": "5505/02"
      },
      "geometry": {
        "type": "Polygon",
        "coordinates": [
          [
            [
              5.4986,
              55.99935
            ],
            [
              5.49861,
              55.87435
            ],
            [
              5.2486,
              55.87434
            ],
            [
              5.2486,
              55.99935
            ],
            [
              5.4986,
              55.99935
            ]
          ]
        ]
      }
    },
    {
      "type": "Feature",
      "properties": {
        "BlockNo": "5505/03"
      },
      "geometry": {
        "type": "Polygon",
        "coordinates": [
          [
            [
              5.74861,
              55.99935
            ],
            [
              5.74862,
              55.87435
            ],
            [
              5.49861,
              55.87435
            ],
            [
              5.4986,
              55.99935
            ],
            [
              5.74861,
              55.99935
            ]
          ]
        ]
      }
    },
    {
      "type": "Feature",
      "properties": {
        "BlockNo": "5505/04"
      },
      "geometry": {
        "type": "Polygon",
        "coordinates": [
          [
            [
              5.99862,
              55.99936
            ],
            [
              5.99862,
              55.87435
            ],
            [
              5.74862,
              55.87435
            ],
            [
              5.74861,
              55.99935
            ],
            [
              5.99862,
              55.99936
            ]
          ]
        ]
      }
    },
    {
      "type": "Feature",
      "properties": {
        "BlockNo": "5506/01"
      },
      "geometry": {
        "type": "Polygon",
        "coordinates": [
          [
            [
              6.24862,
              55.99936
            ],
            [
              6.24863,
              55.87435
            ],
            [
              5.99862,
              55.87435
            ],
            [
              5.99862,
              55.99936
            ],
            [
              6.24862,
              55.99936
            ]
          ]
        ]
      }
    },
    {
      "type": "Feature",
      "properties": {
        "BlockNo": "5506/02"
      },
      "geometry": {
        "type": "Polygon",
        "coordinates": [
          [
            [
              6.49863,
              55.99936
            ],
            [
              6.49864,
              55.87436
            ],
            [
              6.24863,
              55.87435
            ],
            [
              6.24862,
              55.99936
            ],
            [
              6.49863,
              55.99936
            ]
          ]
        ]
      }
    },
    {
      "type": "Feature",
      "properties": {
        "BlockNo": "5506/03"
      },
      "geometry": {
        "type": "Polygon",
        "coordinates": [
          [
            [
              6.74864,
              55.99936
            ],
            [
              6.74864,
              55.87436
            ],
            [
              6.49864,
              55.87436
            ],
            [
              6.49863,
              55.99936
            ],
            [
              6.74864,
              55.99936
            ]
          ]
        ]
      }
    },
    {
      "type": "Feature",
      "properties": {
        "BlockNo": "5506/04"
      },
      "geometry": {
        "type": "Polygon",
        "coordinates": [
          [
            [
              6.99864,
              55.99937
            ],
            [
              6.99865,
              55.87436
            ],
            [
              6.74864,
              55.87436
            ],
            [
              6.74864,
              55.99936
            ],
            [
              6.99864,
              55.99937
            ]
          ]
        ]
      }
    },
    {
      "type": "Feature",
      "properties": {
        "BlockNo": "5507/01"
      },
      "geometry": {
        "type": "Polygon",
        "coordinates": [
          [
            [
              7.24865,
              55.99937
            ],
            [
              7.24866,
              55.87437
            ],
            [
              6.99865,
              55.87436
            ],
            [
              6.99864,
              55.99937
            ],
            [
              7.24865,
              55.99937
            ]
          ]
        ]
      }
    },
    {
      "type": "Feature",
      "properties": {
        "BlockNo": "5507/02"
      },
      "geometry": {
        "type": "Polygon",
        "coordinates": [
          [
            [
              7.49866,
              55.99937
            ],
            [
              7.49866,
              55.87437
            ],
            [
              7.24866,
              55.87437
            ],
            [
              7.24865,
              55.99937
            ],
            [
              7.49866,
              55.99937
            ]
          ]
        ]
      }
    },
    {
      "type": "Feature",
      "properties": {
        "BlockNo": "5507/03"
      },
      "geometry": {
        "type": "Polygon",
        "coordinates": [
          [
            [
              7.74867,
              55.99938
            ],
            [
              7.74867,
              55.87437
            ],
            [
              7.49866,
              55.87437
            ],
            [
              7.49866,
              55.99937
            ],
            [
              7.74867,
              55.99938
            ]
          ]
        ]
      }
    },
    {
      "type": "Feature",
      "properties": {
        "BlockNo": "5507/04"
      },
      "geometry": {
        "type": "Polygon",
        "coordinates": [
          [
            [
              7.99868,
              55.99936
            ],
            [
              7.99869,
              55.87436
            ],
            [
              7.74867,
              55.87437
            ],
            [
              7.74867,
              55.99938
            ],
            [
              7.99868,
              55.99936
            ]
          ]
        ]
      }
    },
    {
      "type": "Feature",
      "properties": {
        "BlockNo": "5508/01"
      },
      "geometry": {
        "type": "Polygon",
        "coordinates": [
          [
            [
              8.24869,
              55.99936
            ],
            [
              8.24869,
              55.87436
            ],
            [
              7.99869,
              55.87436
            ],
            [
              7.99868,
              55.99936
            ],
            [
              8.24869,
              55.99936
            ]
          ]
        ]
      }
    },
    {
      "type": "Feature",
      "properties": {
        "BlockNo": "5508/02"
      },
      "geometry": {
        "type": "Polygon",
        "coordinates": [
          [
            [
              8.49869,
              55.99937
            ],
            [
              8.4987,
              55.87436
            ],
            [
              8.24869,
              55.87436
            ],
            [
              8.24869,
              55.99936
            ],
            [
              8.49869,
              55.99937
            ]
          ]
        ]
      }
    },
    {
      "type": "Feature",
      "properties": {
        "BlockNo": "5508/03"
      },
      "geometry": {
        "type": "Polygon",
        "coordinates": [
          [
            [
              8.7487,
              55.99937
            ],
            [
              8.74871,
              55.87437
            ],
            [
              8.4987,
              55.87436
            ],
            [
              8.49869,
              55.99937
            ],
            [
              8.7487,
              55.99937
            ]
          ]
        ]
      }
    },
    {
      "type": "Feature",
      "properties": {
        "BlockNo": "5508/04"
      },
      "geometry": {
        "type": "Polygon",
        "coordinates": [
          [
            [
              8.99871,
              55.99937
            ],
            [
              8.99871,
              55.87437
            ],
            [
              8.74871,
              55.87437
            ],
            [
              8.7487,
              55.99937
            ],
            [
              8.99871,
              55.99937
            ]
          ]
        ]
      }
    },
    {
      "type": "Feature",
      "properties": {
        "BlockNo": "5509/01"
      },
      "geometry": {
        "type": "Polygon",
        "coordinates": [
          [
            [
              9.24872,
              55.87437
            ],
            [
              8.99871,
              55.87437
            ],
            [
              8.99871,
              55.99937
            ],
            [
              9.24871,
              55.99938
            ],
            [
              9.24872,
              55.87437
            ]
          ]
        ]
      }
    },
    {
      "type": "Feature",
      "properties": {
        "BlockNo": "5509/02"
      },
      "geometry": {
        "type": "Polygon",
        "coordinates": [
          [
            [
              9.49873,
              55.87438
            ],
            [
              9.24872,
              55.87437
            ],
            [
              9.24871,
              55.99938
            ],
            [
              9.49872,
              55.99938
            ],
            [
              9.49873,
              55.87438
            ]
          ]
        ]
      }
    },
    {
      "type": "Feature",
      "properties": {
        "BlockNo": "5509/03"
      },
      "geometry": {
        "type": "Polygon",
        "coordinates": [
          [
            [
              9.74873,
              55.87438
            ],
            [
              9.49873,
              55.87438
            ],
            [
              9.49872,
              55.99938
            ],
            [
              9.74873,
              55.99938
            ],
            [
              9.74873,
              55.87438
            ]
          ]
        ]
      }
    },
    {
      "type": "Feature",
      "properties": {
        "BlockNo": "5509/04"
      },
      "geometry": {
        "type": "Polygon",
        "coordinates": [
          [
            [
              9.99874,
              55.87438
            ],
            [
              9.74873,
              55.87438
            ],
            [
              9.74873,
              55.99938
            ],
            [
              9.99873,
              55.99939
            ],
            [
              9.99874,
              55.87438
            ]
          ]
        ]
      }
    },
    {
      "type": "Feature",
      "properties": {
        "BlockNo": "5510/01"
      },
      "geometry": {
        "type": "Polygon",
        "coordinates": [
          [
            [
              10.24875,
              55.87438
            ],
            [
              9.99874,
              55.87438
            ],
            [
              9.99873,
              55.99939
            ],
            [
              10.24874,
              55.99939
            ],
            [
              10.24875,
              55.87438
            ]
          ]
        ]
      }
    },
    {
      "type": "Feature",
      "properties": {
        "BlockNo": "5510/02"
      },
      "geometry": {
        "type": "Polygon",
        "coordinates": [
          [
            [
              10.49875,
              55.87439
            ],
            [
              10.24875,
              55.87438
            ],
            [
              10.24874,
              55.99939
            ],
            [
              10.49875,
              55.99939
            ],
            [
              10.49875,
              55.87439
            ]
          ]
        ]
      }
    },
    {
      "type": "Feature",
      "properties": {
        "BlockNo": "5510/03"
      },
      "geometry": {
        "type": "Polygon",
        "coordinates": [
          [
            [
              10.74876,
              55.87439
            ],
            [
              10.49875,
              55.87439
            ],
            [
              10.49875,
              55.99939
            ],
            [
              10.74875,
              55.99939
            ],
            [
              10.74876,
              55.87439
            ]
          ]
        ]
      }
    },
    {
      "type": "Feature",
      "properties": {
        "BlockNo": "5510/04"
      },
      "geometry": {
        "type": "Polygon",
        "coordinates": [
          [
            [
              10.99877,
              55.87439
            ],
            [
              10.74876,
              55.87439
            ],
            [
              10.74875,
              55.99939
            ],
            [
              10.99876,
              55.9994
            ],
            [
              10.99877,
              55.87439
            ]
          ]
        ]
      }
    },
    {
      "type": "Feature",
      "properties": {
        "BlockNo": "5511/01"
      },
      "geometry": {
        "type": "Polygon",
        "coordinates": [
          [
            [
              11.24877,
              55.8744
            ],
            [
              10.99877,
              55.87439
            ],
            [
              10.99876,
              55.9994
            ],
            [
              11.24877,
              55.9994
            ],
            [
              11.24877,
              55.8744
            ]
          ]
        ]
      }
    },
    {
      "type": "Feature",
      "properties": {
        "BlockNo": "5511/02"
      },
      "geometry": {
        "type": "Polygon",
        "coordinates": [
          [
            [
              11.49878,
              55.8744
            ],
            [
              11.24877,
              55.8744
            ],
            [
              11.24877,
              55.9994
            ],
            [
              11.49878,
              55.9994
            ],
            [
              11.49878,
              55.8744
            ]
          ]
        ]
      }
    },
    {
      "type": "Feature",
      "properties": {
        "BlockNo": "5511/03"
      },
      "geometry": {
        "type": "Polygon",
        "coordinates": [
          [
            [
              11.74879,
              55.8744
            ],
            [
              11.49878,
              55.8744
            ],
            [
              11.49878,
              55.9994
            ],
            [
              11.74878,
              55.99941
            ],
            [
              11.74879,
              55.8744
            ]
          ]
        ]
      }
    },
    {
      "type": "Feature",
      "properties": {
        "BlockNo": "5511/04"
      },
      "geometry": {
        "type": "Polygon",
        "coordinates": [
          [
            [
              11.99879,
              55.8744
            ],
            [
              11.74879,
              55.8744
            ],
            [
              11.74878,
              55.99941
            ],
            [
              11.99879,
              55.99941
            ],
            [
              11.99879,
              55.8744
            ]
          ]
        ]
      }
    },
    {
      "type": "Feature",
      "properties": {
        "BlockNo": "5512/01"
      },
      "geometry": {
        "type": "Polygon",
        "coordinates": [
          [
            [
              12.2488,
              55.87441
            ],
            [
              11.99879,
              55.8744
            ],
            [
              11.99879,
              55.99941
            ],
            [
              12.2488,
              55.99941
            ],
            [
              12.2488,
              55.87441
            ]
          ]
        ]
      }
    },
    {
      "type": "Feature",
      "properties": {
        "BlockNo": "5512/02"
      },
      "geometry": {
        "type": "Polygon",
        "coordinates": [
          [
            [
              12.49881,
              55.87441
            ],
            [
              12.2488,
              55.87441
            ],
            [
              12.2488,
              55.99941
            ],
            [
              12.4988,
              55.99941
            ],
            [
              12.49881,
              55.87441
            ]
          ]
        ]
      }
    },
    {
      "type": "Feature",
      "properties": {
        "BlockNo": "5512/03"
      },
      "geometry": {
        "type": "Polygon",
        "coordinates": [
          [
            [
              12.68729,
              55.87446
            ],
            [
              12.49881,
              55.87441
            ],
            [
              12.4988,
              55.99941
            ],
            [
              12.65225,
              55.99948
            ],
            [
              12.65089,
              55.96219
            ],
            [
              12.64736,
              55.94569
            ],
            [
              12.64639,
              55.9273
            ],
            [
              12.64831,
              55.92297
            ],
            [
              12.6602,
              55.90999
            ],
            [
              12.674,
              55.89747
            ],
            [
              12.68729,
              55.87446
            ]
          ]
        ]
      }
    },
    {
      "type": "Feature",
      "properties": {
        "BlockNo": "5603/29"
      },
      "geometry": {
        "type": "Polygon",
        "coordinates": [
          [
            [
              3.24854,
              56.08598
            ],
            [
              3.24854,
              56.08599
            ],
            [
              3.24854,
              56.08599
            ],
            [
              3.24854,
              56.08598
            ]
          ]
        ]
      }
    },
    {
      "type": "Feature",
      "properties": {
        "BlockNo": "5603/30"
      },
      "geometry": {
        "type": "Polygon",
        "coordinates": [
          [
            [
              3.49855,
              56.12433
            ],
            [
              3.49855,
              55.99933
            ],
            [
              3.30042,
              55.99937
            ],
            [
              3.24854,
              56.08599
            ],
            [
              3.37947,
              56.12439
            ],
            [
              3.49855,
              56.12433
            ]
          ]
        ]
      }
    },
    {
      "type": "Feature",
      "properties": {
        "BlockNo": "5603/31"
      },
      "geometry": {
        "type": "Polygon",
        "coordinates": [
          [
            [
              3.74855,
              56.12433
            ],
            [
              3.74856,
              55.99933
            ],
            [
              3.49855,
              55.99933
            ],
            [
              3.49855,
              56.12433
            ],
            [
              3.74855,
              56.12433
            ]
          ]
        ]
      }
    },
    {
      "type": "Feature",
      "properties": {
        "BlockNo": "5603/32"
      },
      "geometry": {
        "type": "Polygon",
        "coordinates": [
          [
            [
              3.99856,
              56.12434
            ],
            [
              3.99856,
              55.99933
            ],
            [
              3.74856,
              55.99933
            ],
            [
              3.74855,
              56.12433
            ],
            [
              3.99856,
              56.12434
            ]
          ]
        ]
      }
    },
    {
      "type": "Feature",
      "properties": {
        "BlockNo": "5604/29"
      },
      "geometry": {
        "type": "Polygon",
        "coordinates": [
          [
            [
              4.24857,
              56.12434
            ],
            [
              4.24857,
              55.99934
            ],
            [
              3.99856,
              55.99933
            ],
            [
              3.99856,
              56.12434
            ],
            [
              4.24857,
              56.12434
            ]
          ]
        ]
      }
    },
    {
      "type": "Feature",
      "properties": {
        "BlockNo": "5604/30"
      },
      "geometry": {
        "type": "Polygon",
        "coordinates": [
          [
            [
              4.49857,
              56.12434
            ],
            [
              4.49858,
              55.99934
            ],
            [
              4.24857,
              55.99934
            ],
            [
              4.24857,
              56.12434
            ],
            [
              4.49857,
              56.12434
            ]
          ]
        ]
      }
    },
    {
      "type": "Feature",
      "properties": {
        "BlockNo": "5604/31"
      },
      "geometry": {
        "type": "Polygon",
        "coordinates": [
          [
            [
              4.74858,
              56.12435
            ],
            [
              4.74858,
              55.99934
            ],
            [
              4.49858,
              55.99934
            ],
            [
              4.49857,
              56.12434
            ],
            [
              4.74858,
              56.12435
            ]
          ]
        ]
      }
    },
    {
      "type": "Feature",
      "properties": {
        "BlockNo": "5604/32"
      },
      "geometry": {
        "type": "Polygon",
        "coordinates": [
          [
            [
              4.99859,
              56.12435
            ],
            [
              4.99859,
              55.99935
            ],
            [
              4.74858,
              55.99934
            ],
            [
              4.74858,
              56.12435
            ],
            [
              4.99859,
              56.12435
            ]
          ]
        ]
      }
    },
    {
      "type": "Feature",
      "properties": {
        "BlockNo": "5605/29"
      },
      "geometry": {
        "type": "Polygon",
        "coordinates": [
          [
            [
              5.24859,
              56.12435
            ],
            [
              5.2486,
              55.99935
            ],
            [
              4.99859,
              55.99935
            ],
            [
              4.99859,
              56.12435
            ],
            [
              5.24859,
              56.12435
            ]
          ]
        ]
      }
    },
    {
      "type": "Feature",
      "properties": {
        "BlockNo": "5605/30"
      },
      "geometry": {
        "type": "Polygon",
        "coordinates": [
          [
            [
              5.4986,
              56.12436
            ],
            [
              5.4986,
              55.99935
            ],
            [
              5.2486,
              55.99935
            ],
            [
              5.24859,
              56.12435
            ],
            [
              5.4986,
              56.12436
            ]
          ]
        ]
      }
    },
    {
      "type": "Feature",
      "properties": {
        "BlockNo": "5605/31"
      },
      "geometry": {
        "type": "Polygon",
        "coordinates": [
          [
            [
              5.74861,
              56.12436
            ],
            [
              5.74861,
              55.99935
            ],
            [
              5.4986,
              55.99935
            ],
            [
              5.4986,
              56.12436
            ],
            [
              5.74861,
              56.12436
            ]
          ]
        ]
      }
    },
    {
      "type": "Feature",
      "properties": {
        "BlockNo": "5605/32"
      },
      "geometry": {
        "type": "Polygon",
        "coordinates": [
          [
            [
              5.99861,
              56.12436
            ],
            [
              5.99862,
              55.99936
            ],
            [
              5.74861,
              55.99935
            ],
            [
              5.74861,
              56.12436
            ],
            [
              5.99861,
              56.12436
            ]
          ]
        ]
      }
    },
    {
      "type": "Feature",
      "properties": {
        "BlockNo": "5606/29"
      },
      "geometry": {
        "type": "Polygon",
        "coordinates": [
          [
            [
              6.24862,
              56.12436
            ],
            [
              6.24862,
              55.99936
            ],
            [
              5.99862,
              55.99936
            ],
            [
              5.99861,
              56.12436
            ],
            [
              6.24862,
              56.12436
            ]
          ]
        ]
      }
    },
    {
      "type": "Feature",
      "properties": {
        "BlockNo": "5606/30"
      },
      "geometry": {
        "type": "Polygon",
        "coordinates": [
          [
            [
              6.49863,
              56.12437
            ],
            [
              6.49863,
              55.99936
            ],
            [
              6.24862,
              55.99936
            ],
            [
              6.24862,
              56.12436
            ],
            [
              6.49863,
              56.12437
            ]
          ]
        ]
      }
    },
    {
      "type": "Feature",
      "properties": {
        "BlockNo": "5606/31"
      },
      "geometry": {
        "type": "Polygon",
        "coordinates": [
          [
            [
              6.74863,
              56.12437
            ],
            [
              6.74864,
              55.99936
            ],
            [
              6.49863,
              55.99936
            ],
            [
              6.49863,
              56.12437
            ],
            [
              6.74863,
              56.12437
            ]
          ]
        ]
      }
    },
    {
      "type": "Feature",
      "properties": {
        "BlockNo": "5606/32"
      },
      "geometry": {
        "type": "Polygon",
        "coordinates": [
          [
            [
              6.99864,
              56.12437
            ],
            [
              6.99864,
              55.99937
            ],
            [
              6.74864,
              55.99936
            ],
            [
              6.74863,
              56.12437
            ],
            [
              6.99864,
              56.12437
            ]
          ]
        ]
      }
    },
    {
      "type": "Feature",
      "properties": {
        "BlockNo": "5607/29"
      },
      "geometry": {
        "type": "Polygon",
        "coordinates": [
          [
            [
              7.24865,
              56.12437
            ],
            [
              7.24865,
              55.99937
            ],
            [
              6.99864,
              55.99937
            ],
            [
              6.99864,
              56.12437
            ],
            [
              7.24865,
              56.12437
            ]
          ]
        ]
      }
    },
    {
      "type": "Feature",
      "properties": {
        "BlockNo": "5607/30"
      },
      "geometry": {
        "type": "Polygon",
        "coordinates": [
          [
            [
              7.49865,
              56.12438
            ],
            [
              7.49866,
              55.99937
            ],
            [
              7.24865,
              55.99937
            ],
            [
              7.24865,
              56.12437
            ],
            [
              7.49865,
              56.12438
            ]
          ]
        ]
      }
    },
    {
      "type": "Feature",
      "properties": {
        "BlockNo": "5607/31"
      },
      "geometry": {
        "type": "Polygon",
        "coordinates": [
          [
            [
              7.74866,
              56.12438
            ],
            [
              7.74867,
              55.99938
            ],
            [
              7.49866,
              55.99937
            ],
            [
              7.49865,
              56.12438
            ],
            [
              7.74866,
              56.12438
            ]
          ]
        ]
      }
    },
    {
      "type": "Feature",
      "properties": {
        "BlockNo": "5607/32"
      },
      "geometry": {
        "type": "Polygon",
        "coordinates": [
          [
            [
              7.99868,
              56.12437
            ],
            [
              7.99868,
              55.99936
            ],
            [
              7.74867,
              55.99938
            ],
            [
              7.74866,
              56.12438
            ],
            [
              7.99868,
              56.12437
            ]
          ]
        ]
      }
    },
    {
      "type": "Feature",
      "properties": {
        "BlockNo": "5608/29"
      },
      "geometry": {
        "type": "Polygon",
        "coordinates": [
          [
            [
              8.24868,
              56.12437
            ],
            [
              8.24869,
              55.99936
            ],
            [
              7.99868,
              55.99936
            ],
            [
              7.99868,
              56.12437
            ],
            [
              8.24868,
              56.12437
            ]
          ]
        ]
      }
    },
    {
      "type": "Feature",
      "properties": {
        "BlockNo": "5608/30"
      },
      "geometry": {
        "type": "Polygon",
        "coordinates": [
          [
            [
              8.49869,
              56.12437
            ],
            [
              8.49869,
              55.99937
            ],
            [
              8.24869,
              55.99936
            ],
            [
              8.24868,
              56.12437
            ],
            [
              8.49869,
              56.12437
            ]
          ]
        ]
      }
    },
    {
      "type": "Feature",
      "properties": {
        "BlockNo": "5608/31"
      },
      "geometry": {
        "type": "Polygon",
        "coordinates": [
          [
            [
              8.7487,
              56.12437
            ],
            [
              8.7487,
              55.99937
            ],
            [
              8.49869,
              55.99937
            ],
            [
              8.49869,
              56.12437
            ],
            [
              8.7487,
              56.12437
            ]
          ]
        ]
      }
    },
    {
      "type": "Feature",
      "properties": {
        "BlockNo": "5608/32"
      },
      "geometry": {
        "type": "Polygon",
        "coordinates": [
          [
            [
              8.9987,
              56.12438
            ],
            [
              8.99871,
              55.99937
            ],
            [
              8.7487,
              55.99937
            ],
            [
              8.7487,
              56.12437
            ],
            [
              8.9987,
              56.12438
            ]
          ]
        ]
      }
    },
    {
      "type": "Feature",
      "properties": {
        "BlockNo": "5609/29"
      },
      "geometry": {
        "type": "Polygon",
        "coordinates": [
          [
            [
              9.24871,
              55.99938
            ],
            [
              8.99871,
              55.99937
            ],
            [
              8.9987,
              56.12438
            ],
            [
              9.24871,
              56.12438
            ],
            [
              9.24871,
              55.99938
            ]
          ]
        ]
      }
    },
    {
      "type": "Feature",
      "properties": {
        "BlockNo": "5609/30"
      },
      "geometry": {
        "type": "Polygon",
        "coordinates": [
          [
            [
              9.49872,
              55.99938
            ],
            [
              9.24871,
              55.99938
            ],
            [
              9.24871,
              56.12438
            ],
            [
              9.49872,
              56.12438
            ],
            [
              9.49872,
              55.99938
            ]
          ]
        ]
      }
    },
    {
      "type": "Feature",
      "properties": {
        "BlockNo": "5609/31"
      },
      "geometry": {
        "type": "Polygon",
        "coordinates": [
          [
            [
              9.74873,
              55.99938
            ],
            [
              9.49872,
              55.99938
            ],
            [
              9.49872,
              56.12438
            ],
            [
              9.74872,
              56.12439
            ],
            [
              9.74873,
              55.99938
            ]
          ]
        ]
      }
    },
    {
      "type": "Feature",
      "properties": {
        "BlockNo": "5609/32"
      },
      "geometry": {
        "type": "Polygon",
        "coordinates": [
          [
            [
              9.99873,
              55.99939
            ],
            [
              9.74873,
              55.99938
            ],
            [
              9.74872,
              56.12439
            ],
            [
              9.99873,
              56.12439
            ],
            [
              9.99873,
              55.99939
            ]
          ]
        ]
      }
    },
    {
      "type": "Feature",
      "properties": {
        "BlockNo": "5610/29"
      },
      "geometry": {
        "type": "Polygon",
        "coordinates": [
          [
            [
              10.24874,
              55.99939
            ],
            [
              9.99873,
              55.99939
            ],
            [
              9.99873,
              56.12439
            ],
            [
              10.24874,
              56.12439
            ],
            [
              10.24874,
              55.99939
            ]
          ]
        ]
      }
    },
    {
      "type": "Feature",
      "properties": {
        "BlockNo": "5610/30"
      },
      "geometry": {
        "type": "Polygon",
        "coordinates": [
          [
            [
              10.49875,
              55.99939
            ],
            [
              10.24874,
              55.99939
            ],
            [
              10.24874,
              56.12439
            ],
            [
              10.49874,
              56.1244
            ],
            [
              10.49875,
              55.99939
            ]
          ]
        ]
      }
    },
    {
      "type": "Feature",
      "properties": {
        "BlockNo": "5610/31"
      },
      "geometry": {
        "type": "Polygon",
        "coordinates": [
          [
            [
              10.74875,
              55.99939
            ],
            [
              10.49875,
              55.99939
            ],
            [
              10.49874,
              56.1244
            ],
            [
              10.74875,
              56.1244
            ],
            [
              10.74875,
              55.99939
            ]
          ]
        ]
      }
    },
    {
      "type": "Feature",
      "properties": {
        "BlockNo": "5610/32"
      },
      "geometry": {
        "type": "Polygon",
        "coordinates": [
          [
            [
              10.99876,
              55.9994
            ],
            [
              10.74875,
              55.99939
            ],
            [
              10.74875,
              56.1244
            ],
            [
              10.99876,
              56.1244
            ],
            [
              10.99876,
              55.9994
            ]
          ]
        ]
      }
    },
    {
      "type": "Feature",
      "properties": {
        "BlockNo": "5611/29"
      },
      "geometry": {
        "type": "Polygon",
        "coordinates": [
          [
            [
              11.24877,
              55.9994
            ],
            [
              10.99876,
              55.9994
            ],
            [
              10.99876,
              56.1244
            ],
            [
              11.24876,
              56.1244
            ],
            [
              11.24877,
              55.9994
            ]
          ]
        ]
      }
    },
    {
      "type": "Feature",
      "properties": {
        "BlockNo": "5611/30"
      },
      "geometry": {
        "type": "Polygon",
        "coordinates": [
          [
            [
              11.49878,
              55.9994
            ],
            [
              11.24877,
              55.9994
            ],
            [
              11.24876,
              56.1244
            ],
            [
              11.49877,
              56.12441
            ],
            [
              11.49878,
              55.9994
            ]
          ]
        ]
      }
    },
    {
      "type": "Feature",
      "properties": {
        "BlockNo": "5611/31"
      },
      "geometry": {
        "type": "Polygon",
        "coordinates": [
          [
            [
              11.74878,
              55.99941
            ],
            [
              11.49878,
              55.9994
            ],
            [
              11.49877,
              56.12441
            ],
            [
              11.74878,
              56.12441
            ],
            [
              11.74878,
              55.99941
            ]
          ]
        ]
      }
    },
    {
      "type": "Feature",
      "properties": {
        "BlockNo": "5611/32"
      },
      "geometry": {
        "type": "Polygon",
        "coordinates": [
          [
            [
              11.99879,
              55.99941
            ],
            [
              11.74878,
              55.99941
            ],
            [
              11.74878,
              56.12441
            ],
            [
              11.99878,
              56.12441
            ],
            [
              11.99879,
              55.99941
            ]
          ]
        ]
      }
    },
    {
      "type": "Feature",
      "properties": {
        "BlockNo": "5612/29"
      },
      "geometry": {
        "type": "Polygon",
        "coordinates": [
          [
            [
              12.2488,
              55.99941
            ],
            [
              11.99879,
              55.99941
            ],
            [
              11.99878,
              56.12441
            ],
            [
              12.24879,
              56.12442
            ],
            [
              12.2488,
              55.99941
            ]
          ]
        ]
      }
    },
    {
      "type": "Feature",
      "properties": {
        "BlockNo": "5612/30"
      },
      "geometry": {
        "type": "Polygon",
        "coordinates": [
          [
            [
              12.4988,
              55.99941
            ],
            [
              12.2488,
              55.99941
            ],
            [
              12.24879,
              56.12442
            ],
            [
              12.4988,
              56.12442
            ],
            [
              12.4988,
              55.99941
            ]
          ]
        ]
      }
    },
    {
      "type": "Feature",
      "properties": {
        "BlockNo": "5612/31"
      },
      "geometry": {
        "type": "Polygon",
        "coordinates": [
          [
            [
              12.65225,
              55.99948
            ],
            [
              12.4988,
              55.99941
            ],
            [
              12.4988,
              56.12442
            ],
            [
              12.51991,
              56.12444
            ],
            [
              12.53224,
              56.11895
            ],
            [
              12.56847,
              56.10067
            ],
            [
              12.62275,
              56.06789
            ],
            [
              12.64225,
              56.05742
            ],
            [
              12.65139,
              56.04856
            ],
            [
              12.65628,
              56.03969
            ],
            [
              12.65614,
              56.02297
            ],
            [
              12.65225,
              55.99948
            ]
          ]
        ]
      }
    },
    {
      "type": "Feature",
      "properties": {
        "BlockNo": "5603/26"
      },
      "geometry": {
        "type": "Polygon",
        "coordinates": [
          [
            [
              3.49855,
              56.12433
            ],
            [
              3.37947,
              56.12439
            ],
            [
              3.49855,
              56.15913
            ],
            [
              3.49855,
              56.12433
            ]
          ]
        ]
      }
    },
    {
      "type": "Feature",
      "properties": {
        "BlockNo": "5603/27"
      },
      "geometry": {
        "type": "Polygon",
        "coordinates": [
          [
            [
              3.74855,
              56.12433
            ],
            [
              3.49855,
              56.12433
            ],
            [
              3.49855,
              56.15913
            ],
            [
              3.74855,
              56.2315
            ],
            [
              3.74855,
              56.12433
            ]
          ]
        ]
      }
    },
    {
      "type": "Feature",
      "properties": {
        "BlockNo": "5603/28"
      },
      "geometry": {
        "type": "Polygon",
        "coordinates": [
          [
            [
              3.99855,
              56.24934
            ],
            [
              3.99856,
              56.12434
            ],
            [
              3.74855,
              56.12433
            ],
            [
              3.74855,
              56.2315
            ],
            [
              3.81075,
              56.24939
            ],
            [
              3.99855,
              56.24934
            ]
          ]
        ]
      }
    },
    {
      "type": "Feature",
      "properties": {
        "BlockNo": "5604/25"
      },
      "geometry": {
        "type": "Polygon",
        "coordinates": [
          [
            [
              4.24856,
              56.24935
            ],
            [
              4.24857,
              56.12434
            ],
            [
              3.99856,
              56.12434
            ],
            [
              3.99855,
              56.24934
            ],
            [
              4.24856,
              56.24935
            ]
          ]
        ]
      }
    },
    {
      "type": "Feature",
      "properties": {
        "BlockNo": "5604/26"
      },
      "geometry": {
        "type": "Polygon",
        "coordinates": [
          [
            [
              4.49857,
              56.24935
            ],
            [
              4.49857,
              56.12434
            ],
            [
              4.24857,
              56.12434
            ],
            [
              4.24856,
              56.24935
            ],
            [
              4.49857,
              56.24935
            ]
          ]
        ]
      }
    },
    {
      "type": "Feature",
      "properties": {
        "BlockNo": "5604/27"
      },
      "geometry": {
        "type": "Polygon",
        "coordinates": [
          [
            [
              4.74857,
              56.24935
            ],
            [
              4.74858,
              56.12435
            ],
            [
              4.49857,
              56.12434
            ],
            [
              4.49857,
              56.24935
            ],
            [
              4.74857,
              56.24935
            ]
          ]
        ]
      }
    },
    {
      "type": "Feature",
      "properties": {
        "BlockNo": "5604/28"
      },
      "geometry": {
        "type": "Polygon",
        "coordinates": [
          [
            [
              4.99858,
              56.24935
            ],
            [
              4.99859,
              56.12435
            ],
            [
              4.74858,
              56.12435
            ],
            [
              4.74857,
              56.24935
            ],
            [
              4.99858,
              56.24935
            ]
          ]
        ]
      }
    },
    {
      "type": "Feature",
      "properties": {
        "BlockNo": "5605/25"
      },
      "geometry": {
        "type": "Polygon",
        "coordinates": [
          [
            [
              5.24859,
              56.24936
            ],
            [
              5.24859,
              56.12435
            ],
            [
              4.99859,
              56.12435
            ],
            [
              4.99858,
              56.24935
            ],
            [
              5.24859,
              56.24936
            ]
          ]
        ]
      }
    },
    {
      "type": "Feature",
      "properties": {
        "BlockNo": "5605/26"
      },
      "geometry": {
        "type": "Polygon",
        "coordinates": [
          [
            [
              5.49859,
              56.24936
            ],
            [
              5.4986,
              56.12436
            ],
            [
              5.24859,
              56.12435
            ],
            [
              5.24859,
              56.24936
            ],
            [
              5.49859,
              56.24936
            ]
          ]
        ]
      }
    },
    {
      "type": "Feature",
      "properties": {
        "BlockNo": "5605/27"
      },
      "geometry": {
        "type": "Polygon",
        "coordinates": [
          [
            [
              5.7486,
              56.24936
            ],
            [
              5.74861,
              56.12436
            ],
            [
              5.4986,
              56.12436
            ],
            [
              5.49859,
              56.24936
            ],
            [
              5.7486,
              56.24936
            ]
          ]
        ]
      }
    },
    {
      "type": "Feature",
      "properties": {
        "BlockNo": "5605/28"
      },
      "geometry": {
        "type": "Polygon",
        "coordinates": [
          [
            [
              5.99861,
              56.24937
            ],
            [
              5.99861,
              56.12436
            ],
            [
              5.74861,
              56.12436
            ],
            [
              5.7486,
              56.24936
            ],
            [
              5.99861,
              56.24937
            ]
          ]
        ]
      }
    },
    {
      "type": "Feature",
      "properties": {
        "BlockNo": "5606/25"
      },
      "geometry": {
        "type": "Polygon",
        "coordinates": [
          [
            [
              6.24862,
              56.24937
            ],
            [
              6.24862,
              56.12436
            ],
            [
              5.99861,
              56.12436
            ],
            [
              5.99861,
              56.24937
            ],
            [
              6.24862,
              56.24937
            ]
          ]
        ]
      }
    },
    {
      "type": "Feature",
      "properties": {
        "BlockNo": "5606/26"
      },
      "geometry": {
        "type": "Polygon",
        "coordinates": [
          [
            [
              6.49862,
              56.24937
            ],
            [
              6.49863,
              56.12437
            ],
            [
              6.24862,
              56.12436
            ],
            [
              6.24862,
              56.24937
            ],
            [
              6.49862,
              56.24937
            ]
          ]
        ]
      }
    },
    {
      "type": "Feature",
      "properties": {
        "BlockNo": "5606/27"
      },
      "geometry": {
        "type": "Polygon",
        "coordinates": [
          [
            [
              6.74863,
              56.24937
            ],
            [
              6.74863,
              56.12437
            ],
            [
              6.49863,
              56.12437
            ],
            [
              6.49862,
              56.24937
            ],
            [
              6.74863,
              56.24937
            ]
          ]
        ]
      }
    },
    {
      "type": "Feature",
      "properties": {
        "BlockNo": "5606/28"
      },
      "geometry": {
        "type": "Polygon",
        "coordinates": [
          [
            [
              6.99864,
              56.24938
            ],
            [
              6.99864,
              56.12437
            ],
            [
              6.74863,
              56.12437
            ],
            [
              6.74863,
              56.24937
            ],
            [
              6.99864,
              56.24938
            ]
          ]
        ]
      }
    },
    {
      "type": "Feature",
      "properties": {
        "BlockNo": "5607/25"
      },
      "geometry": {
        "type": "Polygon",
        "coordinates": [
          [
            [
              7.24864,
              56.24938
            ],
            [
              7.24865,
              56.12437
            ],
            [
              6.99864,
              56.12437
            ],
            [
              6.99864,
              56.24938
            ],
            [
              7.24864,
              56.24938
            ]
          ]
        ]
      }
    },
    {
      "type": "Feature",
      "properties": {
        "BlockNo": "5607/26"
      },
      "geometry": {
        "type": "Polygon",
        "coordinates": [
          [
            [
              7.49865,
              56.24938
            ],
            [
              7.49865,
              56.12438
            ],
            [
              7.24865,
              56.12437
            ],
            [
              7.24864,
              56.24938
            ],
            [
              7.49865,
              56.24938
            ]
          ]
        ]
      }
    },
    {
      "type": "Feature",
      "properties": {
        "BlockNo": "5607/27"
      },
      "geometry": {
        "type": "Polygon",
        "coordinates": [
          [
            [
              7.74866,
              56.24938
            ],
            [
              7.74866,
              56.12438
            ],
            [
              7.49865,
              56.12438
            ],
            [
              7.49865,
              56.24938
            ],
            [
              7.74866,
              56.24938
            ]
          ]
        ]
      }
    },
    {
      "type": "Feature",
      "properties": {
        "BlockNo": "5607/28"
      },
      "geometry": {
        "type": "Polygon",
        "coordinates": [
          [
            [
              7.99867,
              56.24937
            ],
            [
              7.99868,
              56.12437
            ],
            [
              7.74866,
              56.12438
            ],
            [
              7.74866,
              56.24938
            ],
            [
              7.99867,
              56.24937
            ]
          ]
        ]
      }
    },
    {
      "type": "Feature",
      "properties": {
        "BlockNo": "5608/25"
      },
      "geometry": {
        "type": "Polygon",
        "coordinates": [
          [
            [
              8.24868,
              56.24937
            ],
            [
              8.24868,
              56.12437
            ],
            [
              7.99868,
              56.12437
            ],
            [
              7.99867,
              56.24937
            ],
            [
              8.24868,
              56.24937
            ]
          ]
        ]
      }
    },
    {
      "type": "Feature",
      "properties": {
        "BlockNo": "5608/26"
      },
      "geometry": {
        "type": "Polygon",
        "coordinates": [
          [
            [
              8.49868,
              56.24938
            ],
            [
              8.49869,
              56.12437
            ],
            [
              8.24868,
              56.12437
            ],
            [
              8.24868,
              56.24937
            ],
            [
              8.49868,
              56.24938
            ]
          ]
        ]
      }
    },
    {
      "type": "Feature",
      "properties": {
        "BlockNo": "5608/27"
      },
      "geometry": {
        "type": "Polygon",
        "coordinates": [
          [
            [
              8.74869,
              56.24938
            ],
            [
              8.7487,
              56.12437
            ],
            [
              8.49869,
              56.12437
            ],
            [
              8.49868,
              56.24938
            ],
            [
              8.74869,
              56.24938
            ]
          ]
        ]
      }
    },
    {
      "type": "Feature",
      "properties": {
        "BlockNo": "5608/28"
      },
      "geometry": {
        "type": "Polygon",
        "coordinates": [
          [
            [
              8.9987,
              56.24938
            ],
            [
              8.9987,
              56.12438
            ],
            [
              8.7487,
              56.12437
            ],
            [
              8.74869,
              56.24938
            ],
            [
              8.9987,
              56.24938
            ]
          ]
        ]
      }
    },
    {
      "type": "Feature",
      "properties": {
        "BlockNo": "5609/25"
      },
      "geometry": {
        "type": "Polygon",
        "coordinates": [
          [
            [
              9.24871,
              56.12438
            ],
            [
              8.9987,
              56.12438
            ],
            [
              8.9987,
              56.24938
            ],
            [
              9.2487,
              56.24939
            ],
            [
              9.24871,
              56.12438
            ]
          ]
        ]
      }
    },
    {
      "type": "Feature",
      "properties": {
        "BlockNo": "5609/26"
      },
      "geometry": {
        "type": "Polygon",
        "coordinates": [
          [
            [
              9.49872,
              56.12438
            ],
            [
              9.24871,
              56.12438
            ],
            [
              9.2487,
              56.24939
            ],
            [
              9.49871,
              56.24939
            ],
            [
              9.49872,
              56.12438
            ]
          ]
        ]
      }
    },
    {
      "type": "Feature",
      "properties": {
        "BlockNo": "5609/27"
      },
      "geometry": {
        "type": "Polygon",
        "coordinates": [
          [
            [
              9.74872,
              56.12439
            ],
            [
              9.49872,
              56.12438
            ],
            [
              9.49871,
              56.24939
            ],
            [
              9.74872,
              56.24939
            ],
            [
              9.74872,
              56.12439
            ]
          ]
        ]
      }
    },
    {
      "type": "Feature",
      "properties": {
        "BlockNo": "5609/28"
      },
      "geometry": {
        "type": "Polygon",
        "coordinates": [
          [
            [
              9.99873,
              56.12439
            ],
            [
              9.74872,
              56.12439
            ],
            [
              9.74872,
              56.24939
            ],
            [
              9.99872,
              56.24939
            ],
            [
              9.99873,
              56.12439
            ]
          ]
        ]
      }
    },
    {
      "type": "Feature",
      "properties": {
        "BlockNo": "5610/25"
      },
      "geometry": {
        "type": "Polygon",
        "coordinates": [
          [
            [
              10.24874,
              56.12439
            ],
            [
              9.99873,
              56.12439
            ],
            [
              9.99872,
              56.24939
            ],
            [
              10.24873,
              56.2494
            ],
            [
              10.24874,
              56.12439
            ]
          ]
        ]
      }
    },
    {
      "type": "Feature",
      "properties": {
        "BlockNo": "5610/26"
      },
      "geometry": {
        "type": "Polygon",
        "coordinates": [
          [
            [
              10.49874,
              56.1244
            ],
            [
              10.24874,
              56.12439
            ],
            [
              10.24873,
              56.2494
            ],
            [
              10.49874,
              56.2494
            ],
            [
              10.49874,
              56.1244
            ]
          ]
        ]
      }
    },
    {
      "type": "Feature",
      "properties": {
        "BlockNo": "5610/27"
      },
      "geometry": {
        "type": "Polygon",
        "coordinates": [
          [
            [
              10.74875,
              56.1244
            ],
            [
              10.49874,
              56.1244
            ],
            [
              10.49874,
              56.2494
            ],
            [
              10.74875,
              56.2494
            ],
            [
              10.74875,
              56.1244
            ]
          ]
        ]
      }
    },
    {
      "type": "Feature",
      "properties": {
        "BlockNo": "5610/28"
      },
      "geometry": {
        "type": "Polygon",
        "coordinates": [
          [
            [
              10.99876,
              56.1244
            ],
            [
              10.74875,
              56.1244
            ],
            [
              10.74875,
              56.2494
            ],
            [
              10.99875,
              56.24941
            ],
            [
              10.99876,
              56.1244
            ]
          ]
        ]
      }
    },
    {
      "type": "Feature",
      "properties": {
        "BlockNo": "5611/25"
      },
      "geometry": {
        "type": "Polygon",
        "coordinates": [
          [
            [
              11.24876,
              56.1244
            ],
            [
              10.99876,
              56.1244
            ],
            [
              10.99875,
              56.24941
            ],
            [
              11.24876,
              56.24941
            ],
            [
              11.24876,
              56.1244
            ]
          ]
        ]
      }
    },
    {
      "type": "Feature",
      "properties": {
        "BlockNo": "5611/26"
      },
      "geometry": {
        "type": "Polygon",
        "coordinates": [
          [
            [
              11.49877,
              56.12441
            ],
            [
              11.24876,
              56.1244
            ],
            [
              11.24876,
              56.24941
            ],
            [
              11.49877,
              56.24941
            ],
            [
              11.49877,
              56.12441
            ]
          ]
        ]
      }
    },
    {
      "type": "Feature",
      "properties": {
        "BlockNo": "5611/27"
      },
      "geometry": {
        "type": "Polygon",
        "coordinates": [
          [
            [
              11.74878,
              56.12441
            ],
            [
              11.49877,
              56.12441
            ],
            [
              11.49877,
              56.24941
            ],
            [
              11.74877,
              56.24941
            ],
            [
              11.74878,
              56.12441
            ]
          ]
        ]
      }
    },
    {
      "type": "Feature",
      "properties": {
        "BlockNo": "5611/28"
      },
      "geometry": {
        "type": "Polygon",
        "coordinates": [
          [
            [
              11.99878,
              56.12441
            ],
            [
              11.74878,
              56.12441
            ],
            [
              11.74877,
              56.24941
            ],
            [
              11.99878,
              56.24942
            ],
            [
              11.99878,
              56.12441
            ]
          ]
        ]
      }
    },
    {
      "type": "Feature",
      "properties": {
        "BlockNo": "5612/25"
      },
      "geometry": {
        "type": "Polygon",
        "coordinates": [
          [
            [
              12.24879,
              56.12442
            ],
            [
              11.99878,
              56.12441
            ],
            [
              11.99878,
              56.24942
            ],
            [
              12.24879,
              56.24942
            ],
            [
              12.24879,
              56.12442
            ]
          ]
        ]
      }
    },
    {
      "type": "Feature",
      "properties": {
        "BlockNo": "5612/26"
      },
      "geometry": {
        "type": "Polygon",
        "coordinates": [
          [
            [
              12.4988,
              56.13343
            ],
            [
              12.4988,
              56.12442
            ],
            [
              12.24879,
              56.12442
            ],
            [
              12.24879,
              56.24942
            ],
            [
              12.25658,
              56.24943
            ],
            [
              12.37365,
              56.21172
            ],
            [
              12.39615,
              56.19536
            ],
            [
              12.42965,
              56.17353
            ],
            [
              12.4394,
              56.16445
            ],
            [
              12.44768,
              56.15856
            ],
            [
              12.4988,
              56.13343
            ]
          ]
        ]
      }
    },
    {
      "type": "Feature",
      "properties": {
        "BlockNo": "5612/27"
      },
      "geometry": {
        "type": "Polygon",
        "coordinates": [
          [
            [
              12.51991,
              56.12444
            ],
            [
              12.4988,
              56.12442
            ],
            [
              12.4988,
              56.13343
            ],
            [
              12.50699,
              56.12961
            ],
            [
              12.51991,
              56.12444
            ]
          ]
        ]
      }
    },
    {
      "type": "Feature",
      "properties": {
        "BlockNo": "5603/24"
      },
      "geometry": {
        "type": "Polygon",
        "coordinates": [
          [
            [
              3.99855,
              56.24934
            ],
            [
              3.81075,
              56.24939
            ],
            [
              3.99856,
              56.3031
            ],
            [
              3.99855,
              56.24934
            ]
          ]
        ]
      }
    },
    {
      "type": "Feature",
      "properties": {
        "BlockNo": "5604/21"
      },
      "geometry": {
        "type": "Polygon",
        "coordinates": [
          [
            [
              4.24856,
              56.24935
            ],
            [
              3.99855,
              56.24934
            ],
            [
              3.99856,
              56.3031
            ],
            [
              4.24856,
              56.37394
            ],
            [
              4.24856,
              56.24935
            ]
          ]
        ]
      }
    },
    {
      "type": "Feature",
      "properties": {
        "BlockNo": "5604/22"
      },
      "geometry": {
        "type": "Polygon",
        "coordinates": [
          [
            [
              4.49856,
              56.37435
            ],
            [
              4.49857,
              56.24935
            ],
            [
              4.24856,
              56.24935
            ],
            [
              4.24856,
              56.37394
            ],
            [
              4.49856,
              56.37435
            ]
          ]
        ]
      }
    },
    {
      "type": "Feature",
      "properties": {
        "BlockNo": "5604/23"
      },
      "geometry": {
        "type": "Polygon",
        "coordinates": [
          [
            [
              4.74857,
              56.37436
            ],
            [
              4.74857,
              56.24935
            ],
            [
              4.49857,
              56.24935
            ],
            [
              4.49856,
              56.37435
            ],
            [
              4.74857,
              56.37436
            ]
          ]
        ]
      }
    },
    {
      "type": "Feature",
      "properties": {
        "BlockNo": "5604/24"
      },
      "geometry": {
        "type": "Polygon",
        "coordinates": [
          [
            [
              4.99858,
              56.37436
            ],
            [
              4.99858,
              56.24935
            ],
            [
              4.74857,
              56.24935
            ],
            [
              4.74857,
              56.37436
            ],
            [
              4.99858,
              56.37436
            ]
          ]
        ]
      }
    },
    {
      "type": "Feature",
      "properties": {
        "BlockNo": "5605/21"
      },
      "geometry": {
        "type": "Polygon",
        "coordinates": [
          [
            [
              5.24858,
              56.37436
            ],
            [
              5.24859,
              56.24936
            ],
            [
              4.99858,
              56.24935
            ],
            [
              4.99858,
              56.37436
            ],
            [
              5.24858,
              56.37436
            ]
          ]
        ]
      }
    },
    {
      "type": "Feature",
      "properties": {
        "BlockNo": "5605/22"
      },
      "geometry": {
        "type": "Polygon",
        "coordinates": [
          [
            [
              5.49859,
              56.37436
            ],
            [
              5.49859,
              56.24936
            ],
            [
              5.24859,
              56.24936
            ],
            [
              5.24858,
              56.37436
            ],
            [
              5.49859,
              56.37436
            ]
          ]
        ]
      }
    },
    {
      "type": "Feature",
      "properties": {
        "BlockNo": "5605/23"
      },
      "geometry": {
        "type": "Polygon",
        "coordinates": [
          [
            [
              5.7486,
              56.37437
            ],
            [
              5.7486,
              56.24936
            ],
            [
              5.49859,
              56.24936
            ],
            [
              5.49859,
              56.37436
            ],
            [
              5.7486,
              56.37437
            ]
          ]
        ]
      }
    },
    {
      "type": "Feature",
      "properties": {
        "BlockNo": "5605/24"
      },
      "geometry": {
        "type": "Polygon",
        "coordinates": [
          [
            [
              5.9986,
              56.37437
            ],
            [
              5.99861,
              56.24937
            ],
            [
              5.7486,
              56.24936
            ],
            [
              5.7486,
              56.37437
            ],
            [
              5.9986,
              56.37437
            ]
          ]
        ]
      }
    },
    {
      "type": "Feature",
      "properties": {
        "BlockNo": "5606/21"
      },
      "geometry": {
        "type": "Polygon",
        "coordinates": [
          [
            [
              6.24861,
              56.37437
            ],
            [
              6.24862,
              56.24937
            ],
            [
              5.99861,
              56.24937
            ],
            [
              5.9986,
              56.37437
            ],
            [
              6.24861,
              56.37437
            ]
          ]
        ]
      }
    },
    {
      "type": "Feature",
      "properties": {
        "BlockNo": "5606/22"
      },
      "geometry": {
        "type": "Polygon",
        "coordinates": [
          [
            [
              6.49862,
              56.37438
            ],
            [
              6.49862,
              56.24937
            ],
            [
              6.24862,
              56.24937
            ],
            [
              6.24861,
              56.37437
            ],
            [
              6.49862,
              56.37438
            ]
          ]
        ]
      }
    },
    {
      "type": "Feature",
      "properties": {
        "BlockNo": "5606/23"
      },
      "geometry": {
        "type": "Polygon",
        "coordinates": [
          [
            [
              6.74862,
              56.37438
            ],
            [
              6.74863,
              56.24937
            ],
            [
              6.49862,
              56.24937
            ],
            [
              6.49862,
              56.37438
            ],
            [
              6.74862,
              56.37438
            ]
          ]
        ]
      }
    },
    {
      "type": "Feature",
      "properties": {
        "BlockNo": "5606/24"
      },
      "geometry": {
        "type": "Polygon",
        "coordinates": [
          [
            [
              6.99863,
              56.37438
            ],
            [
              6.99864,
              56.24938
            ],
            [
              6.74863,
              56.24937
            ],
            [
              6.74862,
              56.37438
            ],
            [
              6.99863,
              56.37438
            ]
          ]
        ]
      }
    },
    {
      "type": "Feature",
      "properties": {
        "BlockNo": "5607/21"
      },
      "geometry": {
        "type": "Polygon",
        "coordinates": [
          [
            [
              7.24864,
              56.37438
            ],
            [
              7.24864,
              56.24938
            ],
            [
              6.99864,
              56.24938
            ],
            [
              6.99863,
              56.37438
            ],
            [
              7.24864,
              56.37438
            ]
          ]
        ]
      }
    },
    {
      "type": "Feature",
      "properties": {
        "BlockNo": "5607/22"
      },
      "geometry": {
        "type": "Polygon",
        "coordinates": [
          [
            [
              7.49865,
              56.37439
            ],
            [
              7.49865,
              56.24938
            ],
            [
              7.24864,
              56.24938
            ],
            [
              7.24864,
              56.37438
            ],
            [
              7.49865,
              56.37439
            ]
          ]
        ]
      }
    },
    {
      "type": "Feature",
      "properties": {
        "BlockNo": "5607/23"
      },
      "geometry": {
        "type": "Polygon",
        "coordinates": [
          [
            [
              7.74865,
              56.37439
            ],
            [
              7.74866,
              56.24938
            ],
            [
              7.49865,
              56.24938
            ],
            [
              7.49865,
              56.37439
            ],
            [
              7.74865,
              56.37439
            ]
          ]
        ]
      }
    },
    {
      "type": "Feature",
      "properties": {
        "BlockNo": "5607/24"
      },
      "geometry": {
        "type": "Polygon",
        "coordinates": [
          [
            [
              7.99867,
              56.37437
            ],
            [
              7.99867,
              56.24937
            ],
            [
              7.74866,
              56.24938
            ],
            [
              7.74865,
              56.37439
            ],
            [
              7.99867,
              56.37437
            ]
          ]
        ]
      }
    },
    {
      "type": "Feature",
      "properties": {
        "BlockNo": "5608/21"
      },
      "geometry": {
        "type": "Polygon",
        "coordinates": [
          [
            [
              8.24867,
              56.37438
            ],
            [
              8.24868,
              56.24937
            ],
            [
              7.99867,
              56.24937
            ],
            [
              7.99867,
              56.37437
            ],
            [
              8.24867,
              56.37438
            ]
          ]
        ]
      }
    },
    {
      "type": "Feature",
      "properties": {
        "BlockNo": "5608/22"
      },
      "geometry": {
        "type": "Polygon",
        "coordinates": [
          [
            [
              8.49868,
              56.37438
            ],
            [
              8.49868,
              56.24938
            ],
            [
              8.24868,
              56.24937
            ],
            [
              8.24867,
              56.37438
            ],
            [
              8.49868,
              56.37438
            ]
          ]
        ]
      }
    },
    {
      "type": "Feature",
      "properties": {
        "BlockNo": "5608/23"
      },
      "geometry": {
        "type": "Polygon",
        "coordinates": [
          [
            [
              8.74869,
              56.37438
            ],
            [
              8.74869,
              56.24938
            ],
            [
              8.49868,
              56.24938
            ],
            [
              8.49868,
              56.37438
            ],
            [
              8.74869,
              56.37438
            ]
          ]
        ]
      }
    },
    {
      "type": "Feature",
      "properties": {
        "BlockNo": "5608/24"
      },
      "geometry": {
        "type": "Polygon",
        "coordinates": [
          [
            [
              8.99869,
              56.37439
            ],
            [
              8.9987,
              56.24938
            ],
            [
              8.74869,
              56.24938
            ],
            [
              8.74869,
              56.37438
            ],
            [
              8.99869,
              56.37439
            ]
          ]
        ]
      }
    },
    {
      "type": "Feature",
      "properties": {
        "BlockNo": "5609/21"
      },
      "geometry": {
        "type": "Polygon",
        "coordinates": [
          [
            [
              9.2487,
              56.24939
            ],
            [
              8.9987,
              56.24938
            ],
            [
              8.99869,
              56.37439
            ],
            [
              9.2487,
              56.37439
            ],
            [
              9.2487,
              56.24939
            ]
          ]
        ]
      }
    },
    {
      "type": "Feature",
      "properties": {
        "BlockNo": "5609/22"
      },
      "geometry": {
        "type": "Polygon",
        "coordinates": [
          [
            [
              9.49871,
              56.24939
            ],
            [
              9.2487,
              56.24939
            ],
            [
              9.2487,
              56.37439
            ],
            [
              9.49871,
              56.37439
            ],
            [
              9.49871,
              56.24939
            ]
          ]
        ]
      }
    },
    {
      "type": "Feature",
      "properties": {
        "BlockNo": "5609/23"
      },
      "geometry": {
        "type": "Polygon",
        "coordinates": [
          [
            [
              9.74872,
              56.24939
            ],
            [
              9.49871,
              56.24939
            ],
            [
              9.49871,
              56.37439
            ],
            [
              9.74871,
              56.3744
            ],
            [
              9.74872,
              56.24939
            ]
          ]
        ]
      }
    },
    {
      "type": "Feature",
      "properties": {
        "BlockNo": "5609/24"
      },
      "geometry": {
        "type": "Polygon",
        "coordinates": [
          [
            [
              9.99872,
              56.24939
            ],
            [
              9.74872,
              56.24939
            ],
            [
              9.74871,
              56.3744
            ],
            [
              9.99872,
              56.3744
            ],
            [
              9.99872,
              56.24939
            ]
          ]
        ]
      }
    },
    {
      "type": "Feature",
      "properties": {
        "BlockNo": "5610/21"
      },
      "geometry": {
        "type": "Polygon",
        "coordinates": [
          [
            [
              10.24873,
              56.2494
            ],
            [
              9.99872,
              56.24939
            ],
            [
              9.99872,
              56.3744
            ],
            [
              10.24873,
              56.3744
            ],
            [
              10.24873,
              56.2494
            ]
          ]
        ]
      }
    },
    {
      "type": "Feature",
      "properties": {
        "BlockNo": "5610/22"
      },
      "geometry": {
        "type": "Polygon",
        "coordinates": [
          [
            [
              10.49874,
              56.2494
            ],
            [
              10.24873,
              56.2494
            ],
            [
              10.24873,
              56.3744
            ],
            [
              10.49873,
              56.3744
            ],
            [
              10.49874,
              56.2494
            ]
          ]
        ]
      }
    },
    {
      "type": "Feature",
      "properties": {
        "BlockNo": "5610/23"
      },
      "geometry": {
        "type": "Polygon",
        "coordinates": [
          [
            [
              10.74875,
              56.2494
            ],
            [
              10.49874,
              56.2494
            ],
            [
              10.49873,
              56.3744
            ],
            [
              10.74874,
              56.37441
            ],
            [
              10.74875,
              56.2494
            ]
          ]
        ]
      }
    },
    {
      "type": "Feature",
      "properties": {
        "BlockNo": "5610/24"
      },
      "geometry": {
        "type": "Polygon",
        "coordinates": [
          [
            [
              10.99875,
              56.24941
            ],
            [
              10.74875,
              56.2494
            ],
            [
              10.74874,
              56.37441
            ],
            [
              10.99875,
              56.37441
            ],
            [
              10.99875,
              56.24941
            ]
          ]
        ]
      }
    },
    {
      "type": "Feature",
      "properties": {
        "BlockNo": "5611/21"
      },
      "geometry": {
        "type": "Polygon",
        "coordinates": [
          [
            [
              11.24876,
              56.24941
            ],
            [
              10.99875,
              56.24941
            ],
            [
              10.99875,
              56.37441
            ],
            [
              11.24875,
              56.37441
            ],
            [
              11.24876,
              56.24941
            ]
          ]
        ]
      }
    },
    {
      "type": "Feature",
      "properties": {
        "BlockNo": "5611/22"
      },
      "geometry": {
        "type": "Polygon",
        "coordinates": [
          [
            [
              11.49877,
              56.24941
            ],
            [
              11.24876,
              56.24941
            ],
            [
              11.24875,
              56.37441
            ],
            [
              11.49876,
              56.37442
            ],
            [
              11.49877,
              56.24941
            ]
          ]
        ]
      }
    },
    {
      "type": "Feature",
      "properties": {
        "BlockNo": "5611/23"
      },
      "geometry": {
        "type": "Polygon",
        "coordinates": [
          [
            [
              11.74877,
              56.24941
            ],
            [
              11.49877,
              56.24941
            ],
            [
              11.49876,
              56.37442
            ],
            [
              11.74877,
              56.37442
            ],
            [
              11.74877,
              56.24941
            ]
          ]
        ]
      }
    },
    {
      "type": "Feature",
      "properties": {
        "BlockNo": "5611/24"
      },
      "geometry": {
        "type": "Polygon",
        "coordinates": [
          [
            [
              11.99878,
              56.24942
            ],
            [
              11.74877,
              56.24941
            ],
            [
              11.74877,
              56.37442
            ],
            [
              11.99878,
              56.37442
            ],
            [
              11.99878,
              56.24942
            ]
          ]
        ]
      }
    },
    {
      "type": "Feature",
      "properties": {
        "BlockNo": "5612/21"
      },
      "geometry": {
        "type": "Polygon",
        "coordinates": [
          [
            [
              12.24879,
              56.25191
            ],
            [
              12.24879,
              56.24942
            ],
            [
              11.99878,
              56.24942
            ],
            [
              11.99878,
              56.37442
            ],
            [
              12.10728,
              56.37449
            ],
            [
              12.08653,
              56.30334
            ],
            [
              12.24879,
              56.25191
            ]
          ]
        ]
      }
    },
    {
      "type": "Feature",
      "properties": {
        "BlockNo": "5612/22"
      },
      "geometry": {
        "type": "Polygon",
        "coordinates": [
          [
            [
              12.25658,
              56.24943
            ],
            [
              12.24879,
              56.24942
            ],
            [
              12.24879,
              56.25191
            ],
            [
              12.25658,
              56.24943
            ]
          ]
        ]
      }
    },
    {
      "type": "Feature",
      "properties": {
        "BlockNo": "5604/18"
      },
      "geometry": {
        "type": "Polygon",
        "coordinates": [
          [
            [
              4.49856,
              56.37435
            ],
            [
              4.25001,
              56.37435
            ],
            [
              4.49856,
              56.44403
            ],
            [
              4.49856,
              56.37435
            ]
          ]
        ]
      }
    },
    {
      "type": "Feature",
      "properties": {
        "BlockNo": "5604/19"
      },
      "geometry": {
        "type": "Polygon",
        "coordinates": [
          [
            [
              4.74857,
              56.49936
            ],
            [
              4.74857,
              56.37436
            ],
            [
              4.49856,
              56.37435
            ],
            [
              4.49856,
              56.44403
            ],
            [
              4.69802,
              56.4994
            ],
            [
              4.74857,
              56.49936
            ]
          ]
        ]
      }
    },
    {
      "type": "Feature",
      "properties": {
        "BlockNo": "5604/20"
      },
      "geometry": {
        "type": "Polygon",
        "coordinates": [
          [
            [
              4.99857,
              56.49936
            ],
            [
              4.99858,
              56.37436
            ],
            [
              4.74857,
              56.37436
            ],
            [
              4.74857,
              56.49936
            ],
            [
              4.99857,
              56.49936
            ]
          ]
        ]
      }
    },
    {
      "type": "Feature",
      "properties": {
        "BlockNo": "5605/17"
      },
      "geometry": {
        "type": "Polygon",
        "coordinates": [
          [
            [
              5.24858,
              56.49937
            ],
            [
              5.24858,
              56.37436
            ],
            [
              4.99858,
              56.37436
            ],
            [
              4.99857,
              56.49936
            ],
            [
              5.24858,
              56.49937
            ]
          ]
        ]
      }
    },
    {
      "type": "Feature",
      "properties": {
        "BlockNo": "5605/18"
      },
      "geometry": {
        "type": "Polygon",
        "coordinates": [
          [
            [
              5.49859,
              56.49937
            ],
            [
              5.49859,
              56.37436
            ],
            [
              5.24858,
              56.37436
            ],
            [
              5.24858,
              56.49937
            ],
            [
              5.49859,
              56.49937
            ]
          ]
        ]
      }
    },
    {
      "type": "Feature",
      "properties": {
        "BlockNo": "5605/19"
      },
      "geometry": {
        "type": "Polygon",
        "coordinates": [
          [
            [
              5.74859,
              56.49937
            ],
            [
              5.7486,
              56.37437
            ],
            [
              5.49859,
              56.37436
            ],
            [
              5.49859,
              56.49937
            ],
            [
              5.74859,
              56.49937
            ]
          ]
        ]
      }
    },
    {
      "type": "Feature",
      "properties": {
        "BlockNo": "5605/20"
      },
      "geometry": {
        "type": "Polygon",
        "coordinates": [
          [
            [
              5.9986,
              56.49937
            ],
            [
              5.9986,
              56.37437
            ],
            [
              5.7486,
              56.37437
            ],
            [
              5.74859,
              56.49937
            ],
            [
              5.9986,
              56.49937
            ]
          ]
        ]
      }
    },
    {
      "type": "Feature",
      "properties": {
        "BlockNo": "5606/17"
      },
      "geometry": {
        "type": "Polygon",
        "coordinates": [
          [
            [
              6.24861,
              56.49938
            ],
            [
              6.24861,
              56.37437
            ],
            [
              5.9986,
              56.37437
            ],
            [
              5.9986,
              56.49937
            ],
            [
              6.24861,
              56.49938
            ]
          ]
        ]
      }
    },
    {
      "type": "Feature",
      "properties": {
        "BlockNo": "5606/18"
      },
      "geometry": {
        "type": "Polygon",
        "coordinates": [
          [
            [
              6.49861,
              56.49938
            ],
            [
              6.49862,
              56.37438
            ],
            [
              6.24861,
              56.37437
            ],
            [
              6.24861,
              56.49938
            ],
            [
              6.49861,
              56.49938
            ]
          ]
        ]
      }
    },
    {
      "type": "Feature",
      "properties": {
        "BlockNo": "5606/19"
      },
      "geometry": {
        "type": "Polygon",
        "coordinates": [
          [
            [
              6.74862,
              56.49938
            ],
            [
              6.74862,
              56.37438
            ],
            [
              6.49862,
              56.37438
            ],
            [
              6.49861,
              56.49938
            ],
            [
              6.74862,
              56.49938
            ]
          ]
        ]
      }
    },
    {
      "type": "Feature",
      "properties": {
        "BlockNo": "5606/20"
      },
      "geometry": {
        "type": "Polygon",
        "coordinates": [
          [
            [
              6.99863,
              56.49939
            ],
            [
              6.99863,
              56.37438
            ],
            [
              6.74862,
              56.37438
            ],
            [
              6.74862,
              56.49938
            ],
            [
              6.99863,
              56.49939
            ]
          ]
        ]
      }
    },
    {
      "type": "Feature",
      "properties": {
        "BlockNo": "5607/17"
      },
      "geometry": {
        "type": "Polygon",
        "coordinates": [
          [
            [
              7.24863,
              56.49939
            ],
            [
              7.24864,
              56.37438
            ],
            [
              6.99863,
              56.37438
            ],
            [
              6.99863,
              56.49939
            ],
            [
              7.24863,
              56.49939
            ]
          ]
        ]
      }
    },
    {
      "type": "Feature",
      "properties": {
        "BlockNo": "5607/18"
      },
      "geometry": {
        "type": "Polygon",
        "coordinates": [
          [
            [
              7.49864,
              56.49939
            ],
            [
              7.49865,
              56.37439
            ],
            [
              7.24864,
              56.37438
            ],
            [
              7.24863,
              56.49939
            ],
            [
              7.49864,
              56.49939
            ]
          ]
        ]
      }
    },
    {
      "type": "Feature",
      "properties": {
        "BlockNo": "5607/19"
      },
      "geometry": {
        "type": "Polygon",
        "coordinates": [
          [
            [
              7.74865,
              56.49939
            ],
            [
              7.74865,
              56.37439
            ],
            [
              7.49865,
              56.37439
            ],
            [
              7.49864,
              56.49939
            ],
            [
              7.74865,
              56.49939
            ]
          ]
        ]
      }
    },
    {
      "type": "Feature",
      "properties": {
        "BlockNo": "5607/20"
      },
      "geometry": {
        "type": "Polygon",
        "coordinates": [
          [
            [
              7.99866,
              56.49938
            ],
            [
              7.99867,
              56.37437
            ],
            [
              7.74865,
              56.37439
            ],
            [
              7.74865,
              56.49939
            ],
            [
              7.99866,
              56.49938
            ]
          ]
        ]
      }
    },
    {
      "type": "Feature",
      "properties": {
        "BlockNo": "5608/17"
      },
      "geometry": {
        "type": "Polygon",
        "coordinates": [
          [
            [
              8.24867,
              56.49938
            ],
            [
              8.24867,
              56.37438
            ],
            [
              7.99867,
              56.37437
            ],
            [
              7.99866,
              56.49938
            ],
            [
              8.24867,
              56.49938
            ]
          ]
        ]
      }
    },
    {
      "type": "Feature",
      "properties": {
        "BlockNo": "5608/18"
      },
      "geometry": {
        "type": "Polygon",
        "coordinates": [
          [
            [
              8.49867,
              56.49938
            ],
            [
              8.49868,
              56.37438
            ],
            [
              8.24867,
              56.37438
            ],
            [
              8.24867,
              56.49938
            ],
            [
              8.49867,
              56.49938
            ]
          ]
        ]
      }
    },
    {
      "type": "Feature",
      "properties": {
        "BlockNo": "5608/19"
      },
      "geometry": {
        "type": "Polygon",
        "coordinates": [
          [
            [
              8.74868,
              56.49939
            ],
            [
              8.74869,
              56.37438
            ],
            [
              8.49868,
              56.37438
            ],
            [
              8.49867,
              56.49938
            ],
            [
              8.74868,
              56.49939
            ]
          ]
        ]
      }
    },
    {
      "type": "Feature",
      "properties": {
        "BlockNo": "5608/20"
      },
      "geometry": {
        "type": "Polygon",
        "coordinates": [
          [
            [
              8.99869,
              56.49939
            ],
            [
              8.99869,
              56.37439
            ],
            [
              8.74869,
              56.37438
            ],
            [
              8.74868,
              56.49939
            ],
            [
              8.99869,
              56.49939
            ]
          ]
        ]
      }
    },
    {
      "type": "Feature",
      "properties": {
        "BlockNo": "5609/17"
      },
      "geometry": {
        "type": "Polygon",
        "coordinates": [
          [
            [
              9.2487,
              56.37439
            ],
            [
              8.99869,
              56.37439
            ],
            [
              8.99869,
              56.49939
            ],
            [
              9.24869,
              56.49939
            ],
            [
              9.2487,
              56.37439
            ]
          ]
        ]
      }
    },
    {
      "type": "Feature",
      "properties": {
        "BlockNo": "5609/18"
      },
      "geometry": {
        "type": "Polygon",
        "coordinates": [
          [
            [
              9.49871,
              56.37439
            ],
            [
              9.2487,
              56.37439
            ],
            [
              9.24869,
              56.49939
            ],
            [
              9.4987,
              56.4994
            ],
            [
              9.49871,
              56.37439
            ]
          ]
        ]
      }
    },
    {
      "type": "Feature",
      "properties": {
        "BlockNo": "5609/19"
      },
      "geometry": {
        "type": "Polygon",
        "coordinates": [
          [
            [
              9.74871,
              56.3744
            ],
            [
              9.49871,
              56.37439
            ],
            [
              9.4987,
              56.4994
            ],
            [
              9.74871,
              56.4994
            ],
            [
              9.74871,
              56.3744
            ]
          ]
        ]
      }
    },
    {
      "type": "Feature",
      "properties": {
        "BlockNo": "5609/20"
      },
      "geometry": {
        "type": "Polygon",
        "coordinates": [
          [
            [
              9.99872,
              56.3744
            ],
            [
              9.74871,
              56.3744
            ],
            [
              9.74871,
              56.4994
            ],
            [
              9.99871,
              56.4994
            ],
            [
              9.99872,
              56.3744
            ]
          ]
        ]
      }
    },
    {
      "type": "Feature",
      "properties": {
        "BlockNo": "5610/17"
      },
      "geometry": {
        "type": "Polygon",
        "coordinates": [
          [
            [
              10.24873,
              56.3744
            ],
            [
              9.99872,
              56.3744
            ],
            [
              9.99871,
              56.4994
            ],
            [
              10.24872,
              56.49941
            ],
            [
              10.24873,
              56.3744
            ]
          ]
        ]
      }
    },
    {
      "type": "Feature",
      "properties": {
        "BlockNo": "5610/18"
      },
      "geometry": {
        "type": "Polygon",
        "coordinates": [
          [
            [
              10.49873,
              56.3744
            ],
            [
              10.24873,
              56.3744
            ],
            [
              10.24872,
              56.49941
            ],
            [
              10.49873,
              56.49941
            ],
            [
              10.49873,
              56.3744
            ]
          ]
        ]
      }
    },
    {
      "type": "Feature",
      "properties": {
        "BlockNo": "5610/19"
      },
      "geometry": {
        "type": "Polygon",
        "coordinates": [
          [
            [
              10.74874,
              56.37441
            ],
            [
              10.49873,
              56.3744
            ],
            [
              10.49873,
              56.49941
            ],
            [
              10.74874,
              56.49941
            ],
            [
              10.74874,
              56.37441
            ]
          ]
        ]
      }
    },
    {
      "type": "Feature",
      "properties": {
        "BlockNo": "5610/20"
      },
      "geometry": {
        "type": "Polygon",
        "coordinates": [
          [
            [
              10.99875,
              56.37441
            ],
            [
              10.74874,
              56.37441
            ],
            [
              10.74874,
              56.49941
            ],
            [
              10.99874,
              56.49941
            ],
            [
              10.99875,
              56.37441
            ]
          ]
        ]
      }
    },
    {
      "type": "Feature",
      "properties": {
        "BlockNo": "5611/17"
      },
      "geometry": {
        "type": "Polygon",
        "coordinates": [
          [
            [
              11.24875,
              56.37441
            ],
            [
              10.99875,
              56.37441
            ],
            [
              10.99874,
              56.49941
            ],
            [
              11.24875,
              56.49942
            ],
            [
              11.24875,
              56.37441
            ]
          ]
        ]
      }
    },
    {
      "type": "Feature",
      "properties": {
        "BlockNo": "5611/18"
      },
      "geometry": {
        "type": "Polygon",
        "coordinates": [
          [
            [
              11.49876,
              56.37442
            ],
            [
              11.24875,
              56.37441
            ],
            [
              11.24875,
              56.49942
            ],
            [
              11.49876,
              56.49942
            ],
            [
              11.49876,
              56.37442
            ]
          ]
        ]
      }
    },
    {
      "type": "Feature",
      "properties": {
        "BlockNo": "5611/19"
      },
      "geometry": {
        "type": "Polygon",
        "coordinates": [
          [
            [
              11.74877,
              56.37442
            ],
            [
              11.49876,
              56.37442
            ],
            [
              11.49876,
              56.49942
            ],
            [
              11.74876,
              56.49942
            ],
            [
              11.74877,
              56.37442
            ]
          ]
        ]
      }
    },
    {
      "type": "Feature",
      "properties": {
        "BlockNo": "5611/20"
      },
      "geometry": {
        "type": "Polygon",
        "coordinates": [
          [
            [
              11.99878,
              56.37442
            ],
            [
              11.74877,
              56.37442
            ],
            [
              11.74876,
              56.49942
            ],
            [
              11.99877,
              56.49943
            ],
            [
              11.99878,
              56.37442
            ]
          ]
        ]
      }
    },
    {
      "type": "Feature",
      "properties": {
        "BlockNo": "5612/17"
      },
      "geometry": {
        "type": "Polygon",
        "coordinates": [
          [
            [
              12.10728,
              56.37449
            ],
            [
              11.99878,
              56.37442
            ],
            [
              11.99877,
              56.49943
            ],
            [
              12.14396,
              56.49949
            ],
            [
              12.10728,
              56.37449
            ]
          ]
        ]
      }
    },
    {
      "type": "Feature",
      "properties": {
        "BlockNo": "5604/15"
      },
      "geometry": {
        "type": "Polygon",
        "coordinates": [
          [
            [
              4.74857,
              56.49936
            ],
            [
              4.69802,
              56.4994
            ],
            [
              4.74857,
              56.51336
            ],
            [
              4.74857,
              56.49936
            ]
          ]
        ]
      }
    },
    {
      "type": "Feature",
      "properties": {
        "BlockNo": "5604/16"
      },
      "geometry": {
        "type": "Polygon",
        "coordinates": [
          [
            [
              4.99857,
              56.49936
            ],
            [
              4.74857,
              56.49936
            ],
            [
              4.74857,
              56.51336
            ],
            [
              4.99857,
              56.58194
            ],
            [
              4.99857,
              56.49936
            ]
          ]
        ]
      }
    },
    {
      "type": "Feature",
      "properties": {
        "BlockNo": "5605/13"
      },
      "geometry": {
        "type": "Polygon",
        "coordinates": [
          [
            [
              5.24857,
              56.62437
            ],
            [
              5.24858,
              56.49937
            ],
            [
              4.99857,
              56.49936
            ],
            [
              4.99857,
              56.58194
            ],
            [
              5.0319,
              56.59103
            ],
            [
              5.13686,
              56.62443
            ],
            [
              5.24857,
              56.62437
            ]
          ]
        ]
      }
    },
    {
      "type": "Feature",
      "properties": {
        "BlockNo": "5605/14"
      },
      "geometry": {
        "type": "Polygon",
        "coordinates": [
          [
            [
              5.49858,
              56.62437
            ],
            [
              5.49859,
              56.49937
            ],
            [
              5.24858,
              56.49937
            ],
            [
              5.24857,
              56.62437
            ],
            [
              5.49858,
              56.62437
            ]
          ]
        ]
      }
    },
    {
      "type": "Feature",
      "properties": {
        "BlockNo": "5605/15"
      },
      "geometry": {
        "type": "Polygon",
        "coordinates": [
          [
            [
              5.74859,
              56.62438
            ],
            [
              5.74859,
              56.49937
            ],
            [
              5.49859,
              56.49937
            ],
            [
              5.49858,
              56.62437
            ],
            [
              5.74859,
              56.62438
            ]
          ]
        ]
      }
    },
    {
      "type": "Feature",
      "properties": {
        "BlockNo": "5605/16"
      },
      "geometry": {
        "type": "Polygon",
        "coordinates": [
          [
            [
              5.99859,
              56.62438
            ],
            [
              5.9986,
              56.49937
            ],
            [
              5.74859,
              56.49937
            ],
            [
              5.74859,
              56.62438
            ],
            [
              5.99859,
              56.62438
            ]
          ]
        ]
      }
    },
    {
      "type": "Feature",
      "properties": {
        "BlockNo": "5606/13"
      },
      "geometry": {
        "type": "Polygon",
        "coordinates": [
          [
            [
              6.2486,
              56.62438
            ],
            [
              6.24861,
              56.49938
            ],
            [
              5.9986,
              56.49937
            ],
            [
              5.99859,
              56.62438
            ],
            [
              6.2486,
              56.62438
            ]
          ]
        ]
      }
    },
    {
      "type": "Feature",
      "properties": {
        "BlockNo": "5606/14"
      },
      "geometry": {
        "type": "Polygon",
        "coordinates": [
          [
            [
              6.49861,
              56.62438
            ],
            [
              6.49861,
              56.49938
            ],
            [
              6.24861,
              56.49938
            ],
            [
              6.2486,
              56.62438
            ],
            [
              6.49861,
              56.62438
            ]
          ]
        ]
      }
    },
    {
      "type": "Feature",
      "properties": {
        "BlockNo": "5606/15"
      },
      "geometry": {
        "type": "Polygon",
        "coordinates": [
          [
            [
              6.74862,
              56.62439
            ],
            [
              6.74862,
              56.49938
            ],
            [
              6.49861,
              56.49938
            ],
            [
              6.49861,
              56.62438
            ],
            [
              6.74862,
              56.62439
            ]
          ]
        ]
      }
    },
    {
      "type": "Feature",
      "properties": {
        "BlockNo": "5606/16"
      },
      "geometry": {
        "type": "Polygon",
        "coordinates": [
          [
            [
              6.99862,
              56.62439
            ],
            [
              6.99863,
              56.49939
            ],
            [
              6.74862,
              56.49938
            ],
            [
              6.74862,
              56.62439
            ],
            [
              6.99862,
              56.62439
            ]
          ]
        ]
      }
    },
    {
      "type": "Feature",
      "properties": {
        "BlockNo": "5607/13"
      },
      "geometry": {
        "type": "Polygon",
        "coordinates": [
          [
            [
              7.24863,
              56.62439
            ],
            [
              7.24863,
              56.49939
            ],
            [
              6.99863,
              56.49939
            ],
            [
              6.99862,
              56.62439
            ],
            [
              7.24863,
              56.62439
            ]
          ]
        ]
      }
    },
    {
      "type": "Feature",
      "properties": {
        "BlockNo": "5607/14"
      },
      "geometry": {
        "type": "Polygon",
        "coordinates": [
          [
            [
              7.49864,
              56.6244
            ],
            [
              7.49864,
              56.49939
            ],
            [
              7.24863,
              56.49939
            ],
            [
              7.24863,
              56.62439
            ],
            [
              7.49864,
              56.6244
            ]
          ]
        ]
      }
    },
    {
      "type": "Feature",
      "properties": {
        "BlockNo": "5607/15"
      },
      "geometry": {
        "type": "Polygon",
        "coordinates": [
          [
            [
              7.74864,
              56.6244
            ],
            [
              7.74865,
              56.49939
            ],
            [
              7.49864,
              56.49939
            ],
            [
              7.49864,
              56.6244
            ],
            [
              7.74864,
              56.6244
            ]
          ]
        ]
      }
    },
    {
      "type": "Feature",
      "properties": {
        "BlockNo": "5607/16"
      },
      "geometry": {
        "type": "Polygon",
        "coordinates": [
          [
            [
              7.99866,
              56.62438
            ],
            [
              7.99866,
              56.49938
            ],
            [
              7.74865,
              56.49939
            ],
            [
              7.74864,
              56.6244
            ],
            [
              7.99866,
              56.62438
            ]
          ]
        ]
      }
    },
    {
      "type": "Feature",
      "properties": {
        "BlockNo": "5608/13"
      },
      "geometry": {
        "type": "Polygon",
        "coordinates": [
          [
            [
              8.24866,
              56.62439
            ],
            [
              8.24867,
              56.49938
            ],
            [
              7.99866,
              56.49938
            ],
            [
              7.99866,
              56.62438
            ],
            [
              8.24866,
              56.62439
            ]
          ]
        ]
      }
    },
    {
      "type": "Feature",
      "properties": {
        "BlockNo": "5608/14"
      },
      "geometry": {
        "type": "Polygon",
        "coordinates": [
          [
            [
              8.49867,
              56.62439
            ],
            [
              8.49867,
              56.49938
            ],
            [
              8.24867,
              56.49938
            ],
            [
              8.24866,
              56.62439
            ],
            [
              8.49867,
              56.62439
            ]
          ]
        ]
      }
    },
    {
      "type": "Feature",
      "properties": {
        "BlockNo": "5608/15"
      },
      "geometry": {
        "type": "Polygon",
        "coordinates": [
          [
            [
              8.74868,
              56.62439
            ],
            [
              8.74868,
              56.49939
            ],
            [
              8.49867,
              56.49938
            ],
            [
              8.49867,
              56.62439
            ],
            [
              8.74868,
              56.62439
            ]
          ]
        ]
      }
    },
    {
      "type": "Feature",
      "properties": {
        "BlockNo": "5608/16"
      },
      "geometry": {
        "type": "Polygon",
        "coordinates": [
          [
            [
              8.99868,
              56.6244
            ],
            [
              8.99869,
              56.49939
            ],
            [
              8.74868,
              56.49939
            ],
            [
              8.74868,
              56.62439
            ],
            [
              8.99868,
              56.6244
            ]
          ]
        ]
      }
    },
    {
      "type": "Feature",
      "properties": {
        "BlockNo": "5609/13"
      },
      "geometry": {
        "type": "Polygon",
        "coordinates": [
          [
            [
              9.24869,
              56.49939
            ],
            [
              8.99869,
              56.49939
            ],
            [
              8.99868,
              56.6244
            ],
            [
              9.24869,
              56.6244
            ],
            [
              9.24869,
              56.49939
            ]
          ]
        ]
      }
    },
    {
      "type": "Feature",
      "properties": {
        "BlockNo": "5609/14"
      },
      "geometry": {
        "type": "Polygon",
        "coordinates": [
          [
            [
              9.4987,
              56.4994
            ],
            [
              9.24869,
              56.49939
            ],
            [
              9.24869,
              56.6244
            ],
            [
              9.4987,
              56.6244
            ],
            [
              9.4987,
              56.4994
            ]
          ]
        ]
      }
    },
    {
      "type": "Feature",
      "properties": {
        "BlockNo": "5609/15"
      },
      "geometry": {
        "type": "Polygon",
        "coordinates": [
          [
            [
              9.74871,
              56.4994
            ],
            [
              9.4987,
              56.4994
            ],
            [
              9.4987,
              56.6244
            ],
            [
              9.7487,
              56.6244
            ],
            [
              9.74871,
              56.4994
            ]
          ]
        ]
      }
    },
    {
      "type": "Feature",
      "properties": {
        "BlockNo": "5609/16"
      },
      "geometry": {
        "type": "Polygon",
        "coordinates": [
          [
            [
              9.99871,
              56.4994
            ],
            [
              9.74871,
              56.4994
            ],
            [
              9.7487,
              56.6244
            ],
            [
              9.99871,
              56.62441
            ],
            [
              9.99871,
              56.4994
            ]
          ]
        ]
      }
    },
    {
      "type": "Feature",
      "properties": {
        "BlockNo": "5610/13"
      },
      "geometry": {
        "type": "Polygon",
        "coordinates": [
          [
            [
              10.24872,
              56.49941
            ],
            [
              9.99871,
              56.4994
            ],
            [
              9.99871,
              56.62441
            ],
            [
              10.24872,
              56.62441
            ],
            [
              10.24872,
              56.49941
            ]
          ]
        ]
      }
    },
    {
      "type": "Feature",
      "properties": {
        "BlockNo": "5610/14"
      },
      "geometry": {
        "type": "Polygon",
        "coordinates": [
          [
            [
              10.49873,
              56.49941
            ],
            [
              10.24872,
              56.49941
            ],
            [
              10.24872,
              56.62441
            ],
            [
              10.49872,
              56.62441
            ],
            [
              10.49873,
              56.49941
            ]
          ]
        ]
      }
    },
    {
      "type": "Feature",
      "properties": {
        "BlockNo": "5610/15"
      },
      "geometry": {
        "type": "Polygon",
        "coordinates": [
          [
            [
              10.74874,
              56.49941
            ],
            [
              10.49873,
              56.49941
            ],
            [
              10.49872,
              56.62441
            ],
            [
              10.74873,
              56.62442
            ],
            [
              10.74874,
              56.49941
            ]
          ]
        ]
      }
    },
    {
      "type": "Feature",
      "properties": {
        "BlockNo": "5610/16"
      },
      "geometry": {
        "type": "Polygon",
        "coordinates": [
          [
            [
              10.99874,
              56.49941
            ],
            [
              10.74874,
              56.49941
            ],
            [
              10.74873,
              56.62442
            ],
            [
              10.99874,
              56.62442
            ],
            [
              10.99874,
              56.49941
            ]
          ]
        ]
      }
    },
    {
      "type": "Feature",
      "properties": {
        "BlockNo": "5611/13"
      },
      "geometry": {
        "type": "Polygon",
        "coordinates": [
          [
            [
              11.24875,
              56.49942
            ],
            [
              10.99874,
              56.49941
            ],
            [
              10.99874,
              56.62442
            ],
            [
              11.24874,
              56.62442
            ],
            [
              11.24875,
              56.49942
            ]
          ]
        ]
      }
    },
    {
      "type": "Feature",
      "properties": {
        "BlockNo": "5611/14"
      },
      "geometry": {
        "type": "Polygon",
        "coordinates": [
          [
            [
              11.49876,
              56.49942
            ],
            [
              11.24875,
              56.49942
            ],
            [
              11.24874,
              56.62442
            ],
            [
              11.49875,
              56.62442
            ],
            [
              11.49876,
              56.49942
            ]
          ]
        ]
      }
    },
    {
      "type": "Feature",
      "properties": {
        "BlockNo": "5611/15"
      },
      "geometry": {
        "type": "Polygon",
        "coordinates": [
          [
            [
              11.74876,
              56.49942
            ],
            [
              11.49876,
              56.49942
            ],
            [
              11.49875,
              56.62442
            ],
            [
              11.74876,
              56.62443
            ],
            [
              11.74876,
              56.49942
            ]
          ]
        ]
      }
    },
    {
      "type": "Feature",
      "properties": {
        "BlockNo": "5611/16"
      },
      "geometry": {
        "type": "Polygon",
        "coordinates": [
          [
            [
              11.99877,
              56.49943
            ],
            [
              11.74876,
              56.49942
            ],
            [
              11.74876,
              56.62443
            ],
            [
              11.99877,
              56.62443
            ],
            [
              11.99877,
              56.49943
            ]
          ]
        ]
      }
    },
    {
      "type": "Feature",
      "properties": {
        "BlockNo": "5612/13"
      },
      "geometry": {
        "type": "Polygon",
        "coordinates": [
          [
            [
              12.14396,
              56.49949
            ],
            [
              11.99877,
              56.49943
            ],
            [
              11.99877,
              56.62443
            ],
            [
              12.05641,
              56.62448
            ],
            [
              12.14658,
              56.5084
            ],
            [
              12.14396,
              56.49949
            ]
          ]
        ]
      }
    },
    {
      "type": "Feature",
      "properties": {
        "BlockNo": "5605/09"
      },
      "geometry": {
        "type": "Polygon",
        "coordinates": [
          [
            [
              5.24857,
              56.62437
            ],
            [
              5.13686,
              56.62443
            ],
            [
              5.24857,
              56.65982
            ],
            [
              5.24857,
              56.62437
            ]
          ]
        ]
      }
    },
    {
      "type": "Feature",
      "properties": {
        "BlockNo": "5605/10"
      },
      "geometry": {
        "type": "Polygon",
        "coordinates": [
          [
            [
              5.49858,
              56.62437
            ],
            [
              5.24857,
              56.62437
            ],
            [
              5.24857,
              56.65982
            ],
            [
              5.49858,
              56.73842
            ],
            [
              5.49858,
              56.62437
            ]
          ]
        ]
      }
    },
    {
      "type": "Feature",
      "properties": {
        "BlockNo": "5605/11"
      },
      "geometry": {
        "type": "Polygon",
        "coordinates": [
          [
            [
              5.74858,
              56.74938
            ],
            [
              5.74859,
              56.62438
            ],
            [
              5.49858,
              56.62437
            ],
            [
              5.49858,
              56.73842
            ],
            [
              5.53373,
              56.74941
            ],
            [
              5.74858,
              56.74938
            ]
          ]
        ]
      }
    },
    {
      "type": "Feature",
      "properties": {
        "BlockNo": "5605/12"
      },
      "geometry": {
        "type": "Polygon",
        "coordinates": [
          [
            [
              5.99859,
              56.74938
            ],
            [
              5.99859,
              56.62438
            ],
            [
              5.74859,
              56.62438
            ],
            [
              5.74858,
              56.74938
            ],
            [
              5.99859,
              56.74938
            ]
          ]
        ]
      }
    },
    {
      "type": "Feature",
      "properties": {
        "BlockNo": "5606/09"
      },
      "geometry": {
        "type": "Polygon",
        "coordinates": [
          [
            [
              6.2486,
              56.74939
            ],
            [
              6.2486,
              56.62438
            ],
            [
              5.99859,
              56.62438
            ],
            [
              5.99859,
              56.74938
            ],
            [
              6.2486,
              56.74939
            ]
          ]
        ]
      }
    },
    {
      "type": "Feature",
      "properties": {
        "BlockNo": "5606/10"
      },
      "geometry": {
        "type": "Polygon",
        "coordinates": [
          [
            [
              6.4986,
              56.74939
            ],
            [
              6.49861,
              56.62438
            ],
            [
              6.2486,
              56.62438
            ],
            [
              6.2486,
              56.74939
            ],
            [
              6.4986,
              56.74939
            ]
          ]
        ]
      }
    },
    {
      "type": "Feature",
      "properties": {
        "BlockNo": "5606/11"
      },
      "geometry": {
        "type": "Polygon",
        "coordinates": [
          [
            [
              6.74861,
              56.74939
            ],
            [
              6.74862,
              56.62439
            ],
            [
              6.49861,
              56.62438
            ],
            [
              6.4986,
              56.74939
            ],
            [
              6.74861,
              56.74939
            ]
          ]
        ]
      }
    },
    {
      "type": "Feature",
      "properties": {
        "BlockNo": "5606/12"
      },
      "geometry": {
        "type": "Polygon",
        "coordinates": [
          [
            [
              6.99862,
              56.74939
            ],
            [
              6.99862,
              56.62439
            ],
            [
              6.74862,
              56.62439
            ],
            [
              6.74861,
              56.74939
            ],
            [
              6.99862,
              56.74939
            ]
          ]
        ]
      }
    },
    {
      "type": "Feature",
      "properties": {
        "BlockNo": "5607/09"
      },
      "geometry": {
        "type": "Polygon",
        "coordinates": [
          [
            [
              7.24862,
              56.7494
            ],
            [
              7.24863,
              56.62439
            ],
            [
              6.99862,
              56.62439
            ],
            [
              6.99862,
              56.74939
            ],
            [
              7.24862,
              56.7494
            ]
          ]
        ]
      }
    },
    {
      "type": "Feature",
      "properties": {
        "BlockNo": "5607/10"
      },
      "geometry": {
        "type": "Polygon",
        "coordinates": [
          [
            [
              7.49863,
              56.7494
            ],
            [
              7.49864,
              56.6244
            ],
            [
              7.24863,
              56.62439
            ],
            [
              7.24862,
              56.7494
            ],
            [
              7.49863,
              56.7494
            ]
          ]
        ]
      }
    },
    {
      "type": "Feature",
      "properties": {
        "BlockNo": "5607/11"
      },
      "geometry": {
        "type": "Polygon",
        "coordinates": [
          [
            [
              7.74864,
              56.7494
            ],
            [
              7.74864,
              56.6244
            ],
            [
              7.49864,
              56.6244
            ],
            [
              7.49863,
              56.7494
            ],
            [
              7.74864,
              56.7494
            ]
          ]
        ]
      }
    },
    {
      "type": "Feature",
      "properties": {
        "BlockNo": "5607/12"
      },
      "geometry": {
        "type": "Polygon",
        "coordinates": [
          [
            [
              7.99865,
              56.74939
            ],
            [
              7.99866,
              56.62438
            ],
            [
              7.74864,
              56.6244
            ],
            [
              7.74864,
              56.7494
            ],
            [
              7.99865,
              56.74939
            ]
          ]
        ]
      }
    },
    {
      "type": "Feature",
      "properties": {
        "BlockNo": "5608/09"
      },
      "geometry": {
        "type": "Polygon",
        "coordinates": [
          [
            [
              8.24866,
              56.74939
            ],
            [
              8.24866,
              56.62439
            ],
            [
              7.99866,
              56.62438
            ],
            [
              7.99865,
              56.74939
            ],
            [
              8.24866,
              56.74939
            ]
          ]
        ]
      }
    },
    {
      "type": "Feature",
      "properties": {
        "BlockNo": "5608/10"
      },
      "geometry": {
        "type": "Polygon",
        "coordinates": [
          [
            [
              8.49866,
              56.74939
            ],
            [
              8.49867,
              56.62439
            ],
            [
              8.24866,
              56.62439
            ],
            [
              8.24866,
              56.74939
            ],
            [
              8.49866,
              56.74939
            ]
          ]
        ]
      }
    },
    {
      "type": "Feature",
      "properties": {
        "BlockNo": "5608/11"
      },
      "geometry": {
        "type": "Polygon",
        "coordinates": [
          [
            [
              8.74867,
              56.7494
            ],
            [
              8.74868,
              56.62439
            ],
            [
              8.49867,
              56.62439
            ],
            [
              8.49866,
              56.74939
            ],
            [
              8.74867,
              56.7494
            ]
          ]
        ]
      }
    },
    {
      "type": "Feature",
      "properties": {
        "BlockNo": "5608/12"
      },
      "geometry": {
        "type": "Polygon",
        "coordinates": [
          [
            [
              8.99868,
              56.7494
            ],
            [
              8.99868,
              56.6244
            ],
            [
              8.74868,
              56.62439
            ],
            [
              8.74867,
              56.7494
            ],
            [
              8.99868,
              56.7494
            ]
          ]
        ]
      }
    },
    {
      "type": "Feature",
      "properties": {
        "BlockNo": "5609/09"
      },
      "geometry": {
        "type": "Polygon",
        "coordinates": [
          [
            [
              9.24869,
              56.6244
            ],
            [
              8.99868,
              56.6244
            ],
            [
              8.99868,
              56.7494
            ],
            [
              9.24868,
              56.7494
            ],
            [
              9.24869,
              56.6244
            ]
          ]
        ]
      }
    },
    {
      "type": "Feature",
      "properties": {
        "BlockNo": "5609/10"
      },
      "geometry": {
        "type": "Polygon",
        "coordinates": [
          [
            [
              9.4987,
              56.6244
            ],
            [
              9.24869,
              56.6244
            ],
            [
              9.24868,
              56.7494
            ],
            [
              9.49869,
              56.74941
            ],
            [
              9.4987,
              56.6244
            ]
          ]
        ]
      }
    },
    {
      "type": "Feature",
      "properties": {
        "BlockNo": "5609/11"
      },
      "geometry": {
        "type": "Polygon",
        "coordinates": [
          [
            [
              9.7487,
              56.6244
            ],
            [
              9.4987,
              56.6244
            ],
            [
              9.49869,
              56.74941
            ],
            [
              9.7487,
              56.74941
            ],
            [
              9.7487,
              56.6244
            ]
          ]
        ]
      }
    },
    {
      "type": "Feature",
      "properties": {
        "BlockNo": "5609/12"
      },
      "geometry": {
        "type": "Polygon",
        "coordinates": [
          [
            [
              9.99871,
              56.62441
            ],
            [
              9.7487,
              56.6244
            ],
            [
              9.7487,
              56.74941
            ],
            [
              9.99871,
              56.74941
            ],
            [
              9.99871,
              56.62441
            ]
          ]
        ]
      }
    },
    {
      "type": "Feature",
      "properties": {
        "BlockNo": "5610/09"
      },
      "geometry": {
        "type": "Polygon",
        "coordinates": [
          [
            [
              10.24872,
              56.62441
            ],
            [
              9.99871,
              56.62441
            ],
            [
              9.99871,
              56.74941
            ],
            [
              10.24871,
              56.74941
            ],
            [
              10.24872,
              56.62441
            ]
          ]
        ]
      }
    },
    {
      "type": "Feature",
      "properties": {
        "BlockNo": "5610/10"
      },
      "geometry": {
        "type": "Polygon",
        "coordinates": [
          [
            [
              10.49872,
              56.62441
            ],
            [
              10.24872,
              56.62441
            ],
            [
              10.24871,
              56.74941
            ],
            [
              10.49872,
              56.74942
            ],
            [
              10.49872,
              56.62441
            ]
          ]
        ]
      }
    },
    {
      "type": "Feature",
      "properties": {
        "BlockNo": "5610/11"
      },
      "geometry": {
        "type": "Polygon",
        "coordinates": [
          [
            [
              10.74873,
              56.62442
            ],
            [
              10.49872,
              56.62441
            ],
            [
              10.49872,
              56.74942
            ],
            [
              10.74873,
              56.74942
            ],
            [
              10.74873,
              56.62442
            ]
          ]
        ]
      }
    },
    {
      "type": "Feature",
      "properties": {
        "BlockNo": "5610/12"
      },
      "geometry": {
        "type": "Polygon",
        "coordinates": [
          [
            [
              10.99874,
              56.62442
            ],
            [
              10.74873,
              56.62442
            ],
            [
              10.74873,
              56.74942
            ],
            [
              10.99873,
              56.74942
            ],
            [
              10.99874,
              56.62442
            ]
          ]
        ]
      }
    },
    {
      "type": "Feature",
      "properties": {
        "BlockNo": "5611/09"
      },
      "geometry": {
        "type": "Polygon",
        "coordinates": [
          [
            [
              11.24874,
              56.62442
            ],
            [
              10.99874,
              56.62442
            ],
            [
              10.99873,
              56.74942
            ],
            [
              11.24874,
              56.74943
            ],
            [
              11.24874,
              56.62442
            ]
          ]
        ]
      }
    },
    {
      "type": "Feature",
      "properties": {
        "BlockNo": "5611/10"
      },
      "geometry": {
        "type": "Polygon",
        "coordinates": [
          [
            [
              11.49875,
              56.62442
            ],
            [
              11.24874,
              56.62442
            ],
            [
              11.24874,
              56.74943
            ],
            [
              11.49875,
              56.74943
            ],
            [
              11.49875,
              56.62442
            ]
          ]
        ]
      }
    },
    {
      "type": "Feature",
      "properties": {
        "BlockNo": "5611/11"
      },
      "geometry": {
        "type": "Polygon",
        "coordinates": [
          [
            [
              11.74876,
              56.62443
            ],
            [
              11.49875,
              56.62442
            ],
            [
              11.49875,
              56.74943
            ],
            [
              11.74875,
              56.74943
            ],
            [
              11.74876,
              56.62443
            ]
          ]
        ]
      }
    },
    {
      "type": "Feature",
      "properties": {
        "BlockNo": "5611/12"
      },
      "geometry": {
        "type": "Polygon",
        "coordinates": [
          [
            [
              11.99876,
              56.69829
            ],
            [
              11.99877,
              56.62443
            ],
            [
              11.74876,
              56.62443
            ],
            [
              11.74875,
              56.74943
            ],
            [
              11.95865,
              56.74947
            ],
            [
              11.99876,
              56.69829
            ]
          ]
        ]
      }
    },
    {
      "type": "Feature",
      "properties": {
        "BlockNo": "5612/09"
      },
      "geometry": {
        "type": "Polygon",
        "coordinates": [
          [
            [
              12.05641,
              56.62448
            ],
            [
              11.99877,
              56.62443
            ],
            [
              11.99876,
              56.69829
            ],
            [
              12.05641,
              56.62448
            ]
          ]
        ]
      }
    },
    {
      "type": "Feature",
      "properties": {
        "BlockNo": "5605/07"
      },
      "geometry": {
        "type": "Polygon",
        "coordinates": [
          [
            [
              5.74858,
              56.74938
            ],
            [
              5.53373,
              56.74941
            ],
            [
              5.74858,
              56.8162
            ],
            [
              5.74858,
              56.74938
            ]
          ]
        ]
      }
    },
    {
      "type": "Feature",
      "properties": {
        "BlockNo": "5605/08"
      },
      "geometry": {
        "type": "Polygon",
        "coordinates": [
          [
            [
              5.99859,
              56.87439
            ],
            [
              5.99859,
              56.74938
            ],
            [
              5.74858,
              56.74938
            ],
            [
              5.74858,
              56.8162
            ],
            [
              5.93748,
              56.87443
            ],
            [
              5.99859,
              56.87439
            ]
          ]
        ]
      }
    },
    {
      "type": "Feature",
      "properties": {
        "BlockNo": "5606/05"
      },
      "geometry": {
        "type": "Polygon",
        "coordinates": [
          [
            [
              6.24859,
              56.87439
            ],
            [
              6.2486,
              56.74939
            ],
            [
              5.99859,
              56.74938
            ],
            [
              5.99859,
              56.87439
            ],
            [
              6.24859,
              56.87439
            ]
          ]
        ]
      }
    },
    {
      "type": "Feature",
      "properties": {
        "BlockNo": "5606/06"
      },
      "geometry": {
        "type": "Polygon",
        "coordinates": [
          [
            [
              6.4986,
              56.87439
            ],
            [
              6.4986,
              56.74939
            ],
            [
              6.2486,
              56.74939
            ],
            [
              6.24859,
              56.87439
            ],
            [
              6.4986,
              56.87439
            ]
          ]
        ]
      }
    },
    {
      "type": "Feature",
      "properties": {
        "BlockNo": "5606/07"
      },
      "geometry": {
        "type": "Polygon",
        "coordinates": [
          [
            [
              6.74861,
              56.8744
            ],
            [
              6.74861,
              56.74939
            ],
            [
              6.4986,
              56.74939
            ],
            [
              6.4986,
              56.87439
            ],
            [
              6.74861,
              56.8744
            ]
          ]
        ]
      }
    },
    {
      "type": "Feature",
      "properties": {
        "BlockNo": "5606/08"
      },
      "geometry": {
        "type": "Polygon",
        "coordinates": [
          [
            [
              6.99861,
              56.8744
            ],
            [
              6.99862,
              56.74939
            ],
            [
              6.74861,
              56.74939
            ],
            [
              6.74861,
              56.8744
            ],
            [
              6.99861,
              56.8744
            ]
          ]
        ]
      }
    },
    {
      "type": "Feature",
      "properties": {
        "BlockNo": "5607/05"
      },
      "geometry": {
        "type": "Polygon",
        "coordinates": [
          [
            [
              7.24862,
              56.8744
            ],
            [
              7.24862,
              56.7494
            ],
            [
              6.99862,
              56.74939
            ],
            [
              6.99861,
              56.8744
            ],
            [
              7.24862,
              56.8744
            ]
          ]
        ]
      }
    },
    {
      "type": "Feature",
      "properties": {
        "BlockNo": "5607/06"
      },
      "geometry": {
        "type": "Polygon",
        "coordinates": [
          [
            [
              7.49863,
              56.8744
            ],
            [
              7.49863,
              56.7494
            ],
            [
              7.24862,
              56.7494
            ],
            [
              7.24862,
              56.8744
            ],
            [
              7.49863,
              56.8744
            ]
          ]
        ]
      }
    },
    {
      "type": "Feature",
      "properties": {
        "BlockNo": "5607/07"
      },
      "geometry": {
        "type": "Polygon",
        "coordinates": [
          [
            [
              7.74863,
              56.87441
            ],
            [
              7.74864,
              56.7494
            ],
            [
              7.49863,
              56.7494
            ],
            [
              7.49863,
              56.8744
            ],
            [
              7.74863,
              56.87441
            ]
          ]
        ]
      }
    },
    {
      "type": "Feature",
      "properties": {
        "BlockNo": "5607/08"
      },
      "geometry": {
        "type": "Polygon",
        "coordinates": [
          [
            [
              7.99865,
              56.87439
            ],
            [
              7.99865,
              56.74939
            ],
            [
              7.74864,
              56.7494
            ],
            [
              7.74863,
              56.87441
            ],
            [
              7.99865,
              56.87439
            ]
          ]
        ]
      }
    },
    {
      "type": "Feature",
      "properties": {
        "BlockNo": "5608/05"
      },
      "geometry": {
        "type": "Polygon",
        "coordinates": [
          [
            [
              8.24865,
              56.87439
            ],
            [
              8.24866,
              56.74939
            ],
            [
              7.99865,
              56.74939
            ],
            [
              7.99865,
              56.87439
            ],
            [
              8.24865,
              56.87439
            ]
          ]
        ]
      }
    },
    {
      "type": "Feature",
      "properties": {
        "BlockNo": "5608/06"
      },
      "geometry": {
        "type": "Polygon",
        "coordinates": [
          [
            [
              8.49866,
              56.8744
            ],
            [
              8.49866,
              56.74939
            ],
            [
              8.24866,
              56.74939
            ],
            [
              8.24865,
              56.87439
            ],
            [
              8.49866,
              56.8744
            ]
          ]
        ]
      }
    },
    {
      "type": "Feature",
      "properties": {
        "BlockNo": "5608/07"
      },
      "geometry": {
        "type": "Polygon",
        "coordinates": [
          [
            [
              8.74867,
              56.8744
            ],
            [
              8.74867,
              56.7494
            ],
            [
              8.49866,
              56.74939
            ],
            [
              8.49866,
              56.8744
            ],
            [
              8.74867,
              56.8744
            ]
          ]
        ]
      }
    },
    {
      "type": "Feature",
      "properties": {
        "BlockNo": "5608/08"
      },
      "geometry": {
        "type": "Polygon",
        "coordinates": [
          [
            [
              8.99867,
              56.8744
            ],
            [
              8.99868,
              56.7494
            ],
            [
              8.74867,
              56.7494
            ],
            [
              8.74867,
              56.8744
            ],
            [
              8.99867,
              56.8744
            ]
          ]
        ]
      }
    },
    {
      "type": "Feature",
      "properties": {
        "BlockNo": "5609/05"
      },
      "geometry": {
        "type": "Polygon",
        "coordinates": [
          [
            [
              9.24868,
              56.7494
            ],
            [
              8.99868,
              56.7494
            ],
            [
              8.99867,
              56.8744
            ],
            [
              9.24868,
              56.87441
            ],
            [
              9.24868,
              56.7494
            ]
          ]
        ]
      }
    },
    {
      "type": "Feature",
      "properties": {
        "BlockNo": "5609/06"
      },
      "geometry": {
        "type": "Polygon",
        "coordinates": [
          [
            [
              9.49869,
              56.74941
            ],
            [
              9.24868,
              56.7494
            ],
            [
              9.24868,
              56.87441
            ],
            [
              9.49869,
              56.87441
            ],
            [
              9.49869,
              56.74941
            ]
          ]
        ]
      }
    },
    {
      "type": "Feature",
      "properties": {
        "BlockNo": "5609/07"
      },
      "geometry": {
        "type": "Polygon",
        "coordinates": [
          [
            [
              9.7487,
              56.74941
            ],
            [
              9.49869,
              56.74941
            ],
            [
              9.49869,
              56.87441
            ],
            [
              9.74869,
              56.87441
            ],
            [
              9.7487,
              56.74941
            ]
          ]
        ]
      }
    },
    {
      "type": "Feature",
      "properties": {
        "BlockNo": "5609/08"
      },
      "geometry": {
        "type": "Polygon",
        "coordinates": [
          [
            [
              9.99871,
              56.74941
            ],
            [
              9.7487,
              56.74941
            ],
            [
              9.74869,
              56.87441
            ],
            [
              9.9987,
              56.87442
            ],
            [
              9.99871,
              56.74941
            ]
          ]
        ]
      }
    },
    {
      "type": "Feature",
      "properties": {
        "BlockNo": "5610/05"
      },
      "geometry": {
        "type": "Polygon",
        "coordinates": [
          [
            [
              10.24871,
              56.74941
            ],
            [
              9.99871,
              56.74941
            ],
            [
              9.9987,
              56.87442
            ],
            [
              10.24871,
              56.87442
            ],
            [
              10.24871,
              56.74941
            ]
          ]
        ]
      }
    },
    {
      "type": "Feature",
      "properties": {
        "BlockNo": "5610/06"
      },
      "geometry": {
        "type": "Polygon",
        "coordinates": [
          [
            [
              10.49872,
              56.74942
            ],
            [
              10.24871,
              56.74941
            ],
            [
              10.24871,
              56.87442
            ],
            [
              10.49871,
              56.87442
            ],
            [
              10.49872,
              56.74942
            ]
          ]
        ]
      }
    },
    {
      "type": "Feature",
      "properties": {
        "BlockNo": "5610/07"
      },
      "geometry": {
        "type": "Polygon",
        "coordinates": [
          [
            [
              10.74873,
              56.74942
            ],
            [
              10.49872,
              56.74942
            ],
            [
              10.49871,
              56.87442
            ],
            [
              10.74872,
              56.87442
            ],
            [
              10.74873,
              56.74942
            ]
          ]
        ]
      }
    },
    {
      "type": "Feature",
      "properties": {
        "BlockNo": "5610/08"
      },
      "geometry": {
        "type": "Polygon",
        "coordinates": [
          [
            [
              10.99873,
              56.74942
            ],
            [
              10.74873,
              56.74942
            ],
            [
              10.74872,
              56.87442
            ],
            [
              10.99873,
              56.87443
            ],
            [
              10.99873,
              56.74942
            ]
          ]
        ]
      }
    },
    {
      "type": "Feature",
      "properties": {
        "BlockNo": "5611/05"
      },
      "geometry": {
        "type": "Polygon",
        "coordinates": [
          [
            [
              11.24874,
              56.74943
            ],
            [
              10.99873,
              56.74942
            ],
            [
              10.99873,
              56.87443
            ],
            [
              11.24874,
              56.87443
            ],
            [
              11.24874,
              56.74943
            ]
          ]
        ]
      }
    },
    {
      "type": "Feature",
      "properties": {
        "BlockNo": "5611/06"
      },
      "geometry": {
        "type": "Polygon",
        "coordinates": [
          [
            [
              11.49875,
              56.74943
            ],
            [
              11.24874,
              56.74943
            ],
            [
              11.24874,
              56.87443
            ],
            [
              11.49874,
              56.87443
            ],
            [
              11.49875,
              56.74943
            ]
          ]
        ]
      }
    },
    {
      "type": "Feature",
      "properties": {
        "BlockNo": "5611/07"
      },
      "geometry": {
        "type": "Polygon",
        "coordinates": [
          [
            [
              11.74875,
              56.74943
            ],
            [
              11.49875,
              56.74943
            ],
            [
              11.49874,
              56.87443
            ],
            [
              11.74875,
              56.87444
            ],
            [
              11.74875,
              56.74943
            ]
          ]
        ]
      }
    },
    {
      "type": "Feature",
      "properties": {
        "BlockNo": "5611/08"
      },
      "geometry": {
        "type": "Polygon",
        "coordinates": [
          [
            [
              11.95865,
              56.74947
            ],
            [
              11.74875,
              56.74943
            ],
            [
              11.74875,
              56.87444
            ],
            [
              11.86016,
              56.8745
            ],
            [
              11.95865,
              56.74947
            ]
          ]
        ]
      }
    },
    {
      "type": "Feature",
      "properties": {
        "BlockNo": "5605/04"
      },
      "geometry": {
        "type": "Polygon",
        "coordinates": [
          [
            [
              5.99859,
              56.87439
            ],
            [
              5.93748,
              56.87443
            ],
            [
              5.99859,
              56.89317
            ],
            [
              5.99859,
              56.87439
            ]
          ]
        ]
      }
    },
    {
      "type": "Feature",
      "properties": {
        "BlockNo": "5606/01"
      },
      "geometry": {
        "type": "Polygon",
        "coordinates": [
          [
            [
              6.24859,
              56.87439
            ],
            [
              5.99859,
              56.87439
            ],
            [
              5.99859,
              56.89317
            ],
            [
              6.24859,
              56.96933
            ],
            [
              6.24859,
              56.87439
            ]
          ]
        ]
      }
    },
    {
      "type": "Feature",
      "properties": {
        "BlockNo": "5606/02"
      },
      "geometry": {
        "type": "Polygon",
        "coordinates": [
          [
            [
              6.49859,
              56.9994
            ],
            [
              6.4986,
              56.87439
            ],
            [
              6.24859,
              56.87439
            ],
            [
              6.24859,
              56.96933
            ],
            [
              6.34821,
              56.99946
            ],
            [
              6.49859,
              56.9994
            ]
          ]
        ]
      }
    },
    {
      "type": "Feature",
      "properties": {
        "BlockNo": "5606/03"
      },
      "geometry": {
        "type": "Polygon",
        "coordinates": [
          [
            [
              6.7486,
              56.9994
            ],
            [
              6.74861,
              56.8744
            ],
            [
              6.4986,
              56.87439
            ],
            [
              6.49859,
              56.9994
            ],
            [
              6.7486,
              56.9994
            ]
          ]
        ]
      }
    },
    {
      "type": "Feature",
      "properties": {
        "BlockNo": "5606/04"
      },
      "geometry": {
        "type": "Polygon",
        "coordinates": [
          [
            [
              6.99861,
              56.9994
            ],
            [
              6.99861,
              56.8744
            ],
            [
              6.74861,
              56.8744
            ],
            [
              6.7486,
              56.9994
            ],
            [
              6.99861,
              56.9994
            ]
          ]
        ]
      }
    },
    {
      "type": "Feature",
      "properties": {
        "BlockNo": "5607/01"
      },
      "geometry": {
        "type": "Polygon",
        "coordinates": [
          [
            [
              7.24862,
              56.99941
            ],
            [
              7.24862,
              56.8744
            ],
            [
              6.99861,
              56.8744
            ],
            [
              6.99861,
              56.9994
            ],
            [
              7.24862,
              56.99941
            ]
          ]
        ]
      }
    },
    {
      "type": "Feature",
      "properties": {
        "BlockNo": "5607/02"
      },
      "geometry": {
        "type": "Polygon",
        "coordinates": [
          [
            [
              7.49862,
              56.99941
            ],
            [
              7.49863,
              56.8744
            ],
            [
              7.24862,
              56.8744
            ],
            [
              7.24862,
              56.99941
            ],
            [
              7.49862,
              56.99941
            ]
          ]
        ]
      }
    },
    {
      "type": "Feature",
      "properties": {
        "BlockNo": "5607/03"
      },
      "geometry": {
        "type": "Polygon",
        "coordinates": [
          [
            [
              7.74863,
              56.99941
            ],
            [
              7.74863,
              56.87441
            ],
            [
              7.49863,
              56.8744
            ],
            [
              7.49862,
              56.99941
            ],
            [
              7.74863,
              56.99941
            ]
          ]
        ]
      }
    },
    {
      "type": "Feature",
      "properties": {
        "BlockNo": "5607/04"
      },
      "geometry": {
        "type": "Polygon",
        "coordinates": [
          [
            [
              7.99864,
              56.9994
            ],
            [
              7.99865,
              56.87439
            ],
            [
              7.74863,
              56.87441
            ],
            [
              7.74863,
              56.99941
            ],
            [
              7.99864,
              56.9994
            ]
          ]
        ]
      }
    },
    {
      "type": "Feature",
      "properties": {
        "BlockNo": "5608/01"
      },
      "geometry": {
        "type": "Polygon",
        "coordinates": [
          [
            [
              8.24865,
              56.9994
            ],
            [
              8.24865,
              56.87439
            ],
            [
              7.99865,
              56.87439
            ],
            [
              7.99864,
              56.9994
            ],
            [
              8.24865,
              56.9994
            ]
          ]
        ]
      }
    },
    {
      "type": "Feature",
      "properties": {
        "BlockNo": "5608/02"
      },
      "geometry": {
        "type": "Polygon",
        "coordinates": [
          [
            [
              8.49865,
              56.9994
            ],
            [
              8.49866,
              56.8744
            ],
            [
              8.24865,
              56.87439
            ],
            [
              8.24865,
              56.9994
            ],
            [
              8.49865,
              56.9994
            ]
          ]
        ]
      }
    },
    {
      "type": "Feature",
      "properties": {
        "BlockNo": "5608/03"
      },
      "geometry": {
        "type": "Polygon",
        "coordinates": [
          [
            [
              8.74866,
              56.99941
            ],
            [
              8.74867,
              56.8744
            ],
            [
              8.49866,
              56.8744
            ],
            [
              8.49865,
              56.9994
            ],
            [
              8.74866,
              56.99941
            ]
          ]
        ]
      }
    },
    {
      "type": "Feature",
      "properties": {
        "BlockNo": "5608/04"
      },
      "geometry": {
        "type": "Polygon",
        "coordinates": [
          [
            [
              8.99867,
              56.99941
            ],
            [
              8.99867,
              56.8744
            ],
            [
              8.74867,
              56.8744
            ],
            [
              8.74866,
              56.99941
            ],
            [
              8.99867,
              56.99941
            ]
          ]
        ]
      }
    },
    {
      "type": "Feature",
      "properties": {
        "BlockNo": "5609/01"
      },
      "geometry": {
        "type": "Polygon",
        "coordinates": [
          [
            [
              9.24868,
              56.87441
            ],
            [
              8.99867,
              56.8744
            ],
            [
              8.99867,
              56.99941
            ],
            [
              9.24867,
              56.99941
            ],
            [
              9.24868,
              56.87441
            ]
          ]
        ]
      }
    },
    {
      "type": "Feature",
      "properties": {
        "BlockNo": "5609/02"
      },
      "geometry": {
        "type": "Polygon",
        "coordinates": [
          [
            [
              9.49869,
              56.87441
            ],
            [
              9.24868,
              56.87441
            ],
            [
              9.24867,
              56.99941
            ],
            [
              9.49868,
              56.99941
            ],
            [
              9.49869,
              56.87441
            ]
          ]
        ]
      }
    },
    {
      "type": "Feature",
      "properties": {
        "BlockNo": "5609/03"
      },
      "geometry": {
        "type": "Polygon",
        "coordinates": [
          [
            [
              9.74869,
              56.87441
            ],
            [
              9.49869,
              56.87441
            ],
            [
              9.49868,
              56.99941
            ],
            [
              9.74869,
              56.99942
            ],
            [
              9.74869,
              56.87441
            ]
          ]
        ]
      }
    },
    {
      "type": "Feature",
      "properties": {
        "BlockNo": "5609/04"
      },
      "geometry": {
        "type": "Polygon",
        "coordinates": [
          [
            [
              9.9987,
              56.87442
            ],
            [
              9.74869,
              56.87441
            ],
            [
              9.74869,
              56.99942
            ],
            [
              9.99869,
              56.99942
            ],
            [
              9.9987,
              56.87442
            ]
          ]
        ]
      }
    },
    {
      "type": "Feature",
      "properties": {
        "BlockNo": "5610/01"
      },
      "geometry": {
        "type": "Polygon",
        "coordinates": [
          [
            [
              10.24871,
              56.87442
            ],
            [
              9.9987,
              56.87442
            ],
            [
              9.99869,
              56.99942
            ],
            [
              10.2487,
              56.99942
            ],
            [
              10.24871,
              56.87442
            ]
          ]
        ]
      }
    },
    {
      "type": "Feature",
      "properties": {
        "BlockNo": "5610/02"
      },
      "geometry": {
        "type": "Polygon",
        "coordinates": [
          [
            [
              10.49871,
              56.87442
            ],
            [
              10.24871,
              56.87442
            ],
            [
              10.2487,
              56.99942
            ],
            [
              10.49871,
              56.99943
            ],
            [
              10.49871,
              56.87442
            ]
          ]
        ]
      }
    },
    {
      "type": "Feature",
      "properties": {
        "BlockNo": "5610/03"
      },
      "geometry": {
        "type": "Polygon",
        "coordinates": [
          [
            [
              10.74872,
              56.87442
            ],
            [
              10.49871,
              56.87442
            ],
            [
              10.49871,
              56.99943
            ],
            [
              10.74872,
              56.99943
            ],
            [
              10.74872,
              56.87442
            ]
          ]
        ]
      }
    },
    {
      "type": "Feature",
      "properties": {
        "BlockNo": "5610/04"
      },
      "geometry": {
        "type": "Polygon",
        "coordinates": [
          [
            [
              10.99873,
              56.87443
            ],
            [
              10.74872,
              56.87442
            ],
            [
              10.74872,
              56.99943
            ],
            [
              10.99872,
              56.99943
            ],
            [
              10.99873,
              56.87443
            ]
          ]
        ]
      }
    },
    {
      "type": "Feature",
      "properties": {
        "BlockNo": "5611/01"
      },
      "geometry": {
        "type": "Polygon",
        "coordinates": [
          [
            [
              11.24874,
              56.87443
            ],
            [
              10.99873,
              56.87443
            ],
            [
              10.99872,
              56.99943
            ],
            [
              11.24873,
              56.99944
            ],
            [
              11.24874,
              56.87443
            ]
          ]
        ]
      }
    },
    {
      "type": "Feature",
      "properties": {
        "BlockNo": "5611/02"
      },
      "geometry": {
        "type": "Polygon",
        "coordinates": [
          [
            [
              11.49874,
              56.87443
            ],
            [
              11.24874,
              56.87443
            ],
            [
              11.24873,
              56.99944
            ],
            [
              11.49874,
              56.99944
            ],
            [
              11.49874,
              56.87443
            ]
          ]
        ]
      }
    },
    {
      "type": "Feature",
      "properties": {
        "BlockNo": "5611/03"
      },
      "geometry": {
        "type": "Polygon",
        "coordinates": [
          [
            [
              11.74875,
              56.87444
            ],
            [
              11.49874,
              56.87443
            ],
            [
              11.49874,
              56.99944
            ],
            [
              11.74874,
              56.99944
            ],
            [
              11.74875,
              56.87444
            ]
          ]
        ]
      }
    },
    {
      "type": "Feature",
      "properties": {
        "BlockNo": "5611/04"
      },
      "geometry": {
        "type": "Polygon",
        "coordinates": [
          [
            [
              11.86016,
              56.8745
            ],
            [
              11.74875,
              56.87444
            ],
            [
              11.74874,
              56.99944
            ],
            [
              11.76102,
              56.99945
            ],
            [
              11.86016,
              56.8745
            ]
          ]
        ]
      }
    },
    {
      "type": "Feature",
      "properties": {
        "BlockNo": "5706/30"
      },
      "geometry": {
        "type": "Polygon",
        "coordinates": [
          [
            [
              6.49859,
              56.9994
            ],
            [
              6.34821,
              56.99946
            ],
            [
              6.49859,
              57.04469
            ],
            [
              6.49859,
              56.9994
            ]
          ]
        ]
      }
    },
    {
      "type": "Feature",
      "properties": {
        "BlockNo": "5706/31"
      },
      "geometry": {
        "type": "Polygon",
        "coordinates": [
          [
            [
              6.7486,
              56.9994
            ],
            [
              6.49859,
              56.9994
            ],
            [
              6.49859,
              57.04469
            ],
            [
              6.7486,
              57.11925
            ],
            [
              6.7486,
              56.9994
            ]
          ]
        ]
      }
    },
    {
      "type": "Feature",
      "properties": {
        "BlockNo": "5706/32"
      },
      "geometry": {
        "type": "Polygon",
        "coordinates": [
          [
            [
              6.9986,
              57.12441
            ],
            [
              6.99861,
              56.9994
            ],
            [
              6.7486,
              56.9994
            ],
            [
              6.7486,
              57.11925
            ],
            [
              6.76603,
              57.12442
            ],
            [
              6.9986,
              57.12441
            ]
          ]
        ]
      }
    },
    {
      "type": "Feature",
      "properties": {
        "BlockNo": "5707/29"
      },
      "geometry": {
        "type": "Polygon",
        "coordinates": [
          [
            [
              7.24861,
              57.12441
            ],
            [
              7.24862,
              56.99941
            ],
            [
              6.99861,
              56.9994
            ],
            [
              6.9986,
              57.12441
            ],
            [
              7.24861,
              57.12441
            ]
          ]
        ]
      }
    },
    {
      "type": "Feature",
      "properties": {
        "BlockNo": "5707/30"
      },
      "geometry": {
        "type": "Polygon",
        "coordinates": [
          [
            [
              7.49862,
              57.12441
            ],
            [
              7.49862,
              56.99941
            ],
            [
              7.24862,
              56.99941
            ],
            [
              7.24861,
              57.12441
            ],
            [
              7.49862,
              57.12441
            ]
          ]
        ]
      }
    },
    {
      "type": "Feature",
      "properties": {
        "BlockNo": "5707/31"
      },
      "geometry": {
        "type": "Polygon",
        "coordinates": [
          [
            [
              7.74863,
              57.12442
            ],
            [
              7.74863,
              56.99941
            ],
            [
              7.49862,
              56.99941
            ],
            [
              7.49862,
              57.12441
            ],
            [
              7.74863,
              57.12442
            ]
          ]
        ]
      }
    },
    {
      "type": "Feature",
      "properties": {
        "BlockNo": "5707/32"
      },
      "geometry": {
        "type": "Polygon",
        "coordinates": [
          [
            [
              7.99863,
              57.1244
            ],
            [
              7.99864,
              56.9994
            ],
            [
              7.74863,
              56.99941
            ],
            [
              7.74863,
              57.12442
            ],
            [
              7.99863,
              57.1244
            ]
          ]
        ]
      }
    },
    {
      "type": "Feature",
      "properties": {
        "BlockNo": "5708/29"
      },
      "geometry": {
        "type": "Polygon",
        "coordinates": [
          [
            [
              8.24864,
              57.1244
            ],
            [
              8.24865,
              56.9994
            ],
            [
              7.99864,
              56.9994
            ],
            [
              7.99863,
              57.1244
            ],
            [
              8.24864,
              57.1244
            ]
          ]
        ]
      }
    },
    {
      "type": "Feature",
      "properties": {
        "BlockNo": "5708/30"
      },
      "geometry": {
        "type": "Polygon",
        "coordinates": [
          [
            [
              8.49865,
              57.12441
            ],
            [
              8.49865,
              56.9994
            ],
            [
              8.24865,
              56.9994
            ],
            [
              8.24864,
              57.1244
            ],
            [
              8.49865,
              57.12441
            ]
          ]
        ]
      }
    },
    {
      "type": "Feature",
      "properties": {
        "BlockNo": "5708/31"
      },
      "geometry": {
        "type": "Polygon",
        "coordinates": [
          [
            [
              8.74866,
              57.12441
            ],
            [
              8.74866,
              56.99941
            ],
            [
              8.49865,
              56.9994
            ],
            [
              8.49865,
              57.12441
            ],
            [
              8.74866,
              57.12441
            ]
          ]
        ]
      }
    },
    {
      "type": "Feature",
      "properties": {
        "BlockNo": "5708/32"
      },
      "geometry": {
        "type": "Polygon",
        "coordinates": [
          [
            [
              8.99866,
              57.12441
            ],
            [
              8.99867,
              56.99941
            ],
            [
              8.74866,
              56.99941
            ],
            [
              8.74866,
              57.12441
            ],
            [
              8.99866,
              57.12441
            ]
          ]
        ]
      }
    },
    {
      "type": "Feature",
      "properties": {
        "BlockNo": "5709/29"
      },
      "geometry": {
        "type": "Polygon",
        "coordinates": [
          [
            [
              9.24867,
              56.99941
            ],
            [
              8.99867,
              56.99941
            ],
            [
              8.99866,
              57.12441
            ],
            [
              9.24867,
              57.12442
            ],
            [
              9.24867,
              56.99941
            ]
          ]
        ]
      }
    },
    {
      "type": "Feature",
      "properties": {
        "BlockNo": "5709/30"
      },
      "geometry": {
        "type": "Polygon",
        "coordinates": [
          [
            [
              9.49868,
              56.99941
            ],
            [
              9.24867,
              56.99941
            ],
            [
              9.24867,
              57.12442
            ],
            [
              9.49868,
              57.12442
            ],
            [
              9.49868,
              56.99941
            ]
          ]
        ]
      }
    },
    {
      "type": "Feature",
      "properties": {
        "BlockNo": "5709/31"
      },
      "geometry": {
        "type": "Polygon",
        "coordinates": [
          [
            [
              9.74869,
              56.99942
            ],
            [
              9.49868,
              56.99941
            ],
            [
              9.49868,
              57.12442
            ],
            [
              9.74868,
              57.12442
            ],
            [
              9.74869,
              56.99942
            ]
          ]
        ]
      }
    },
    {
      "type": "Feature",
      "properties": {
        "BlockNo": "5709/32"
      },
      "geometry": {
        "type": "Polygon",
        "coordinates": [
          [
            [
              9.99869,
              56.99942
            ],
            [
              9.74869,
              56.99942
            ],
            [
              9.74868,
              57.12442
            ],
            [
              9.99869,
              57.12442
            ],
            [
              9.99869,
              56.99942
            ]
          ]
        ]
      }
    },
    {
      "type": "Feature",
      "properties": {
        "BlockNo": "5710/29"
      },
      "geometry": {
        "type": "Polygon",
        "coordinates": [
          [
            [
              10.2487,
              56.99942
            ],
            [
              9.99869,
              56.99942
            ],
            [
              9.99869,
              57.12442
            ],
            [
              10.2487,
              57.12443
            ],
            [
              10.2487,
              56.99942
            ]
          ]
        ]
      }
    },
    {
      "type": "Feature",
      "properties": {
        "BlockNo": "5710/30"
      },
      "geometry": {
        "type": "Polygon",
        "coordinates": [
          [
            [
              10.49871,
              56.99943
            ],
            [
              10.2487,
              56.99942
            ],
            [
              10.2487,
              57.12443
            ],
            [
              10.4987,
              57.12443
            ],
            [
              10.49871,
              56.99943
            ]
          ]
        ]
      }
    },
    {
      "type": "Feature",
      "properties": {
        "BlockNo": "5710/31"
      },
      "geometry": {
        "type": "Polygon",
        "coordinates": [
          [
            [
              10.74872,
              56.99943
            ],
            [
              10.49871,
              56.99943
            ],
            [
              10.4987,
              57.12443
            ],
            [
              10.74871,
              57.12443
            ],
            [
              10.74872,
              56.99943
            ]
          ]
        ]
      }
    },
    {
      "type": "Feature",
      "properties": {
        "BlockNo": "5710/32"
      },
      "geometry": {
        "type": "Polygon",
        "coordinates": [
          [
            [
              10.99872,
              56.99943
            ],
            [
              10.74872,
              56.99943
            ],
            [
              10.74871,
              57.12443
            ],
            [
              10.99872,
              57.12444
            ],
            [
              10.99872,
              56.99943
            ]
          ]
        ]
      }
    },
    {
      "type": "Feature",
      "properties": {
        "BlockNo": "5711/29"
      },
      "geometry": {
        "type": "Polygon",
        "coordinates": [
          [
            [
              11.24873,
              56.99944
            ],
            [
              10.99872,
              56.99943
            ],
            [
              10.99872,
              57.12444
            ],
            [
              11.24873,
              57.12444
            ],
            [
              11.24873,
              56.99944
            ]
          ]
        ]
      }
    },
    {
      "type": "Feature",
      "properties": {
        "BlockNo": "5711/30"
      },
      "geometry": {
        "type": "Polygon",
        "coordinates": [
          [
            [
              11.49874,
              56.99944
            ],
            [
              11.24873,
              56.99944
            ],
            [
              11.24873,
              57.12444
            ],
            [
              11.49873,
              57.12444
            ],
            [
              11.49874,
              56.99944
            ]
          ]
        ]
      }
    },
    {
      "type": "Feature",
      "properties": {
        "BlockNo": "5711/31"
      },
      "geometry": {
        "type": "Polygon",
        "coordinates": [
          [
            [
              11.74874,
              57.01487
            ],
            [
              11.74874,
              56.99944
            ],
            [
              11.49874,
              56.99944
            ],
            [
              11.49873,
              57.12444
            ],
            [
              11.66109,
              57.1245
            ],
            [
              11.74874,
              57.01487
            ]
          ]
        ]
      }
    },
    {
      "type": "Feature",
      "properties": {
        "BlockNo": "5711/32"
      },
      "geometry": {
        "type": "Polygon",
        "coordinates": [
          [
            [
              11.76102,
              56.99945
            ],
            [
              11.74874,
              56.99944
            ],
            [
              11.74874,
              57.01487
            ],
            [
              11.76102,
              56.99945
            ]
          ]
        ]
      }
    },
    {
      "type": "Feature",
      "properties": {
        "BlockNo": "5706/28"
      },
      "geometry": {
        "type": "Polygon",
        "coordinates": [
          [
            [
              6.9986,
              57.12441
            ],
            [
              6.76603,
              57.12442
            ],
            [
              6.93527,
              57.17441
            ],
            [
              6.9986,
              57.19438
            ],
            [
              6.9986,
              57.12441
            ]
          ]
        ]
      }
    },
    {
      "type": "Feature",
      "properties": {
        "BlockNo": "5707/25"
      },
      "geometry": {
        "type": "Polygon",
        "coordinates": [
          [
            [
              7.24861,
              57.24941
            ],
            [
              7.24861,
              57.12441
            ],
            [
              6.9986,
              57.12441
            ],
            [
              6.9986,
              57.19438
            ],
            [
              7.17413,
              57.24947
            ],
            [
              7.24861,
              57.24941
            ]
          ]
        ]
      }
    },
    {
      "type": "Feature",
      "properties": {
        "BlockNo": "5707/26"
      },
      "geometry": {
        "type": "Polygon",
        "coordinates": [
          [
            [
              7.49861,
              57.24942
            ],
            [
              7.49862,
              57.12441
            ],
            [
              7.24861,
              57.12441
            ],
            [
              7.24861,
              57.24941
            ],
            [
              7.49861,
              57.24942
            ]
          ]
        ]
      }
    },
    {
      "type": "Feature",
      "properties": {
        "BlockNo": "5707/27"
      },
      "geometry": {
        "type": "Polygon",
        "coordinates": [
          [
            [
              7.74862,
              57.24942
            ],
            [
              7.74863,
              57.12442
            ],
            [
              7.49862,
              57.12441
            ],
            [
              7.49861,
              57.24942
            ],
            [
              7.74862,
              57.24942
            ]
          ]
        ]
      }
    },
    {
      "type": "Feature",
      "properties": {
        "BlockNo": "5707/28"
      },
      "geometry": {
        "type": "Polygon",
        "coordinates": [
          [
            [
              7.99863,
              57.2494
            ],
            [
              7.99863,
              57.1244
            ],
            [
              7.74863,
              57.12442
            ],
            [
              7.74862,
              57.24942
            ],
            [
              7.99863,
              57.2494
            ]
          ]
        ]
      }
    },
    {
      "type": "Feature",
      "properties": {
        "BlockNo": "5708/25"
      },
      "geometry": {
        "type": "Polygon",
        "coordinates": [
          [
            [
              8.24864,
              57.24941
            ],
            [
              8.24864,
              57.1244
            ],
            [
              7.99863,
              57.1244
            ],
            [
              7.99863,
              57.2494
            ],
            [
              8.24864,
              57.24941
            ]
          ]
        ]
      }
    },
    {
      "type": "Feature",
      "properties": {
        "BlockNo": "5708/26"
      },
      "geometry": {
        "type": "Polygon",
        "coordinates": [
          [
            [
              8.49864,
              57.24941
            ],
            [
              8.49865,
              57.12441
            ],
            [
              8.24864,
              57.1244
            ],
            [
              8.24864,
              57.24941
            ],
            [
              8.49864,
              57.24941
            ]
          ]
        ]
      }
    },
    {
      "type": "Feature",
      "properties": {
        "BlockNo": "5708/27"
      },
      "geometry": {
        "type": "Polygon",
        "coordinates": [
          [
            [
              8.74865,
              57.24941
            ],
            [
              8.74866,
              57.12441
            ],
            [
              8.49865,
              57.12441
            ],
            [
              8.49864,
              57.24941
            ],
            [
              8.74865,
              57.24941
            ]
          ]
        ]
      }
    },
    {
      "type": "Feature",
      "properties": {
        "BlockNo": "5708/28"
      },
      "geometry": {
        "type": "Polygon",
        "coordinates": [
          [
            [
              8.99866,
              57.24942
            ],
            [
              8.99866,
              57.12441
            ],
            [
              8.74866,
              57.12441
            ],
            [
              8.74865,
              57.24941
            ],
            [
              8.99866,
              57.24942
            ]
          ]
        ]
      }
    },
    {
      "type": "Feature",
      "properties": {
        "BlockNo": "5709/25"
      },
      "geometry": {
        "type": "Polygon",
        "coordinates": [
          [
            [
              9.24867,
              57.12442
            ],
            [
              8.99866,
              57.12441
            ],
            [
              8.99866,
              57.24942
            ],
            [
              9.24866,
              57.24942
            ],
            [
              9.24867,
              57.12442
            ]
          ]
        ]
      }
    },
    {
      "type": "Feature",
      "properties": {
        "BlockNo": "5709/26"
      },
      "geometry": {
        "type": "Polygon",
        "coordinates": [
          [
            [
              9.49868,
              57.12442
            ],
            [
              9.24867,
              57.12442
            ],
            [
              9.24866,
              57.24942
            ],
            [
              9.49867,
              57.24942
            ],
            [
              9.49868,
              57.12442
            ]
          ]
        ]
      }
    },
    {
      "type": "Feature",
      "properties": {
        "BlockNo": "5709/27"
      },
      "geometry": {
        "type": "Polygon",
        "coordinates": [
          [
            [
              9.74868,
              57.12442
            ],
            [
              9.49868,
              57.12442
            ],
            [
              9.49867,
              57.24942
            ],
            [
              9.74868,
              57.24943
            ],
            [
              9.74868,
              57.12442
            ]
          ]
        ]
      }
    },
    {
      "type": "Feature",
      "properties": {
        "BlockNo": "5709/28"
      },
      "geometry": {
        "type": "Polygon",
        "coordinates": [
          [
            [
              9.99869,
              57.12442
            ],
            [
              9.74868,
              57.12442
            ],
            [
              9.74868,
              57.24943
            ],
            [
              9.99868,
              57.24943
            ],
            [
              9.99869,
              57.12442
            ]
          ]
        ]
      }
    },
    {
      "type": "Feature",
      "properties": {
        "BlockNo": "5710/25"
      },
      "geometry": {
        "type": "Polygon",
        "coordinates": [
          [
            [
              10.2487,
              57.12443
            ],
            [
              9.99869,
              57.12442
            ],
            [
              9.99868,
              57.24943
            ],
            [
              10.24869,
              57.24943
            ],
            [
              10.2487,
              57.12443
            ]
          ]
        ]
      }
    },
    {
      "type": "Feature",
      "properties": {
        "BlockNo": "5710/26"
      },
      "geometry": {
        "type": "Polygon",
        "coordinates": [
          [
            [
              10.4987,
              57.12443
            ],
            [
              10.2487,
              57.12443
            ],
            [
              10.24869,
              57.24943
            ],
            [
              10.4987,
              57.24944
            ],
            [
              10.4987,
              57.12443
            ]
          ]
        ]
      }
    },
    {
      "type": "Feature",
      "properties": {
        "BlockNo": "5710/27"
      },
      "geometry": {
        "type": "Polygon",
        "coordinates": [
          [
            [
              10.74871,
              57.12443
            ],
            [
              10.4987,
              57.12443
            ],
            [
              10.4987,
              57.24944
            ],
            [
              10.74871,
              57.24944
            ],
            [
              10.74871,
              57.12443
            ]
          ]
        ]
      }
    },
    {
      "type": "Feature",
      "properties": {
        "BlockNo": "5710/28"
      },
      "geometry": {
        "type": "Polygon",
        "coordinates": [
          [
            [
              10.99872,
              57.12444
            ],
            [
              10.74871,
              57.12443
            ],
            [
              10.74871,
              57.24944
            ],
            [
              10.99871,
              57.24944
            ],
            [
              10.99872,
              57.12444
            ]
          ]
        ]
      }
    },
    {
      "type": "Feature",
      "properties": {
        "BlockNo": "5711/25"
      },
      "geometry": {
        "type": "Polygon",
        "coordinates": [
          [
            [
              11.24873,
              57.12444
            ],
            [
              10.99872,
              57.12444
            ],
            [
              10.99871,
              57.24944
            ],
            [
              11.24872,
              57.24944
            ],
            [
              11.24873,
              57.12444
            ]
          ]
        ]
      }
    },
    {
      "type": "Feature",
      "properties": {
        "BlockNo": "5711/26"
      },
      "geometry": {
        "type": "Polygon",
        "coordinates": [
          [
            [
              11.49873,
              57.12444
            ],
            [
              11.24873,
              57.12444
            ],
            [
              11.24872,
              57.24944
            ],
            [
              11.49873,
              57.24945
            ],
            [
              11.49873,
              57.12444
            ]
          ]
        ]
      }
    },
    {
      "type": "Feature",
      "properties": {
        "BlockNo": "5711/27"
      },
      "geometry": {
        "type": "Polygon",
        "coordinates": [
          [
            [
              11.66109,
              57.1245
            ],
            [
              11.49873,
              57.12444
            ],
            [
              11.49873,
              57.24945
            ],
            [
              11.56048,
              57.24949
            ],
            [
              11.66109,
              57.1245
            ]
          ]
        ]
      }
    },
    {
      "type": "Feature",
      "properties": {
        "BlockNo": "5707/21"
      },
      "geometry": {
        "type": "Polygon",
        "coordinates": [
          [
            [
              7.24861,
              57.24941
            ],
            [
              7.17413,
              57.24947
            ],
            [
              7.24861,
              57.27272
            ],
            [
              7.24861,
              57.24941
            ]
          ]
        ]
      }
    },
    {
      "type": "Feature",
      "properties": {
        "BlockNo": "5707/22"
      },
      "geometry": {
        "type": "Polygon",
        "coordinates": [
          [
            [
              7.49861,
              57.24942
            ],
            [
              7.24861,
              57.24941
            ],
            [
              7.24861,
              57.27272
            ],
            [
              7.49861,
              57.35022
            ],
            [
              7.49861,
              57.24942
            ]
          ]
        ]
      }
    },
    {
      "type": "Feature",
      "properties": {
        "BlockNo": "5707/23"
      },
      "geometry": {
        "type": "Polygon",
        "coordinates": [
          [
            [
              7.74862,
              57.37442
            ],
            [
              7.74862,
              57.24942
            ],
            [
              7.49861,
              57.24942
            ],
            [
              7.49861,
              57.35022
            ],
            [
              7.57738,
              57.37448
            ],
            [
              7.74862,
              57.37442
            ]
          ]
        ]
      }
    },
    {
      "type": "Feature",
      "properties": {
        "BlockNo": "5707/24"
      },
      "geometry": {
        "type": "Polygon",
        "coordinates": [
          [
            [
              7.99862,
              57.37441
            ],
            [
              7.99863,
              57.2494
            ],
            [
              7.74862,
              57.24942
            ],
            [
              7.74862,
              57.37442
            ],
            [
              7.99862,
              57.37441
            ]
          ]
        ]
      }
    },
    {
      "type": "Feature",
      "properties": {
        "BlockNo": "5708/21"
      },
      "geometry": {
        "type": "Polygon",
        "coordinates": [
          [
            [
              8.24863,
              57.37441
            ],
            [
              8.24864,
              57.24941
            ],
            [
              7.99863,
              57.2494
            ],
            [
              7.99862,
              57.37441
            ],
            [
              8.24863,
              57.37441
            ]
          ]
        ]
      }
    },
    {
      "type": "Feature",
      "properties": {
        "BlockNo": "5708/22"
      },
      "geometry": {
        "type": "Polygon",
        "coordinates": [
          [
            [
              8.49864,
              57.37442
            ],
            [
              8.49864,
              57.24941
            ],
            [
              8.24864,
              57.24941
            ],
            [
              8.24863,
              57.37441
            ],
            [
              8.49864,
              57.37442
            ]
          ]
        ]
      }
    },
    {
      "type": "Feature",
      "properties": {
        "BlockNo": "5708/23"
      },
      "geometry": {
        "type": "Polygon",
        "coordinates": [
          [
            [
              8.74864,
              57.37442
            ],
            [
              8.74865,
              57.24941
            ],
            [
              8.49864,
              57.24941
            ],
            [
              8.49864,
              57.37442
            ],
            [
              8.74864,
              57.37442
            ]
          ]
        ]
      }
    },
    {
      "type": "Feature",
      "properties": {
        "BlockNo": "5708/24"
      },
      "geometry": {
        "type": "Polygon",
        "coordinates": [
          [
            [
              8.99865,
              57.37442
            ],
            [
              8.99866,
              57.24942
            ],
            [
              8.74865,
              57.24941
            ],
            [
              8.74864,
              57.37442
            ],
            [
              8.99865,
              57.37442
            ]
          ]
        ]
      }
    },
    {
      "type": "Feature",
      "properties": {
        "BlockNo": "5709/21"
      },
      "geometry": {
        "type": "Polygon",
        "coordinates": [
          [
            [
              9.24866,
              57.24942
            ],
            [
              8.99866,
              57.24942
            ],
            [
              8.99865,
              57.37442
            ],
            [
              9.24866,
              57.37442
            ],
            [
              9.24866,
              57.24942
            ]
          ]
        ]
      }
    },
    {
      "type": "Feature",
      "properties": {
        "BlockNo": "5709/22"
      },
      "geometry": {
        "type": "Polygon",
        "coordinates": [
          [
            [
              9.49867,
              57.24942
            ],
            [
              9.24866,
              57.24942
            ],
            [
              9.24866,
              57.37442
            ],
            [
              9.49867,
              57.37443
            ],
            [
              9.49867,
              57.24942
            ]
          ]
        ]
      }
    },
    {
      "type": "Feature",
      "properties": {
        "BlockNo": "5709/23"
      },
      "geometry": {
        "type": "Polygon",
        "coordinates": [
          [
            [
              9.74868,
              57.24943
            ],
            [
              9.49867,
              57.24942
            ],
            [
              9.49867,
              57.37443
            ],
            [
              9.74867,
              57.37443
            ],
            [
              9.74868,
              57.24943
            ]
          ]
        ]
      }
    },
    {
      "type": "Feature",
      "properties": {
        "BlockNo": "5709/24"
      },
      "geometry": {
        "type": "Polygon",
        "coordinates": [
          [
            [
              9.99868,
              57.24943
            ],
            [
              9.74868,
              57.24943
            ],
            [
              9.74867,
              57.37443
            ],
            [
              9.99868,
              57.37443
            ],
            [
              9.99868,
              57.24943
            ]
          ]
        ]
      }
    },
    {
      "type": "Feature",
      "properties": {
        "BlockNo": "5710/21"
      },
      "geometry": {
        "type": "Polygon",
        "coordinates": [
          [
            [
              10.24869,
              57.24943
            ],
            [
              9.99868,
              57.24943
            ],
            [
              9.99868,
              57.37443
            ],
            [
              10.24869,
              57.37444
            ],
            [
              10.24869,
              57.24943
            ]
          ]
        ]
      }
    },
    {
      "type": "Feature",
      "properties": {
        "BlockNo": "5710/22"
      },
      "geometry": {
        "type": "Polygon",
        "coordinates": [
          [
            [
              10.4987,
              57.24944
            ],
            [
              10.24869,
              57.24943
            ],
            [
              10.24869,
              57.37444
            ],
            [
              10.49869,
              57.37444
            ],
            [
              10.4987,
              57.24944
            ]
          ]
        ]
      }
    },
    {
      "type": "Feature",
      "properties": {
        "BlockNo": "5710/23"
      },
      "geometry": {
        "type": "Polygon",
        "coordinates": [
          [
            [
              10.74871,
              57.24944
            ],
            [
              10.4987,
              57.24944
            ],
            [
              10.49869,
              57.37444
            ],
            [
              10.7487,
              57.37444
            ],
            [
              10.74871,
              57.24944
            ]
          ]
        ]
      }
    },
    {
      "type": "Feature",
      "properties": {
        "BlockNo": "5710/24"
      },
      "geometry": {
        "type": "Polygon",
        "coordinates": [
          [
            [
              10.99871,
              57.24944
            ],
            [
              10.74871,
              57.24944
            ],
            [
              10.7487,
              57.37444
            ],
            [
              10.99871,
              57.37445
            ],
            [
              10.99871,
              57.24944
            ]
          ]
        ]
      }
    },
    {
      "type": "Feature",
      "properties": {
        "BlockNo": "5711/21"
      },
      "geometry": {
        "type": "Polygon",
        "coordinates": [
          [
            [
              11.24872,
              57.24944
            ],
            [
              10.99871,
              57.24944
            ],
            [
              10.99871,
              57.37445
            ],
            [
              11.24872,
              57.37445
            ],
            [
              11.24872,
              57.24944
            ]
          ]
        ]
      }
    },
    {
      "type": "Feature",
      "properties": {
        "BlockNo": "5711/22"
      },
      "geometry": {
        "type": "Polygon",
        "coordinates": [
          [
            [
              11.49872,
              57.32577
            ],
            [
              11.49873,
              57.24945
            ],
            [
              11.24872,
              57.24944
            ],
            [
              11.24872,
              57.37445
            ],
            [
              11.45914,
              57.37448
            ],
            [
              11.49872,
              57.32577
            ]
          ]
        ]
      }
    },
    {
      "type": "Feature",
      "properties": {
        "BlockNo": "5711/23"
      },
      "geometry": {
        "type": "Polygon",
        "coordinates": [
          [
            [
              11.56048,
              57.24949
            ],
            [
              11.49873,
              57.24945
            ],
            [
              11.49872,
              57.32577
            ],
            [
              11.56048,
              57.24949
            ]
          ]
        ]
      }
    },
    {
      "type": "Feature",
      "properties": {
        "BlockNo": "5707/19"
      },
      "geometry": {
        "type": "Polygon",
        "coordinates": [
          [
            [
              7.74862,
              57.37442
            ],
            [
              7.57738,
              57.37448
            ],
            [
              7.74861,
              57.42692
            ],
            [
              7.74862,
              57.37442
            ]
          ]
        ]
      }
    },
    {
      "type": "Feature",
      "properties": {
        "BlockNo": "5707/20"
      },
      "geometry": {
        "type": "Polygon",
        "coordinates": [
          [
            [
              7.99862,
              57.49941
            ],
            [
              7.99862,
              57.37441
            ],
            [
              7.74862,
              57.37442
            ],
            [
              7.74861,
              57.42692
            ],
            [
              7.98195,
              57.49774
            ],
            [
              7.98852,
              57.49942
            ],
            [
              7.99862,
              57.49941
            ]
          ]
        ]
      }
    },
    {
      "type": "Feature",
      "properties": {
        "BlockNo": "5708/17"
      },
      "geometry": {
        "type": "Polygon",
        "coordinates": [
          [
            [
              8.24863,
              57.49942
            ],
            [
              8.24863,
              57.37441
            ],
            [
              7.99862,
              57.37441
            ],
            [
              7.99862,
              57.49941
            ],
            [
              8.24863,
              57.49942
            ]
          ]
        ]
      }
    },
    {
      "type": "Feature",
      "properties": {
        "BlockNo": "5708/18"
      },
      "geometry": {
        "type": "Polygon",
        "coordinates": [
          [
            [
              8.49863,
              57.49942
            ],
            [
              8.49864,
              57.37442
            ],
            [
              8.24863,
              57.37441
            ],
            [
              8.24863,
              57.49942
            ],
            [
              8.49863,
              57.49942
            ]
          ]
        ]
      }
    },
    {
      "type": "Feature",
      "properties": {
        "BlockNo": "5708/19"
      },
      "geometry": {
        "type": "Polygon",
        "coordinates": [
          [
            [
              8.74864,
              57.49942
            ],
            [
              8.74864,
              57.37442
            ],
            [
              8.49864,
              57.37442
            ],
            [
              8.49863,
              57.49942
            ],
            [
              8.74864,
              57.49942
            ]
          ]
        ]
      }
    },
    {
      "type": "Feature",
      "properties": {
        "BlockNo": "5708/20"
      },
      "geometry": {
        "type": "Polygon",
        "coordinates": [
          [
            [
              8.99865,
              57.49943
            ],
            [
              8.99865,
              57.37442
            ],
            [
              8.74864,
              57.37442
            ],
            [
              8.74864,
              57.49942
            ],
            [
              8.99865,
              57.49943
            ]
          ]
        ]
      }
    },
    {
      "type": "Feature",
      "properties": {
        "BlockNo": "5709/17"
      },
      "geometry": {
        "type": "Polygon",
        "coordinates": [
          [
            [
              9.24866,
              57.37442
            ],
            [
              8.99865,
              57.37442
            ],
            [
              8.99865,
              57.49943
            ],
            [
              9.24865,
              57.49943
            ],
            [
              9.24866,
              57.37442
            ]
          ]
        ]
      }
    },
    {
      "type": "Feature",
      "properties": {
        "BlockNo": "5709/18"
      },
      "geometry": {
        "type": "Polygon",
        "coordinates": [
          [
            [
              9.49867,
              57.37443
            ],
            [
              9.24866,
              57.37442
            ],
            [
              9.24865,
              57.49943
            ],
            [
              9.49866,
              57.49943
            ],
            [
              9.49867,
              57.37443
            ]
          ]
        ]
      }
    },
    {
      "type": "Feature",
      "properties": {
        "BlockNo": "5709/19"
      },
      "geometry": {
        "type": "Polygon",
        "coordinates": [
          [
            [
              9.74867,
              57.37443
            ],
            [
              9.49867,
              57.37443
            ],
            [
              9.49866,
              57.49943
            ],
            [
              9.74867,
              57.49943
            ],
            [
              9.74867,
              57.37443
            ]
          ]
        ]
      }
    },
    {
      "type": "Feature",
      "properties": {
        "BlockNo": "5709/20"
      },
      "geometry": {
        "type": "Polygon",
        "coordinates": [
          [
            [
              9.99868,
              57.37443
            ],
            [
              9.74867,
              57.37443
            ],
            [
              9.74867,
              57.49943
            ],
            [
              9.99867,
              57.49944
            ],
            [
              9.99868,
              57.37443
            ]
          ]
        ]
      }
    },
    {
      "type": "Feature",
      "properties": {
        "BlockNo": "5710/17"
      },
      "geometry": {
        "type": "Polygon",
        "coordinates": [
          [
            [
              10.24869,
              57.37444
            ],
            [
              9.99868,
              57.37443
            ],
            [
              9.99867,
              57.49944
            ],
            [
              10.24868,
              57.49944
            ],
            [
              10.24869,
              57.37444
            ]
          ]
        ]
      }
    },
    {
      "type": "Feature",
      "properties": {
        "BlockNo": "5710/18"
      },
      "geometry": {
        "type": "Polygon",
        "coordinates": [
          [
            [
              10.49869,
              57.37444
            ],
            [
              10.24869,
              57.37444
            ],
            [
              10.24868,
              57.49944
            ],
            [
              10.49869,
              57.49944
            ],
            [
              10.49869,
              57.37444
            ]
          ]
        ]
      }
    },
    {
      "type": "Feature",
      "properties": {
        "BlockNo": "5710/19"
      },
      "geometry": {
        "type": "Polygon",
        "coordinates": [
          [
            [
              10.7487,
              57.37444
            ],
            [
              10.49869,
              57.37444
            ],
            [
              10.49869,
              57.49944
            ],
            [
              10.7487,
              57.49945
            ],
            [
              10.7487,
              57.37444
            ]
          ]
        ]
      }
    },
    {
      "type": "Feature",
      "properties": {
        "BlockNo": "5710/20"
      },
      "geometry": {
        "type": "Polygon",
        "coordinates": [
          [
            [
              10.99871,
              57.37445
            ],
            [
              10.7487,
              57.37444
            ],
            [
              10.7487,
              57.49945
            ],
            [
              10.9987,
              57.49945
            ],
            [
              10.99871,
              57.37445
            ]
          ]
        ]
      }
    },
    {
      "type": "Feature",
      "properties": {
        "BlockNo": "5711/17"
      },
      "geometry": {
        "type": "Polygon",
        "coordinates": [
          [
            [
              11.24872,
              57.37445
            ],
            [
              10.99871,
              57.37445
            ],
            [
              10.9987,
              57.49945
            ],
            [
              11.24871,
              57.49945
            ],
            [
              11.24872,
              57.37445
            ]
          ]
        ]
      }
    },
    {
      "type": "Feature",
      "properties": {
        "BlockNo": "5711/18"
      },
      "geometry": {
        "type": "Polygon",
        "coordinates": [
          [
            [
              11.45914,
              57.37448
            ],
            [
              11.24872,
              57.37445
            ],
            [
              11.24871,
              57.49945
            ],
            [
              11.35062,
              57.49951
            ],
            [
              11.39799,
              57.44945
            ],
            [
              11.45914,
              57.37448
            ]
          ]
        ]
      }
    },
    {
      "type": "Feature",
      "properties": {
        "BlockNo": "5707/16"
      },
      "geometry": {
        "type": "Polygon",
        "coordinates": [
          [
            [
              7.99862,
              57.49941
            ],
            [
              7.98852,
              57.49942
            ],
            [
              7.99862,
              57.502
            ],
            [
              7.99862,
              57.49941
            ]
          ]
        ]
      }
    },
    {
      "type": "Feature",
      "properties": {
        "BlockNo": "5708/13"
      },
      "geometry": {
        "type": "Polygon",
        "coordinates": [
          [
            [
              8.24863,
              57.49942
            ],
            [
              7.99862,
              57.49941
            ],
            [
              7.99862,
              57.502
            ],
            [
              8.24862,
              57.56544
            ],
            [
              8.24863,
              57.49942
            ]
          ]
        ]
      }
    },
    {
      "type": "Feature",
      "properties": {
        "BlockNo": "5708/14"
      },
      "geometry": {
        "type": "Polygon",
        "coordinates": [
          [
            [
              8.49863,
              57.62442
            ],
            [
              8.49863,
              57.49942
            ],
            [
              8.24863,
              57.49942
            ],
            [
              8.24862,
              57.56544
            ],
            [
              8.45696,
              57.61775
            ],
            [
              8.49321,
              57.62443
            ],
            [
              8.49863,
              57.62442
            ]
          ]
        ]
      }
    },
    {
      "type": "Feature",
      "properties": {
        "BlockNo": "5708/15"
      },
      "geometry": {
        "type": "Polygon",
        "coordinates": [
          [
            [
              8.74863,
              57.62443
            ],
            [
              8.74864,
              57.49942
            ],
            [
              8.49863,
              57.49942
            ],
            [
              8.49863,
              57.62442
            ],
            [
              8.74863,
              57.62443
            ]
          ]
        ]
      }
    },
    {
      "type": "Feature",
      "properties": {
        "BlockNo": "5708/16"
      },
      "geometry": {
        "type": "Polygon",
        "coordinates": [
          [
            [
              8.99864,
              57.62443
            ],
            [
              8.99865,
              57.49943
            ],
            [
              8.74864,
              57.49942
            ],
            [
              8.74863,
              57.62443
            ],
            [
              8.99864,
              57.62443
            ]
          ]
        ]
      }
    },
    {
      "type": "Feature",
      "properties": {
        "BlockNo": "5709/13"
      },
      "geometry": {
        "type": "Polygon",
        "coordinates": [
          [
            [
              9.24865,
              57.49943
            ],
            [
              8.99865,
              57.49943
            ],
            [
              8.99864,
              57.62443
            ],
            [
              9.24865,
              57.62443
            ],
            [
              9.24865,
              57.49943
            ]
          ]
        ]
      }
    },
    {
      "type": "Feature",
      "properties": {
        "BlockNo": "5709/14"
      },
      "geometry": {
        "type": "Polygon",
        "coordinates": [
          [
            [
              9.49866,
              57.49943
            ],
            [
              9.24865,
              57.49943
            ],
            [
              9.24865,
              57.62443
            ],
            [
              9.49866,
              57.62444
            ],
            [
              9.49866,
              57.49943
            ]
          ]
        ]
      }
    },
    {
      "type": "Feature",
      "properties": {
        "BlockNo": "5709/15"
      },
      "geometry": {
        "type": "Polygon",
        "coordinates": [
          [
            [
              9.74867,
              57.49943
            ],
            [
              9.49866,
              57.49943
            ],
            [
              9.49866,
              57.62444
            ],
            [
              9.74866,
              57.62444
            ],
            [
              9.74867,
              57.49943
            ]
          ]
        ]
      }
    },
    {
      "type": "Feature",
      "properties": {
        "BlockNo": "5709/16"
      },
      "geometry": {
        "type": "Polygon",
        "coordinates": [
          [
            [
              9.99867,
              57.49944
            ],
            [
              9.74867,
              57.49943
            ],
            [
              9.74866,
              57.62444
            ],
            [
              9.99867,
              57.62444
            ],
            [
              9.99867,
              57.49944
            ]
          ]
        ]
      }
    },
    {
      "type": "Feature",
      "properties": {
        "BlockNo": "5710/13"
      },
      "geometry": {
        "type": "Polygon",
        "coordinates": [
          [
            [
              10.24868,
              57.49944
            ],
            [
              9.99867,
              57.49944
            ],
            [
              9.99867,
              57.62444
            ],
            [
              10.24868,
              57.62445
            ],
            [
              10.24868,
              57.49944
            ]
          ]
        ]
      }
    },
    {
      "type": "Feature",
      "properties": {
        "BlockNo": "5710/14"
      },
      "geometry": {
        "type": "Polygon",
        "coordinates": [
          [
            [
              10.49869,
              57.49944
            ],
            [
              10.24868,
              57.49944
            ],
            [
              10.24868,
              57.62445
            ],
            [
              10.49868,
              57.62445
            ],
            [
              10.49869,
              57.49944
            ]
          ]
        ]
      }
    },
    {
      "type": "Feature",
      "properties": {
        "BlockNo": "5710/15"
      },
      "geometry": {
        "type": "Polygon",
        "coordinates": [
          [
            [
              10.7487,
              57.49945
            ],
            [
              10.49869,
              57.49944
            ],
            [
              10.49868,
              57.62445
            ],
            [
              10.74869,
              57.62445
            ],
            [
              10.7487,
              57.49945
            ]
          ]
        ]
      }
    },
    {
      "type": "Feature",
      "properties": {
        "BlockNo": "5710/16"
      },
      "geometry": {
        "type": "Polygon",
        "coordinates": [
          [
            [
              10.9987,
              57.49945
            ],
            [
              10.7487,
              57.49945
            ],
            [
              10.74869,
              57.62445
            ],
            [
              10.9987,
              57.62445
            ],
            [
              10.9987,
              57.49945
            ]
          ]
        ]
      }
    },
    {
      "type": "Feature",
      "properties": {
        "BlockNo": "5711/13"
      },
      "geometry": {
        "type": "Polygon",
        "coordinates": [
          [
            [
              11.2487,
              57.6067
            ],
            [
              11.24871,
              57.49945
            ],
            [
              10.9987,
              57.49945
            ],
            [
              10.9987,
              57.62445
            ],
            [
              11.23174,
              57.62447
            ],
            [
              11.2487,
              57.6067
            ]
          ]
        ]
      }
    },
    {
      "type": "Feature",
      "properties": {
        "BlockNo": "5711/14"
      },
      "geometry": {
        "type": "Polygon",
        "coordinates": [
          [
            [
              11.35062,
              57.49951
            ],
            [
              11.24871,
              57.49945
            ],
            [
              11.2487,
              57.6067
            ],
            [
              11.35062,
              57.49951
            ]
          ]
        ]
      }
    },
    {
      "type": "Feature",
      "properties": {
        "BlockNo": "5708/10"
      },
      "geometry": {
        "type": "Polygon",
        "coordinates": [
          [
            [
              8.49863,
              57.62442
            ],
            [
              8.49321,
              57.62443
            ],
            [
              8.49863,
              57.62542
            ],
            [
              8.49863,
              57.62442
            ]
          ]
        ]
      }
    },
    {
      "type": "Feature",
      "properties": {
        "BlockNo": "5708/11"
      },
      "geometry": {
        "type": "Polygon",
        "coordinates": [
          [
            [
              8.74863,
              57.62443
            ],
            [
              8.49863,
              57.62442
            ],
            [
              8.49863,
              57.62542
            ],
            [
              8.74863,
              57.67109
            ],
            [
              8.74863,
              57.62443
            ]
          ]
        ]
      }
    },
    {
      "type": "Feature",
      "properties": {
        "BlockNo": "5708/12"
      },
      "geometry": {
        "type": "Polygon",
        "coordinates": [
          [
            [
              8.99864,
              57.74943
            ],
            [
              8.99864,
              57.62443
            ],
            [
              8.74863,
              57.62443
            ],
            [
              8.74863,
              57.67109
            ],
            [
              8.88697,
              57.6961
            ],
            [
              8.97668,
              57.74945
            ],
            [
              8.99864,
              57.74943
            ]
          ]
        ]
      }
    },
    {
      "type": "Feature",
      "properties": {
        "BlockNo": "5709/09"
      },
      "geometry": {
        "type": "Polygon",
        "coordinates": [
          [
            [
              9.24865,
              57.62443
            ],
            [
              8.99864,
              57.62443
            ],
            [
              8.99864,
              57.74943
            ],
            [
              9.24864,
              57.74944
            ],
            [
              9.24865,
              57.62443
            ]
          ]
        ]
      }
    },
    {
      "type": "Feature",
      "properties": {
        "BlockNo": "5709/10"
      },
      "geometry": {
        "type": "Polygon",
        "coordinates": [
          [
            [
              9.49866,
              57.62444
            ],
            [
              9.24865,
              57.62443
            ],
            [
              9.24864,
              57.74944
            ],
            [
              9.49865,
              57.74944
            ],
            [
              9.49866,
              57.62444
            ]
          ]
        ]
      }
    },
    {
      "type": "Feature",
      "properties": {
        "BlockNo": "5709/11"
      },
      "geometry": {
        "type": "Polygon",
        "coordinates": [
          [
            [
              9.74866,
              57.62444
            ],
            [
              9.49866,
              57.62444
            ],
            [
              9.49865,
              57.74944
            ],
            [
              9.74866,
              57.74944
            ],
            [
              9.74866,
              57.62444
            ]
          ]
        ]
      }
    },
    {
      "type": "Feature",
      "properties": {
        "BlockNo": "5709/12"
      },
      "geometry": {
        "type": "Polygon",
        "coordinates": [
          [
            [
              9.99867,
              57.62444
            ],
            [
              9.74866,
              57.62444
            ],
            [
              9.74866,
              57.74944
            ],
            [
              9.99866,
              57.74945
            ],
            [
              9.99867,
              57.62444
            ]
          ]
        ]
      }
    },
    {
      "type": "Feature",
      "properties": {
        "BlockNo": "5710/09"
      },
      "geometry": {
        "type": "Polygon",
        "coordinates": [
          [
            [
              10.24868,
              57.62445
            ],
            [
              9.99867,
              57.62444
            ],
            [
              9.99866,
              57.74945
            ],
            [
              10.24867,
              57.74945
            ],
            [
              10.24868,
              57.62445
            ]
          ]
        ]
      }
    },
    {
      "type": "Feature",
      "properties": {
        "BlockNo": "5710/10"
      },
      "geometry": {
        "type": "Polygon",
        "coordinates": [
          [
            [
              10.49868,
              57.62445
            ],
            [
              10.24868,
              57.62445
            ],
            [
              10.24867,
              57.74945
            ],
            [
              10.49868,
              57.74945
            ],
            [
              10.49868,
              57.62445
            ]
          ]
        ]
      }
    },
    {
      "type": "Feature",
      "properties": {
        "BlockNo": "5710/11"
      },
      "geometry": {
        "type": "Polygon",
        "coordinates": [
          [
            [
              10.74869,
              57.62445
            ],
            [
              10.49868,
              57.62445
            ],
            [
              10.49868,
              57.74945
            ],
            [
              10.74869,
              57.74946
            ],
            [
              10.74869,
              57.62445
            ]
          ]
        ]
      }
    },
    {
      "type": "Feature",
      "properties": {
        "BlockNo": "5710/12"
      },
      "geometry": {
        "type": "Polygon",
        "coordinates": [
          [
            [
              10.9987,
              57.62445
            ],
            [
              10.74869,
              57.62445
            ],
            [
              10.74869,
              57.74946
            ],
            [
              10.99869,
              57.74946
            ],
            [
              10.9987,
              57.62445
            ]
          ]
        ]
      }
    },
    {
      "type": "Feature",
      "properties": {
        "BlockNo": "5711/09"
      },
      "geometry": {
        "type": "Polygon",
        "coordinates": [
          [
            [
              11.23174,
              57.62447
            ],
            [
              10.9987,
              57.62445
            ],
            [
              10.99869,
              57.74946
            ],
            [
              11.11186,
              57.74952
            ],
            [
              11.23174,
              57.62447
            ]
          ]
        ]
      }
    },
    {
      "type": "Feature",
      "properties": {
        "BlockNo": "5708/08"
      },
      "geometry": {
        "type": "Polygon",
        "coordinates": [
          [
            [
              8.99864,
              57.74943
            ],
            [
              8.97668,
              57.74945
            ],
            [
              8.99864,
              57.76248
            ],
            [
              8.99864,
              57.74943
            ]
          ]
        ]
      }
    },
    {
      "type": "Feature",
      "properties": {
        "BlockNo": "5709/05"
      },
      "geometry": {
        "type": "Polygon",
        "coordinates": [
          [
            [
              9.24864,
              57.74944
            ],
            [
              8.99864,
              57.74943
            ],
            [
              8.99864,
              57.76248
            ],
            [
              9.18836,
              57.87449
            ],
            [
              9.24864,
              57.87444
            ],
            [
              9.24864,
              57.74944
            ]
          ]
        ]
      }
    },
    {
      "type": "Feature",
      "properties": {
        "BlockNo": "5709/06"
      },
      "geometry": {
        "type": "Polygon",
        "coordinates": [
          [
            [
              9.49865,
              57.74944
            ],
            [
              9.24864,
              57.74944
            ],
            [
              9.24864,
              57.87444
            ],
            [
              9.49864,
              57.87445
            ],
            [
              9.49865,
              57.74944
            ]
          ]
        ]
      }
    },
    {
      "type": "Feature",
      "properties": {
        "BlockNo": "5709/07"
      },
      "geometry": {
        "type": "Polygon",
        "coordinates": [
          [
            [
              9.74866,
              57.74944
            ],
            [
              9.49865,
              57.74944
            ],
            [
              9.49864,
              57.87445
            ],
            [
              9.74865,
              57.87445
            ],
            [
              9.74866,
              57.74944
            ]
          ]
        ]
      }
    },
    {
      "type": "Feature",
      "properties": {
        "BlockNo": "5709/08"
      },
      "geometry": {
        "type": "Polygon",
        "coordinates": [
          [
            [
              9.99866,
              57.74945
            ],
            [
              9.74866,
              57.74944
            ],
            [
              9.74865,
              57.87445
            ],
            [
              9.99866,
              57.87445
            ],
            [
              9.99866,
              57.74945
            ]
          ]
        ]
      }
    },
    {
      "type": "Feature",
      "properties": {
        "BlockNo": "5710/05"
      },
      "geometry": {
        "type": "Polygon",
        "coordinates": [
          [
            [
              10.24867,
              57.74945
            ],
            [
              9.99866,
              57.74945
            ],
            [
              9.99866,
              57.87445
            ],
            [
              10.24867,
              57.87445
            ],
            [
              10.24867,
              57.74945
            ]
          ]
        ]
      }
    },
    {
      "type": "Feature",
      "properties": {
        "BlockNo": "5710/06"
      },
      "geometry": {
        "type": "Polygon",
        "coordinates": [
          [
            [
              10.49868,
              57.74945
            ],
            [
              10.24867,
              57.74945
            ],
            [
              10.24867,
              57.87445
            ],
            [
              10.49867,
              57.87446
            ],
            [
              10.49868,
              57.74945
            ]
          ]
        ]
      }
    },
    {
      "type": "Feature",
      "properties": {
        "BlockNo": "5710/07"
      },
      "geometry": {
        "type": "Polygon",
        "coordinates": [
          [
            [
              10.74869,
              57.74946
            ],
            [
              10.49868,
              57.74945
            ],
            [
              10.49867,
              57.87446
            ],
            [
              10.74868,
              57.87446
            ],
            [
              10.74869,
              57.74946
            ]
          ]
        ]
      }
    },
    {
      "type": "Feature",
      "properties": {
        "BlockNo": "5710/08"
      },
      "geometry": {
        "type": "Polygon",
        "coordinates": [
          [
            [
              10.99869,
              57.84712
            ],
            [
              10.99869,
              57.74946
            ],
            [
              10.74869,
              57.74946
            ],
            [
              10.74868,
              57.87446
            ],
            [
              10.95526,
              57.8745
            ],
            [
              10.99869,
              57.84712
            ]
          ]
        ]
      }
    },
    {
      "type": "Feature",
      "properties": {
        "BlockNo": "5711/05"
      },
      "geometry": {
        "type": "Polygon",
        "coordinates": [
          [
            [
              11.11186,
              57.74952
            ],
            [
              10.99869,
              57.74946
            ],
            [
              10.99869,
              57.84712
            ],
            [
              11.04747,
              57.81629
            ],
            [
              11.11186,
              57.74952
            ]
          ]
        ]
      }
    },
    {
      "type": "Feature",
      "properties": {
        "BlockNo": "5709/01"
      },
      "geometry": {
        "type": "Polygon",
        "coordinates": [
          [
            [
              9.24864,
              57.87444
            ],
            [
              9.18836,
              57.87449
            ],
            [
              9.24864,
              57.90987
            ],
            [
              9.24864,
              57.87444
            ]
          ]
        ]
      }
    },
    {
      "type": "Feature",
      "properties": {
        "BlockNo": "5709/02"
      },
      "geometry": {
        "type": "Polygon",
        "coordinates": [
          [
            [
              9.49864,
              57.87445
            ],
            [
              9.24864,
              57.87444
            ],
            [
              9.24864,
              57.90987
            ],
            [
              9.38197,
              57.9878
            ],
            [
              9.40937,
              57.99952
            ],
            [
              9.49864,
              57.99947
            ],
            [
              9.49864,
              57.87445
            ]
          ]
        ]
      }
    },
    {
      "type": "Feature",
      "properties": {
        "BlockNo": "5709/03"
      },
      "geometry": {
        "type": "Polygon",
        "coordinates": [
          [
            [
              9.74865,
              57.87445
            ],
            [
              9.49864,
              57.87445
            ],
            [
              9.49864,
              57.99947
            ],
            [
              9.74865,
              57.99947
            ],
            [
              9.74865,
              57.87445
            ]
          ]
        ]
      }
    },
    {
      "type": "Feature",
      "properties": {
        "BlockNo": "5709/04"
      },
      "geometry": {
        "type": "Polygon",
        "coordinates": [
          [
            [
              9.99866,
              57.87445
            ],
            [
              9.74865,
              57.87445
            ],
            [
              9.74865,
              57.99947
            ],
            [
              9.99866,
              57.99947
            ],
            [
              9.99866,
              57.87445
            ]
          ]
        ]
      }
    },
    {
      "type": "Feature",
      "properties": {
        "BlockNo": "5710/01"
      },
      "geometry": {
        "type": "Polygon",
        "coordinates": [
          [
            [
              10.24867,
              57.87445
            ],
            [
              9.99866,
              57.87445
            ],
            [
              9.99866,
              57.99947
            ],
            [
              10.24867,
              57.99947
            ],
            [
              10.24867,
              57.87445
            ]
          ]
        ]
      }
    },
    {
      "type": "Feature",
      "properties": {
        "BlockNo": "5710/02"
      },
      "geometry": {
        "type": "Polygon",
        "coordinates": [
          [
            [
              10.49867,
              57.87446
            ],
            [
              10.24867,
              57.87445
            ],
            [
              10.24867,
              57.99947
            ],
            [
              10.49867,
              57.99948
            ],
            [
              10.49867,
              57.87446
            ]
          ]
        ]
      }
    },
    {
      "type": "Feature",
      "properties": {
        "BlockNo": "5710/03"
      },
      "geometry": {
        "type": "Polygon",
        "coordinates": [
          [
            [
              10.74868,
              57.87446
            ],
            [
              10.49867,
              57.87446
            ],
            [
              10.49867,
              57.99948
            ],
            [
              10.74868,
              57.99948
            ],
            [
              10.74868,
              57.87446
            ]
          ]
        ]
      }
    },
    {
      "type": "Feature",
      "properties": {
        "BlockNo": "5710/04"
      },
      "geometry": {
        "type": "Polygon",
        "coordinates": [
          [
            [
              10.95526,
              57.8745
            ],
            [
              10.74868,
              57.87446
            ],
            [
              10.74868,
              57.99948
            ],
            [
              10.75592,
              57.99949
            ],
            [
              10.95526,
              57.8745
            ]
          ]
        ]
      }
    },
    {
      "type": "Feature",
      "properties": {
        "BlockNo": "5809/30"
      },
      "geometry": {
        "type": "Polygon",
        "coordinates": [
          [
            [
              9.49864,
              57.99947
            ],
            [
              9.40937,
              57.99952
            ],
            [
              9.49864,
              58.03763
            ],
            [
              9.49864,
              57.99947
            ]
          ]
        ]
      }
    },
    {
      "type": "Feature",
      "properties": {
        "BlockNo": "5809/31"
      },
      "geometry": {
        "type": "Polygon",
        "coordinates": [
          [
            [
              9.74865,
              57.99947
            ],
            [
              9.49864,
              57.99947
            ],
            [
              9.49864,
              58.03763
            ],
            [
              9.70346,
              58.12451
            ],
            [
              9.74865,
              58.12447
            ],
            [
              9.74865,
              57.99947
            ]
          ]
        ]
      }
    },
    {
      "type": "Feature",
      "properties": {
        "BlockNo": "5809/32"
      },
      "geometry": {
        "type": "Polygon",
        "coordinates": [
          [
            [
              9.99866,
              57.99947
            ],
            [
              9.74865,
              57.99947
            ],
            [
              9.74865,
              58.12447
            ],
            [
              9.99865,
              58.12448
            ],
            [
              9.99866,
              57.99947
            ]
          ]
        ]
      }
    },
    {
      "type": "Feature",
      "properties": {
        "BlockNo": "5810/29"
      },
      "geometry": {
        "type": "Polygon",
        "coordinates": [
          [
            [
              10.24867,
              57.99947
            ],
            [
              9.99866,
              57.99947
            ],
            [
              9.99865,
              58.12448
            ],
            [
              10.24866,
              58.12448
            ],
            [
              10.24867,
              57.99947
            ]
          ]
        ]
      }
    },
    {
      "type": "Feature",
      "properties": {
        "BlockNo": "5810/30"
      },
      "geometry": {
        "type": "Polygon",
        "coordinates": [
          [
            [
              10.49867,
              57.99948
            ],
            [
              10.24867,
              57.99947
            ],
            [
              10.24866,
              58.12448
            ],
            [
              10.49867,
              58.12448
            ],
            [
              10.49867,
              57.99948
            ]
          ]
        ]
      }
    },
    {
      "type": "Feature",
      "properties": {
        "BlockNo": "5810/31"
      },
      "geometry": {
        "type": "Polygon",
        "coordinates": [
          [
            [
              10.74868,
              58.004
            ],
            [
              10.74868,
              57.99948
            ],
            [
              10.49867,
              57.99948
            ],
            [
              10.49867,
              58.12448
            ],
            [
              10.55457,
              58.12452
            ],
            [
              10.74868,
              58.004
            ]
          ]
        ]
      }
    },
    {
      "type": "Feature",
      "properties": {
        "BlockNo": "5810/32"
      },
      "geometry": {
        "type": "Polygon",
        "coordinates": [
          [
            [
              10.75592,
              57.99949
            ],
            [
              10.74868,
              57.99948
            ],
            [
              10.74868,
              58.004
            ],
            [
              10.75592,
              57.99949
            ]
          ]
        ]
      }
    },
    {
      "type": "Feature",
      "properties": {
        "BlockNo": "5809/27"
      },
      "geometry": {
        "type": "Polygon",
        "coordinates": [
          [
            [
              9.74865,
              58.12447
            ],
            [
              9.70346,
              58.12451
            ],
            [
              9.74865,
              58.14358
            ],
            [
              9.74865,
              58.12447
            ]
          ]
        ]
      }
    },
    {
      "type": "Feature",
      "properties": {
        "BlockNo": "5809/28"
      },
      "geometry": {
        "type": "Polygon",
        "coordinates": [
          [
            [
              9.99865,
              58.12448
            ],
            [
              9.74865,
              58.12447
            ],
            [
              9.74865,
              58.14358
            ],
            [
              9.99865,
              58.24841
            ],
            [
              9.99865,
              58.12448
            ]
          ]
        ]
      }
    },
    {
      "type": "Feature",
      "properties": {
        "BlockNo": "5810/25"
      },
      "geometry": {
        "type": "Polygon",
        "coordinates": [
          [
            [
              10.24866,
              58.2063
            ],
            [
              10.24866,
              58.12448
            ],
            [
              9.99865,
              58.12448
            ],
            [
              9.99865,
              58.24841
            ],
            [
              10.00123,
              58.24948
            ],
            [
              10.07473,
              58.24953
            ],
            [
              10.24866,
              58.2063
            ]
          ]
        ]
      }
    },
    {
      "type": "Feature",
      "properties": {
        "BlockNo": "5810/26"
      },
      "geometry": {
        "type": "Polygon",
        "coordinates": [
          [
            [
              10.49867,
              58.14356
            ],
            [
              10.49867,
              58.12448
            ],
            [
              10.24866,
              58.12448
            ],
            [
              10.24866,
              58.2063
            ],
            [
              10.49867,
              58.14356
            ]
          ]
        ]
      }
    },
    {
      "type": "Feature",
      "properties": {
        "BlockNo": "5810/27"
      },
      "geometry": {
        "type": "Polygon",
        "coordinates": [
          [
            [
              10.55457,
              58.12452
            ],
            [
              10.49867,
              58.12448
            ],
            [
              10.49867,
              58.14356
            ],
            [
              10.54111,
              58.13284
            ],
            [
              10.55457,
              58.12452
            ]
          ]
        ]
      }
    },
    {
      "type": "Feature",
      "properties": {
        "BlockNo": "5810/21"
      },
      "geometry": {
        "type": "Polygon",
        "coordinates": [
          [
            [
              10.07473,
              58.24953
            ],
            [
              10.00123,
              58.24948
            ],
            [
              10.02868,
              58.26092
            ],
            [
              10.07473,
              58.24953
            ]
          ]
        ]
      }
    },
    {
      "type": "Feature",
      "properties": {
        "BlockNo": "5414/14"
      },
      "geometry": {
        "type": "Polygon",
        "coordinates": [
          [
            [
              14.49891,
              54.61076
            ],
            [
              14.47398,
              54.62441
            ],
            [
              14.49891,
              54.62439
            ],
            [
              14.49891,
              54.61076
            ]
          ]
        ]
      }
    },
    {
      "type": "Feature",
      "properties": {
        "BlockNo": "5414/15"
      },
      "geometry": {
        "type": "Polygon",
        "coordinates": [
          [
            [
              14.74891,
              54.54041
            ],
            [
              14.63563,
              54.53561
            ],
            [
              14.49891,
              54.61076
            ],
            [
              14.49891,
              54.62439
            ],
            [
              14.74891,
              54.62439
            ],
            [
              14.74891,
              54.54041
            ]
          ]
        ]
      }
    },
    {
      "type": "Feature",
      "properties": {
        "BlockNo": "5414/16"
      },
      "geometry": {
        "type": "Polygon",
        "coordinates": [
          [
            [
              14.99892,
              54.55397
            ],
            [
              14.98209,
              54.55284
            ],
            [
              14.942,
              54.55239
            ],
            [
              14.87308,
              54.54547
            ],
            [
              14.81405,
              54.54233
            ],
            [
              14.74891,
              54.54041
            ],
            [
              14.74891,
              54.62439
            ],
            [
              14.99892,
              54.6244
            ],
            [
              14.99892,
              54.55397
            ]
          ]
        ]
      }
    },
    {
      "type": "Feature",
      "properties": {
        "BlockNo": "5415/13"
      },
      "geometry": {
        "type": "Polygon",
        "coordinates": [
          [
            [
              15.24893,
              54.57652
            ],
            [
              15.15995,
              54.565
            ],
            [
              15.10926,
              54.55973
            ],
            [
              15.07217,
              54.55748
            ],
            [
              15.03503,
              54.55639
            ],
            [
              14.99892,
              54.55397
            ],
            [
              14.99892,
              54.6244
            ],
            [
              15.24893,
              54.6244
            ],
            [
              15.24893,
              54.57652
            ]
          ]
        ]
      }
    },
    {
      "type": "Feature",
      "properties": {
        "BlockNo": "5415/14"
      },
      "geometry": {
        "type": "Polygon",
        "coordinates": [
          [
            [
              15.24893,
              54.57652
            ],
            [
              15.24893,
              54.6244
            ],
            [
              15.4932,
              54.62441
            ],
            [
              15.47365,
              54.61926
            ],
            [
              15.43887,
              54.61271
            ],
            [
              15.38773,
              54.60121
            ],
            [
              15.28332,
              54.58134
            ],
            [
              15.24893,
              54.57652
            ]
          ]
        ]
      }
    },
    {
      "type": "Feature",
      "properties": {
        "BlockNo": "5414/10"
      },
      "geometry": {
        "type": "Polygon",
        "coordinates": [
          [
            [
              14.49891,
              54.62439
            ],
            [
              14.47398,
              54.62441
            ],
            [
              14.41307,
              54.65772
            ],
            [
              14.41306,
              54.74945
            ],
            [
              14.4989,
              54.74939
            ],
            [
              14.49891,
              54.62439
            ]
          ]
        ]
      }
    },
    {
      "type": "Feature",
      "properties": {
        "BlockNo": "5414/11"
      },
      "geometry": {
        "type": "Polygon",
        "coordinates": [
          [
            [
              14.74891,
              54.62439
            ],
            [
              14.49891,
              54.62439
            ],
            [
              14.4989,
              54.74939
            ],
            [
              14.74891,
              54.7494
            ],
            [
              14.74891,
              54.62439
            ]
          ]
        ]
      }
    },
    {
      "type": "Feature",
      "properties": {
        "BlockNo": "5414/12"
      },
      "geometry": {
        "type": "Polygon",
        "coordinates": [
          [
            [
              14.99892,
              54.6244
            ],
            [
              14.74891,
              54.62439
            ],
            [
              14.74891,
              54.7494
            ],
            [
              14.99892,
              54.7494
            ],
            [
              14.99892,
              54.6244
            ]
          ]
        ]
      }
    },
    {
      "type": "Feature",
      "properties": {
        "BlockNo": "5415/09"
      },
      "geometry": {
        "type": "Polygon",
        "coordinates": [
          [
            [
              15.24893,
              54.6244
            ],
            [
              14.99892,
              54.6244
            ],
            [
              14.99892,
              54.7494
            ],
            [
              15.24892,
              54.7494
            ],
            [
              15.24893,
              54.6244
            ]
          ]
        ]
      }
    },
    {
      "type": "Feature",
      "properties": {
        "BlockNo": "5415/10"
      },
      "geometry": {
        "type": "Polygon",
        "coordinates": [
          [
            [
              15.49893,
              54.62592
            ],
            [
              15.4932,
              54.62441
            ],
            [
              15.24893,
              54.6244
            ],
            [
              15.24892,
              54.7494
            ],
            [
              15.49893,
              54.74941
            ],
            [
              15.49893,
              54.62592
            ]
          ]
        ]
      }
    },
    {
      "type": "Feature",
      "properties": {
        "BlockNo": "5415/11"
      },
      "geometry": {
        "type": "Polygon",
        "coordinates": [
          [
            [
              15.74893,
              54.72615
            ],
            [
              15.72846,
              54.7091
            ],
            [
              15.67704,
              54.68724
            ],
            [
              15.61126,
              54.66224
            ],
            [
              15.56137,
              54.64515
            ],
            [
              15.49893,
              54.62592
            ],
            [
              15.49893,
              54.74941
            ],
            [
              15.74893,
              54.74941
            ],
            [
              15.74893,
              54.72615
            ]
          ]
        ]
      }
    },
    {
      "type": "Feature",
      "properties": {
        "BlockNo": "5415/12"
      },
      "geometry": {
        "type": "Polygon",
        "coordinates": [
          [
            [
              15.74893,
              54.72615
            ],
            [
              15.74893,
              54.74941
            ],
            [
              15.77694,
              54.74944
            ],
            [
              15.74893,
              54.72615
            ]
          ]
        ]
      }
    },
    {
      "type": "Feature",
      "properties": {
        "BlockNo": "5414/05"
      },
      "geometry": {
        "type": "Polygon",
        "coordinates": [
          [
            [
              14.24889,
              54.81194
            ],
            [
              14.17167,
              54.81189
            ],
            [
              14.09678,
              54.87446
            ],
            [
              14.24889,
              54.8744
            ],
            [
              14.24889,
              54.81194
            ]
          ]
        ]
      }
    },
    {
      "type": "Feature",
      "properties": {
        "BlockNo": "5414/06"
      },
      "geometry": {
        "type": "Polygon",
        "coordinates": [
          [
            [
              14.4989,
              54.74939
            ],
            [
              14.41306,
              54.74945
            ],
            [
              14.41306,
              54.81189
            ],
            [
              14.24889,
              54.81194
            ],
            [
              14.24889,
              54.8744
            ],
            [
              14.4989,
              54.8744
            ],
            [
              14.4989,
              54.74939
            ]
          ]
        ]
      }
    },
    {
      "type": "Feature",
      "properties": {
        "BlockNo": "5414/07"
      },
      "geometry": {
        "type": "Polygon",
        "coordinates": [
          [
            [
              14.74891,
              54.7494
            ],
            [
              14.4989,
              54.74939
            ],
            [
              14.4989,
              54.8744
            ],
            [
              14.74891,
              54.8744
            ],
            [
              14.74891,
              54.7494
            ]
          ]
        ]
      }
    },
    {
      "type": "Feature",
      "properties": {
        "BlockNo": "5414/08"
      },
      "geometry": {
        "type": "Polygon",
        "coordinates": [
          [
            [
              14.99892,
              54.7494
            ],
            [
              14.74891,
              54.7494
            ],
            [
              14.74891,
              54.8744
            ],
            [
              14.99891,
              54.8744
            ],
            [
              14.99892,
              54.7494
            ]
          ]
        ]
      }
    },
    {
      "type": "Feature",
      "properties": {
        "BlockNo": "5415/05"
      },
      "geometry": {
        "type": "Polygon",
        "coordinates": [
          [
            [
              15.24892,
              54.7494
            ],
            [
              14.99892,
              54.7494
            ],
            [
              14.99891,
              54.8744
            ],
            [
              15.24892,
              54.87441
            ],
            [
              15.24892,
              54.7494
            ]
          ]
        ]
      }
    },
    {
      "type": "Feature",
      "properties": {
        "BlockNo": "5415/06"
      },
      "geometry": {
        "type": "Polygon",
        "coordinates": [
          [
            [
              15.49893,
              54.74941
            ],
            [
              15.24892,
              54.7494
            ],
            [
              15.24892,
              54.87441
            ],
            [
              15.49892,
              54.87441
            ],
            [
              15.49893,
              54.74941
            ]
          ]
        ]
      }
    },
    {
      "type": "Feature",
      "properties": {
        "BlockNo": "5415/07"
      },
      "geometry": {
        "type": "Polygon",
        "coordinates": [
          [
            [
              15.74893,
              54.74941
            ],
            [
              15.49893,
              54.74941
            ],
            [
              15.49892,
              54.87441
            ],
            [
              15.74893,
              54.87441
            ],
            [
              15.74893,
              54.74941
            ]
          ]
        ]
      }
    },
    {
      "type": "Feature",
      "properties": {
        "BlockNo": "5415/08"
      },
      "geometry": {
        "type": "Polygon",
        "coordinates": [
          [
            [
              15.77694,
              54.74944
            ],
            [
              15.74893,
              54.74941
            ],
            [
              15.74893,
              54.87441
            ],
            [
              15.92295,
              54.87447
            ],
            [
              15.85316,
              54.81788
            ],
            [
              15.79574,
              54.76505
            ],
            [
              15.77694,
              54.74944
            ]
          ]
        ]
      }
    },
    {
      "type": "Feature",
      "properties": {
        "BlockNo": "5413/04"
      },
      "geometry": {
        "type": "Polygon",
        "coordinates": [
          [
            [
              13.99888,
              54.95589
            ],
            [
              13.99171,
              54.96184
            ],
            [
              13.99888,
              54.96724
            ],
            [
              13.99888,
              54.95589
            ]
          ]
        ]
      }
    },
    {
      "type": "Feature",
      "properties": {
        "BlockNo": "5414/01"
      },
      "geometry": {
        "type": "Polygon",
        "coordinates": [
          [
            [
              14.24889,
              54.8744
            ],
            [
              14.09678,
              54.87446
            ],
            [
              13.99888,
              54.95589
            ],
            [
              13.99888,
              54.96724
            ],
            [
              14.04143,
              54.99943
            ],
            [
              14.24889,
              54.9994
            ],
            [
              14.24889,
              54.8744
            ]
          ]
        ]
      }
    },
    {
      "type": "Feature",
      "properties": {
        "BlockNo": "5414/02"
      },
      "geometry": {
        "type": "Polygon",
        "coordinates": [
          [
            [
              14.4989,
              54.8744
            ],
            [
              14.24889,
              54.8744
            ],
            [
              14.24889,
              54.9994
            ],
            [
              14.49889,
              54.9994
            ],
            [
              14.4989,
              54.8744
            ]
          ]
        ]
      }
    },
    {
      "type": "Feature",
      "properties": {
        "BlockNo": "5414/03"
      },
      "geometry": {
        "type": "Polygon",
        "coordinates": [
          [
            [
              14.74891,
              54.8744
            ],
            [
              14.4989,
              54.8744
            ],
            [
              14.49889,
              54.9994
            ],
            [
              14.7489,
              54.99941
            ],
            [
              14.74891,
              54.8744
            ]
          ]
        ]
      }
    },
    {
      "type": "Feature",
      "properties": {
        "BlockNo": "5414/04"
      },
      "geometry": {
        "type": "Polygon",
        "coordinates": [
          [
            [
              14.99891,
              54.8744
            ],
            [
              14.74891,
              54.8744
            ],
            [
              14.7489,
              54.99941
            ],
            [
              14.99891,
              54.99941
            ],
            [
              14.99891,
              54.8744
            ]
          ]
        ]
      }
    },
    {
      "type": "Feature",
      "properties": {
        "BlockNo": "5415/01"
      },
      "geometry": {
        "type": "Polygon",
        "coordinates": [
          [
            [
              15.24892,
              54.87441
            ],
            [
              14.99891,
              54.8744
            ],
            [
              14.99891,
              54.99941
            ],
            [
              15.24892,
              54.99941
            ],
            [
              15.24892,
              54.87441
            ]
          ]
        ]
      }
    },
    {
      "type": "Feature",
      "properties": {
        "BlockNo": "5415/02"
      },
      "geometry": {
        "type": "Polygon",
        "coordinates": [
          [
            [
              15.49892,
              54.87441
            ],
            [
              15.24892,
              54.87441
            ],
            [
              15.24892,
              54.99941
            ],
            [
              15.49892,
              54.99942
            ],
            [
              15.49892,
              54.87441
            ]
          ]
        ]
      }
    },
    {
      "type": "Feature",
      "properties": {
        "BlockNo": "5415/03"
      },
      "geometry": {
        "type": "Polygon",
        "coordinates": [
          [
            [
              15.74893,
              54.87441
            ],
            [
              15.49892,
              54.87441
            ],
            [
              15.49892,
              54.99942
            ],
            [
              15.74893,
              54.99942
            ],
            [
              15.74893,
              54.87441
            ]
          ]
        ]
      }
    },
    {
      "type": "Feature",
      "properties": {
        "BlockNo": "5415/04"
      },
      "geometry": {
        "type": "Polygon",
        "coordinates": [
          [
            [
              15.99893,
              54.94213
            ],
            [
              15.97482,
              54.92114
            ],
            [
              15.95216,
              54.89894
            ],
            [
              15.92295,
              54.87447
            ],
            [
              15.74893,
              54.87441
            ],
            [
              15.74893,
              54.99942
            ],
            [
              15.99893,
              54.99942
            ],
            [
              15.99893,
              54.94213
            ]
          ]
        ]
      }
    },
    {
      "type": "Feature",
      "properties": {
        "BlockNo": "5416/01"
      },
      "geometry": {
        "type": "Polygon",
        "coordinates": [
          [
            [
              15.99893,
              54.94213
            ],
            [
              15.99893,
              54.99942
            ],
            [
              16.06876,
              54.99947
            ],
            [
              16.01941,
              54.95897
            ],
            [
              15.99893,
              54.94213
            ]
          ]
        ]
      }
    },
    {
      "type": "Feature",
      "properties": {
        "BlockNo": "5514/29"
      },
      "geometry": {
        "type": "Polygon",
        "coordinates": [
          [
            [
              14.24889,
              54.9994
            ],
            [
              14.04143,
              54.99943
            ],
            [
              14.20754,
              55.12444
            ],
            [
              14.24888,
              55.1244
            ],
            [
              14.24889,
              54.9994
            ]
          ]
        ]
      }
    },
    {
      "type": "Feature",
      "properties": {
        "BlockNo": "5514/30"
      },
      "geometry": {
        "type": "Polygon",
        "coordinates": [
          [
            [
              14.49889,
              54.9994
            ],
            [
              14.24889,
              54.9994
            ],
            [
              14.24888,
              55.1244
            ],
            [
              14.49889,
              55.12441
            ],
            [
              14.49889,
              54.9994
            ]
          ]
        ]
      }
    },
    {
      "type": "Feature",
      "properties": {
        "BlockNo": "5514/31"
      },
      "geometry": {
        "type": "Polygon",
        "coordinates": [
          [
            [
              14.7489,
              54.99941
            ],
            [
              14.49889,
              54.9994
            ],
            [
              14.49889,
              55.12441
            ],
            [
              14.7489,
              55.12441
            ],
            [
              14.7489,
              54.99941
            ]
          ]
        ]
      }
    },
    {
      "type": "Feature",
      "properties": {
        "BlockNo": "5514/32"
      },
      "geometry": {
        "type": "Polygon",
        "coordinates": [
          [
            [
              14.99891,
              54.99941
            ],
            [
              14.7489,
              54.99941
            ],
            [
              14.7489,
              55.12441
            ],
            [
              14.9989,
              55.12441
            ],
            [
              14.99891,
              54.99941
            ]
          ]
        ]
      }
    },
    {
      "type": "Feature",
      "properties": {
        "BlockNo": "5515/29"
      },
      "geometry": {
        "type": "Polygon",
        "coordinates": [
          [
            [
              15.24892,
              54.99941
            ],
            [
              14.99891,
              54.99941
            ],
            [
              14.9989,
              55.12441
            ],
            [
              15.24891,
              55.12442
            ],
            [
              15.24892,
              54.99941
            ]
          ]
        ]
      }
    },
    {
      "type": "Feature",
      "properties": {
        "BlockNo": "5515/30"
      },
      "geometry": {
        "type": "Polygon",
        "coordinates": [
          [
            [
              15.49892,
              54.99942
            ],
            [
              15.24892,
              54.99941
            ],
            [
              15.24891,
              55.12442
            ],
            [
              15.49892,
              55.12442
            ],
            [
              15.49892,
              54.99942
            ]
          ]
        ]
      }
    },
    {
      "type": "Feature",
      "properties": {
        "BlockNo": "5515/31"
      },
      "geometry": {
        "type": "Polygon",
        "coordinates": [
          [
            [
              15.74893,
              54.99942
            ],
            [
              15.49892,
              54.99942
            ],
            [
              15.49892,
              55.12442
            ],
            [
              15.74892,
              55.12442
            ],
            [
              15.74893,
              54.99942
            ]
          ]
        ]
      }
    },
    {
      "type": "Feature",
      "properties": {
        "BlockNo": "5515/32"
      },
      "geometry": {
        "type": "Polygon",
        "coordinates": [
          [
            [
              15.99893,
              54.99942
            ],
            [
              15.74893,
              54.99942
            ],
            [
              15.74892,
              55.12442
            ],
            [
              15.99893,
              55.12443
            ],
            [
              15.99893,
              54.99942
            ]
          ]
        ]
      }
    },
    {
      "type": "Feature",
      "properties": {
        "BlockNo": "5516/29"
      },
      "geometry": {
        "type": "Polygon",
        "coordinates": [
          [
            [
              16.06876,
              54.99947
            ],
            [
              15.99893,
              54.99942
            ],
            [
              15.99893,
              55.12443
            ],
            [
              16.22189,
              55.12445
            ],
            [
              16.06876,
              54.99947
            ]
          ]
        ]
      }
    },
    {
      "type": "Feature",
      "properties": {
        "BlockNo": "5514/25"
      },
      "geometry": {
        "type": "Polygon",
        "coordinates": [
          [
            [
              14.24888,
              55.1244
            ],
            [
              14.20754,
              55.12444
            ],
            [
              14.24888,
              55.15539
            ],
            [
              14.24888,
              55.1244
            ]
          ]
        ]
      }
    },
    {
      "type": "Feature",
      "properties": {
        "BlockNo": "5514/26"
      },
      "geometry": {
        "type": "Polygon",
        "coordinates": [
          [
            [
              14.49889,
              55.12441
            ],
            [
              14.24888,
              55.1244
            ],
            [
              14.24888,
              55.15539
            ],
            [
              14.37507,
              55.24947
            ],
            [
              14.49889,
              55.24941
            ],
            [
              14.49889,
              55.12441
            ]
          ]
        ]
      }
    },
    {
      "type": "Feature",
      "properties": {
        "BlockNo": "5514/27"
      },
      "geometry": {
        "type": "Polygon",
        "coordinates": [
          [
            [
              14.7489,
              55.12441
            ],
            [
              14.49889,
              55.12441
            ],
            [
              14.49889,
              55.24941
            ],
            [
              14.74889,
              55.24941
            ],
            [
              14.7489,
              55.12441
            ]
          ]
        ]
      }
    },
    {
      "type": "Feature",
      "properties": {
        "BlockNo": "5514/28"
      },
      "geometry": {
        "type": "Polygon",
        "coordinates": [
          [
            [
              14.9989,
              55.12441
            ],
            [
              14.7489,
              55.12441
            ],
            [
              14.74889,
              55.24941
            ],
            [
              14.9989,
              55.24942
            ],
            [
              14.9989,
              55.12441
            ]
          ]
        ]
      }
    },
    {
      "type": "Feature",
      "properties": {
        "BlockNo": "5515/25"
      },
      "geometry": {
        "type": "Polygon",
        "coordinates": [
          [
            [
              15.24891,
              55.12442
            ],
            [
              14.9989,
              55.12441
            ],
            [
              14.9989,
              55.24942
            ],
            [
              15.24891,
              55.24942
            ],
            [
              15.24891,
              55.12442
            ]
          ]
        ]
      }
    },
    {
      "type": "Feature",
      "properties": {
        "BlockNo": "5515/26"
      },
      "geometry": {
        "type": "Polygon",
        "coordinates": [
          [
            [
              15.49892,
              55.12442
            ],
            [
              15.24891,
              55.12442
            ],
            [
              15.24891,
              55.24942
            ],
            [
              15.49891,
              55.24943
            ],
            [
              15.49892,
              55.12442
            ]
          ]
        ]
      }
    },
    {
      "type": "Feature",
      "properties": {
        "BlockNo": "5515/27"
      },
      "geometry": {
        "type": "Polygon",
        "coordinates": [
          [
            [
              15.74892,
              55.12442
            ],
            [
              15.49892,
              55.12442
            ],
            [
              15.49891,
              55.24943
            ],
            [
              15.74892,
              55.24943
            ],
            [
              15.74892,
              55.12442
            ]
          ]
        ]
      }
    },
    {
      "type": "Feature",
      "properties": {
        "BlockNo": "5515/28"
      },
      "geometry": {
        "type": "Polygon",
        "coordinates": [
          [
            [
              15.99893,
              55.12443
            ],
            [
              15.74892,
              55.12442
            ],
            [
              15.74892,
              55.24943
            ],
            [
              15.99893,
              55.24943
            ],
            [
              15.99893,
              55.12443
            ]
          ]
        ]
      }
    },
    {
      "type": "Feature",
      "properties": {
        "BlockNo": "5516/25"
      },
      "geometry": {
        "type": "Polygon",
        "coordinates": [
          [
            [
              16.24894,
              55.14642
            ],
            [
              16.22189,
              55.12445
            ],
            [
              15.99893,
              55.12443
            ],
            [
              15.99893,
              55.24943
            ],
            [
              16.24894,
              55.24943
            ],
            [
              16.24894,
              55.14642
            ]
          ]
        ]
      }
    },
    {
      "type": "Feature",
      "properties": {
        "BlockNo": "5516/26"
      },
      "geometry": {
        "type": "Polygon",
        "coordinates": [
          [
            [
              16.24894,
              55.14642
            ],
            [
              16.24894,
              55.24943
            ],
            [
              16.37636,
              55.2495
            ],
            [
              16.24894,
              55.14642
            ]
          ]
        ]
      }
    },
    {
      "type": "Feature",
      "properties": {
        "BlockNo": "5514/22"
      },
      "geometry": {
        "type": "Polygon",
        "coordinates": [
          [
            [
              14.49889,
              55.24941
            ],
            [
              14.37507,
              55.24947
            ],
            [
              14.45888,
              55.31163
            ],
            [
              14.49888,
              55.338
            ],
            [
              14.49889,
              55.24941
            ]
          ]
        ]
      }
    },
    {
      "type": "Feature",
      "properties": {
        "BlockNo": "5514/23"
      },
      "geometry": {
        "type": "Polygon",
        "coordinates": [
          [
            [
              14.74889,
              55.24941
            ],
            [
              14.49889,
              55.24941
            ],
            [
              14.49888,
              55.338
            ],
            [
              14.55433,
              55.37446
            ],
            [
              14.74889,
              55.37442
            ],
            [
              14.74889,
              55.24941
            ]
          ]
        ]
      }
    },
    {
      "type": "Feature",
      "properties": {
        "BlockNo": "5514/24"
      },
      "geometry": {
        "type": "Polygon",
        "coordinates": [
          [
            [
              14.9989,
              55.24942
            ],
            [
              14.74889,
              55.24941
            ],
            [
              14.74889,
              55.37442
            ],
            [
              14.9989,
              55.37442
            ],
            [
              14.9989,
              55.24942
            ]
          ]
        ]
      }
    },
    {
      "type": "Feature",
      "properties": {
        "BlockNo": "5515/21"
      },
      "geometry": {
        "type": "Polygon",
        "coordinates": [
          [
            [
              15.24891,
              55.24942
            ],
            [
              14.9989,
              55.24942
            ],
            [
              14.9989,
              55.37442
            ],
            [
              15.2489,
              55.37442
            ],
            [
              15.24891,
              55.24942
            ]
          ]
        ]
      }
    },
    {
      "type": "Feature",
      "properties": {
        "BlockNo": "5515/22"
      },
      "geometry": {
        "type": "Polygon",
        "coordinates": [
          [
            [
              15.49891,
              55.24943
            ],
            [
              15.24891,
              55.24942
            ],
            [
              15.2489,
              55.37442
            ],
            [
              15.49891,
              55.37443
            ],
            [
              15.49891,
              55.24943
            ]
          ]
        ]
      }
    },
    {
      "type": "Feature",
      "properties": {
        "BlockNo": "5515/23"
      },
      "geometry": {
        "type": "Polygon",
        "coordinates": [
          [
            [
              15.74892,
              55.24943
            ],
            [
              15.49891,
              55.24943
            ],
            [
              15.49891,
              55.37443
            ],
            [
              15.74892,
              55.37443
            ],
            [
              15.74892,
              55.24943
            ]
          ]
        ]
      }
    },
    {
      "type": "Feature",
      "properties": {
        "BlockNo": "5515/24"
      },
      "geometry": {
        "type": "Polygon",
        "coordinates": [
          [
            [
              15.99893,
              55.24943
            ],
            [
              15.74892,
              55.24943
            ],
            [
              15.74892,
              55.37443
            ],
            [
              15.99892,
              55.37443
            ],
            [
              15.99893,
              55.24943
            ]
          ]
        ]
      }
    },
    {
      "type": "Feature",
      "properties": {
        "BlockNo": "5516/21"
      },
      "geometry": {
        "type": "Polygon",
        "coordinates": [
          [
            [
              16.24894,
              55.24943
            ],
            [
              15.99893,
              55.24943
            ],
            [
              15.99892,
              55.37443
            ],
            [
              16.24893,
              55.37444
            ],
            [
              16.24894,
              55.24943
            ]
          ]
        ]
      }
    },
    {
      "type": "Feature",
      "properties": {
        "BlockNo": "5516/22"
      },
      "geometry": {
        "type": "Polygon",
        "coordinates": [
          [
            [
              16.49894,
              55.35656
            ],
            [
              16.49894,
              55.348
            ],
            [
              16.37636,
              55.2495
            ],
            [
              16.24894,
              55.24943
            ],
            [
              16.24893,
              55.37444
            ],
            [
              16.42325,
              55.37449
            ],
            [
              16.49894,
              55.35656
            ]
          ]
        ]
      }
    },
    {
      "type": "Feature",
      "properties": {
        "BlockNo": "5516/23"
      },
      "geometry": {
        "type": "Polygon",
        "coordinates": [
          [
            [
              16.49894,
              55.348
            ],
            [
              16.49894,
              55.35656
            ],
            [
              16.50719,
              55.3546
            ],
            [
              16.49894,
              55.348
            ]
          ]
        ]
      }
    },
    {
      "type": "Feature",
      "properties": {
        "BlockNo": "5514/19"
      },
      "geometry": {
        "type": "Polygon",
        "coordinates": [
          [
            [
              14.74889,
              55.37442
            ],
            [
              14.55433,
              55.37446
            ],
            [
              14.74548,
              55.49943
            ],
            [
              14.74888,
              55.49942
            ],
            [
              14.74889,
              55.37442
            ]
          ]
        ]
      }
    },
    {
      "type": "Feature",
      "properties": {
        "BlockNo": "5514/20"
      },
      "geometry": {
        "type": "Polygon",
        "coordinates": [
          [
            [
              14.9989,
              55.37442
            ],
            [
              14.74889,
              55.37442
            ],
            [
              14.74888,
              55.49942
            ],
            [
              14.99889,
              55.49943
            ],
            [
              14.9989,
              55.37442
            ]
          ]
        ]
      }
    },
    {
      "type": "Feature",
      "properties": {
        "BlockNo": "5515/17"
      },
      "geometry": {
        "type": "Polygon",
        "coordinates": [
          [
            [
              15.2489,
              55.37442
            ],
            [
              14.9989,
              55.37442
            ],
            [
              14.99889,
              55.49943
            ],
            [
              15.2489,
              55.49943
            ],
            [
              15.2489,
              55.37442
            ]
          ]
        ]
      }
    },
    {
      "type": "Feature",
      "properties": {
        "BlockNo": "5515/18"
      },
      "geometry": {
        "type": "Polygon",
        "coordinates": [
          [
            [
              15.49891,
              55.37443
            ],
            [
              15.2489,
              55.37442
            ],
            [
              15.2489,
              55.49943
            ],
            [
              15.49891,
              55.49943
            ],
            [
              15.49891,
              55.37443
            ]
          ]
        ]
      }
    },
    {
      "type": "Feature",
      "properties": {
        "BlockNo": "5515/19"
      },
      "geometry": {
        "type": "Polygon",
        "coordinates": [
          [
            [
              15.74892,
              55.37443
            ],
            [
              15.49891,
              55.37443
            ],
            [
              15.49891,
              55.49943
            ],
            [
              15.74891,
              55.49944
            ],
            [
              15.74892,
              55.37443
            ]
          ]
        ]
      }
    },
    {
      "type": "Feature",
      "properties": {
        "BlockNo": "5515/20"
      },
      "geometry": {
        "type": "Polygon",
        "coordinates": [
          [
            [
              15.99892,
              55.47387
            ],
            [
              15.99892,
              55.37443
            ],
            [
              15.74892,
              55.37443
            ],
            [
              15.74891,
              55.49944
            ],
            [
              15.88809,
              55.4995
            ],
            [
              15.99892,
              55.47387
            ]
          ]
        ]
      }
    },
    {
      "type": "Feature",
      "properties": {
        "BlockNo": "5516/17"
      },
      "geometry": {
        "type": "Polygon",
        "coordinates": [
          [
            [
              16.24893,
              55.41555
            ],
            [
              16.24893,
              55.37444
            ],
            [
              15.99892,
              55.37443
            ],
            [
              15.99892,
              55.47387
            ],
            [
              16.24893,
              55.41555
            ]
          ]
        ]
      }
    },
    {
      "type": "Feature",
      "properties": {
        "BlockNo": "5516/18"
      },
      "geometry": {
        "type": "Polygon",
        "coordinates": [
          [
            [
              16.42325,
              55.37449
            ],
            [
              16.24893,
              55.37444
            ],
            [
              16.24893,
              55.41555
            ],
            [
              16.42325,
              55.37449
            ]
          ]
        ]
      }
    },
    {
      "type": "Feature",
      "properties": {
        "BlockNo": "5514/15"
      },
      "geometry": {
        "type": "Polygon",
        "coordinates": [
          [
            [
              14.74888,
              55.49942
            ],
            [
              14.74548,
              55.49943
            ],
            [
              14.74888,
              55.50164
            ],
            [
              14.74888,
              55.49942
            ]
          ]
        ]
      }
    },
    {
      "type": "Feature",
      "properties": {
        "BlockNo": "5514/16"
      },
      "geometry": {
        "type": "Polygon",
        "coordinates": [
          [
            [
              14.99889,
              55.49943
            ],
            [
              14.74888,
              55.49942
            ],
            [
              14.74888,
              55.50164
            ],
            [
              14.93849,
              55.62448
            ],
            [
              14.99889,
              55.62443
            ],
            [
              14.99889,
              55.49943
            ]
          ]
        ]
      }
    },
    {
      "type": "Feature",
      "properties": {
        "BlockNo": "5515/13"
      },
      "geometry": {
        "type": "Polygon",
        "coordinates": [
          [
            [
              15.2489,
              55.49943
            ],
            [
              14.99889,
              55.49943
            ],
            [
              14.99889,
              55.62443
            ],
            [
              15.24889,
              55.62443
            ],
            [
              15.2489,
              55.49943
            ]
          ]
        ]
      }
    },
    {
      "type": "Feature",
      "properties": {
        "BlockNo": "5515/14"
      },
      "geometry": {
        "type": "Polygon",
        "coordinates": [
          [
            [
              15.4989,
              55.58848
            ],
            [
              15.49891,
              55.49943
            ],
            [
              15.2489,
              55.49943
            ],
            [
              15.24889,
              55.62443
            ],
            [
              15.33933,
              55.62449
            ],
            [
              15.4989,
              55.58848
            ]
          ]
        ]
      }
    },
    {
      "type": "Feature",
      "properties": {
        "BlockNo": "5515/15"
      },
      "geometry": {
        "type": "Polygon",
        "coordinates": [
          [
            [
              15.74891,
              55.53151
            ],
            [
              15.74891,
              55.49944
            ],
            [
              15.49891,
              55.49943
            ],
            [
              15.4989,
              55.58848
            ],
            [
              15.74891,
              55.53151
            ]
          ]
        ]
      }
    },
    {
      "type": "Feature",
      "properties": {
        "BlockNo": "5515/16"
      },
      "geometry": {
        "type": "Polygon",
        "coordinates": [
          [
            [
              15.88809,
              55.4995
            ],
            [
              15.74891,
              55.49944
            ],
            [
              15.74891,
              55.53151
            ],
            [
              15.88809,
              55.4995
            ]
          ]
        ]
      }
    },
    {
      "type": "Feature",
      "properties": {
        "BlockNo": "5514/12"
      },
      "geometry": {
        "type": "Polygon",
        "coordinates": [
          [
            [
              14.99889,
              55.62443
            ],
            [
              14.93849,
              55.62448
            ],
            [
              14.99888,
              55.66337
            ],
            [
              14.99889,
              55.62443
            ]
          ]
        ]
      }
    },
    {
      "type": "Feature",
      "properties": {
        "BlockNo": "5515/09"
      },
      "geometry": {
        "type": "Polygon",
        "coordinates": [
          [
            [
              15.24889,
              55.64478
            ],
            [
              15.24889,
              55.62443
            ],
            [
              14.99889,
              55.62443
            ],
            [
              14.99888,
              55.66337
            ],
            [
              15.04177,
              55.69093
            ],
            [
              15.24889,
              55.64478
            ]
          ]
        ]
      }
    },
    {
      "type": "Feature",
      "properties": {
        "BlockNo": "5515/10"
      },
      "geometry": {
        "type": "Polygon",
        "coordinates": [
          [
            [
              15.33933,
              55.62449
            ],
            [
              15.24889,
              55.62443
            ],
            [
              15.24889,
              55.64478
            ],
            [
              15.33933,
              55.62449
            ]
          ]
        ]
      }
    }
  ]
}
