{
  "type": "FeatureCollection",
  "generated_at": "2026-08-10T12:09:48Z",
  "source": "Energistyrelsen (ENS) shape files, reprojected to WGS84",
  "features": [
    {
      "type": "Feature",
      "properties": {
        "Well_Name": "HARTE-1",
        "Well_Numb": "5509/14-01",
        "Classifica": "EXPLORATION",
        "Licence": "01/35",
        "Operator": "DAPCO",
        "Rig": "Cardwell",
        "Spud_Date": "1935-07-27",
        "Comp_Date": "1936-07-29",
        "Location": "ONSHORE",
        "Released": "YES"
      },
      "geometry": {
        "type": "Point",
        "coordinates": [
          9.41651,
          55.50963
        ]
      }
    },
    {
      "type": "Feature",
      "properties": {
        "Well_Name": "HARTE-2",
        "Well_Numb": "5509/14-02",
        "Classifica": "EXPLORATION",
        "Licence": "01/35",
        "Operator": "DAPCO",
        "Rig": "Cardwell",
        "Spud_Date": "1936-09-02",
        "Comp_Date": "1937-08-16",
        "Location": "ONSHORE",
        "Released": "YES"
      },
      "geometry": {
        "type": "Point",
        "coordinates": [
          9.41624,
          55.50963
        ]
      }
    },
    {
      "type": "Feature",
      "properties": {
        "Well_Name": "VINDING-1",
        "Well_Numb": "5608/23-01",
        "Classifica": "EXPLORATION",
        "Licence": "01/35",
        "Operator": "(DAPCO) GULF",
        "Rig": "Emsco",
        "Spud_Date": "1947-07-17",
        "Comp_Date": "1947-12-24",
        "Location": "ONSHORE",
        "Released": "YES"
      },
      "geometry": {
        "type": "Point",
        "coordinates": [
          8.69757,
          56.28993
        ]
      }
    },
    {
      "type": "Feature",
      "properties": {
        "Well_Name": "GASSUM-1",
        "Well_Numb": "5610/13-01",
        "Classifica": "EXPLORATION",
        "Licence": "01/35",
        "Operator": "(DAPCO) GULF",
        "Rig": "Emsco",
        "Spud_Date": "1948-03-18",
        "Comp_Date": "1951-03-19",
        "Location": "ONSHORE",
        "Released": "YES"
      },
      "geometry": {
        "type": "Point",
        "coordinates": [
          10.00371,
          56.5619
        ]
      }
    },
    {
      "type": "Feature",
      "properties": {
        "Well_Name": "SKAGEN-1",
        "Well_Numb": "5710/11-01",
        "Classifica": "EXPLORATION",
        "Licence": "01/35",
        "Operator": "(DAPCO) GULF",
        "Rig": "Cardwell",
        "Spud_Date": "1949-08-24",
        "Comp_Date": "1949-09-02",
        "Location": "ONSHORE",
        "Released": "YES"
      },
      "geometry": {
        "type": "Point",
        "coordinates": [
          10.59924,
          57.73611
        ]
      }
    },
    {
      "type": "Feature",
      "properties": {
        "Well_Name": "FREDERIKSHAVN-1",
        "Well_Numb": "5710/19-01",
        "Classifica": "EXPLORATION",
        "Licence": "01/35",
        "Operator": "(DAPCO) GULF",
        "Rig": "Cardwell",
        "Spud_Date": "1950-07-03",
        "Comp_Date": "1950-08-22",
        "Location": "ONSHORE",
        "Released": "YES"
      },
      "geometry": {
        "type": "Point",
        "coordinates": [
          10.5198,
          57.43306
        ]
      }
    },
    {
      "type": "Feature",
      "properties": {
        "Well_Name": "HALDAGER-1",
        "Well_Numb": "5709/32-01",
        "Classifica": "EXPLORATION",
        "Licence": "01/35",
        "Operator": "(DAPCO) GULF",
        "Rig": "Cardwell",
        "Spud_Date": "1950-10-10",
        "Comp_Date": "1950-12-30",
        "Location": "ONSHORE",
        "Released": "YES"
      },
      "geometry": {
        "type": "Point",
        "coordinates": [
          9.77813,
          57.11831
        ]
      }
    },
    {
      "type": "Feature",
      "properties": {
        "Well_Name": "RINGE-1",
        "Well_Numb": "5510/23-01",
        "Classifica": "EXPLORATION",
        "Licence": "01/35",
        "Operator": "(DAPCO) GULF",
        "Rig": "Cardwell",
        "Spud_Date": "1951-02-04",
        "Comp_Date": "1951-04-19",
        "Location": "ONSHORE",
        "Released": "YES"
      },
      "geometry": {
        "type": "Point",
        "coordinates": [
          10.50488,
          55.28077
        ]
      }
    },
    {
      "type": "Feature",
      "properties": {
        "Well_Name": "ULLERSLEV-1",
        "Well_Numb": "5510/23-02",
        "Classifica": "EXPLORATION",
        "Licence": "01/35",
        "Operator": "(DAPCO) GULF",
        "Rig": "Cardwell",
        "Spud_Date": "1951-05-02",
        "Comp_Date": "1951-06-11",
        "Location": "ONSHORE",
        "Released": "YES"
      },
      "geometry": {
        "type": "Point",
        "coordinates": [
          10.6435,
          55.36967
        ]
      }
    },
    {
      "type": "Feature",
      "properties": {
        "Well_Name": "TØNDER-1",
        "Well_Numb": "5408/04-01",
        "Classifica": "EXPLORATION",
        "Licence": "01/35",
        "Operator": "(DAPCO) GULF",
        "Rig": "Cardwell",
        "Spud_Date": "1951-05-05",
        "Comp_Date": "1952-06-19",
        "Location": "ONSHORE",
        "Released": "YES"
      },
      "geometry": {
        "type": "Point",
        "coordinates": [
          8.85346,
          54.95961
        ]
      }
    },
    {
      "type": "Feature",
      "properties": {
        "Well_Name": "TOSTRUP-1",
        "Well_Numb": "5609/10-01",
        "Classifica": "SALT RESEARCH",
        "Licence": "01/35",
        "Operator": "DAPCO",
        "Rig": "Sullivan",
        "Spud_Date": "1951-05-29",
        "Comp_Date": "1951-06-17",
        "Location": "ONSHORE",
        "Released": "YES"
      },
      "geometry": {
        "type": "Point",
        "coordinates": [
          9.43147,
          56.63912
        ]
      }
    },
    {
      "type": "Feature",
      "properties": {
        "Well_Name": "GLAMSBJERG-1",
        "Well_Numb": "5510/21-01",
        "Classifica": "EXPLORATION",
        "Licence": "01/35",
        "Operator": "(DAPCO) GULF",
        "Rig": "Cardwell",
        "Spud_Date": "1951-07-05",
        "Comp_Date": "1951-08-02",
        "Location": "ONSHORE",
        "Released": "YES"
      },
      "geometry": {
        "type": "Point",
        "coordinates": [
          10.12849,
          55.29186
        ]
      }
    },
    {
      "type": "Feature",
      "properties": {
        "Well_Name": "TOSTRUP-2",
        "Well_Numb": "5609/10-02",
        "Classifica": "SALT RESEARCH",
        "Licence": "01/35",
        "Operator": "DAPCO",
        "Rig": "Sullivan",
        "Spud_Date": "1951-07-26",
        "Comp_Date": "1951-08-24",
        "Location": "ONSHORE",
        "Released": "YES"
      },
      "geometry": {
        "type": "Point",
        "coordinates": [
          9.40786,
          56.62579
        ]
      }
    },
    {
      "type": "Feature",
      "properties": {
        "Well_Name": "BØRGLUM-1",
        "Well_Numb": "5709/20-01",
        "Classifica": "EXPLORATION",
        "Licence": "01/35",
        "Operator": "(DAPCO) GULF",
        "Rig": "Cardwell",
        "Spud_Date": "1951-08-14",
        "Comp_Date": "1951-09-26",
        "Location": "ONSHORE",
        "Released": "YES"
      },
      "geometry": {
        "type": "Point",
        "coordinates": [
          9.8384,
          57.37499
        ]
      }
    },
    {
      "type": "Feature",
      "properties": {
        "Well_Name": "SKAGEN-2",
        "Well_Numb": "5710/11-02",
        "Classifica": "EXPLORATION",
        "Licence": "01/35",
        "Operator": "(DAPCO) GULF",
        "Rig": "Sullivan",
        "Spud_Date": "1951-09-24",
        "Comp_Date": "1951-10-25",
        "Location": "ONSHORE",
        "Released": "YES"
      },
      "geometry": {
        "type": "Point",
        "coordinates": [
          10.6009,
          57.7389
        ]
      }
    },
    {
      "type": "Feature",
      "properties": {
        "Well_Name": "UGLEV-1",
        "Well_Numb": "5608/11-01",
        "Classifica": "EXPLORATION",
        "Licence": "01/35",
        "Operator": "(DAPCO) GULF",
        "Rig": "Emsco",
        "Spud_Date": "1951-10-11",
        "Comp_Date": "1951-12-17",
        "Location": "ONSHORE",
        "Released": "YES"
      },
      "geometry": {
        "type": "Point",
        "coordinates": [
          8.53425,
          56.62552
        ]
      }
    },
    {
      "type": "Feature",
      "properties": {
        "Well_Name": "RØDBY-1",
        "Well_Numb": "5411/10-01",
        "Classifica": "EXPLORATION",
        "Licence": "01/35",
        "Operator": "(DAPCO) GULF",
        "Rig": "Cardwell",
        "Spud_Date": "1952-01-11",
        "Comp_Date": "1952-03-24",
        "Location": "ONSHORE",
        "Released": "YES"
      },
      "geometry": {
        "type": "Point",
        "coordinates": [
          11.40382,
          54.69297
        ]
      }
    },
    {
      "type": "Feature",
      "properties": {
        "Well_Name": "FREDERIKSHAVN-2",
        "Well_Numb": "5710/19-02",
        "Classifica": "EXPLORATION",
        "Licence": "01/35",
        "Operator": "(DAPCO) GULF",
        "Rig": "Cardwell",
        "Spud_Date": "1952-04-21",
        "Comp_Date": "1952-05-28",
        "Location": "ONSHORE",
        "Released": "YES"
      },
      "geometry": {
        "type": "Point",
        "coordinates": [
          10.51119,
          57.42862
        ]
      }
    },
    {
      "type": "Feature",
      "properties": {
        "Well_Name": "FREDERIKSHAVN-3",
        "Well_Numb": "5710/19-03",
        "Classifica": "EXPLORATION",
        "Licence": "01/35",
        "Operator": "(DAPCO) GULF",
        "Rig": "Cardwell",
        "Spud_Date": "1952-06-06",
        "Comp_Date": "1952-07-26",
        "Location": "ONSHORE",
        "Released": "YES"
      },
      "geometry": {
        "type": "Point",
        "coordinates": [
          10.53232,
          57.45806
        ]
      }
    },
    {
      "type": "Feature",
      "properties": {
        "Well_Name": "TØNDER-2",
        "Well_Numb": "5408/04-02",
        "Classifica": "EXPLORATION",
        "Licence": "01/35",
        "Operator": "(DAPCO) GULF",
        "Rig": "Emsco",
        "Spud_Date": "1952-07-10",
        "Comp_Date": "1953-03-07",
        "Location": "ONSHORE",
        "Released": "YES"
      },
      "geometry": {
        "type": "Point",
        "coordinates": [
          8.8593,
          54.98461
        ]
      }
    },
    {
      "type": "Feature",
      "properties": {
        "Well_Name": "ARNUM-1",
        "Well_Numb": "5508/28-01",
        "Classifica": "EXPLORATION",
        "Licence": "01/35",
        "Operator": "(DAPCO) GULF",
        "Rig": "Cardwell",
        "Spud_Date": "1952-09-06",
        "Comp_Date": "1952-11-27",
        "Location": "ONSHORE",
        "Released": "YES"
      },
      "geometry": {
        "type": "Point",
        "coordinates": [
          8.96207,
          55.21962
        ]
      }
    },
    {
      "type": "Feature",
      "properties": {
        "Well_Name": "ÅBENRÅ-1",
        "Well_Numb": "5509/30-01",
        "Classifica": "EXPLORATION",
        "Licence": "01/35",
        "Operator": "(DAPCO) GULF",
        "Rig": "Cardwell",
        "Spud_Date": "1952-12-11",
        "Comp_Date": "1953-06-04",
        "Location": "ONSHORE",
        "Released": "YES"
      },
      "geometry": {
        "type": "Point",
        "coordinates": [
          9.35347,
          55.0249
        ]
      }
    },
    {
      "type": "Feature",
      "properties": {
        "Well_Name": "RØDBY-2",
        "Well_Numb": "5411/10-02",
        "Classifica": "EXPLORATION",
        "Licence": "01/35",
        "Operator": "(DAPCO) GULF",
        "Rig": "Emsco",
        "Spud_Date": "1953-04-20",
        "Comp_Date": "1953-11-24",
        "Location": "ONSHORE",
        "Released": "YES"
      },
      "geometry": {
        "type": "Point",
        "coordinates": [
          11.37159,
          54.69074
        ]
      }
    },
    {
      "type": "Feature",
      "properties": {
        "Well_Name": "VEMB-1",
        "Well_Numb": "5608/18-01",
        "Classifica": "EXPLORATION",
        "Licence": "01/35",
        "Operator": "(STANDARD) DAPCO",
        "Rig": "Emsco",
        "Spud_Date": "1957-12-14",
        "Comp_Date": "1958-01-27",
        "Location": "ONSHORE",
        "Released": "YES"
      },
      "geometry": {
        "type": "Point",
        "coordinates": [
          8.36168,
          56.38078
        ]
      }
    },
    {
      "type": "Feature",
      "properties": {
        "Well_Name": "FJERRITSLEV-1",
        "Well_Numb": "5709/29-01",
        "Classifica": "EXPLORATION",
        "Licence": "01/35",
        "Operator": "(STANDARD) DAPCO",
        "Rig": "Emsco",
        "Spud_Date": "1958-02-14",
        "Comp_Date": "1958-02-28",
        "Location": "ONSHORE",
        "Released": "YES"
      },
      "geometry": {
        "type": "Point",
        "coordinates": [
          9.21422,
          57.08052
        ]
      }
    },
    {
      "type": "Feature",
      "properties": {
        "Well_Name": "FJERRITSLEV-2",
        "Well_Numb": "5709/30-01",
        "Classifica": "EXPLORATION",
        "Licence": "01/35",
        "Operator": "(STANDARD) DAPCO",
        "Rig": "Emsco",
        "Spud_Date": "1958-03-13",
        "Comp_Date": "1958-05-05",
        "Location": "ONSHORE",
        "Released": "YES"
      },
      "geometry": {
        "type": "Point",
        "coordinates": [
          9.25006,
          57.09552
        ]
      }
    },
    {
      "type": "Feature",
      "properties": {
        "Well_Name": "VEDSTED-1",
        "Well_Numb": "5709/27-01",
        "Classifica": "EXPLORATION",
        "Licence": "01/35",
        "Operator": "(STANDARD) DAPCO",
        "Rig": "Emsco",
        "Spud_Date": "1958-05-09",
        "Comp_Date": "1958-06-08",
        "Location": "ONSHORE",
        "Released": "YES"
      },
      "geometry": {
        "type": "Point",
        "coordinates": [
          9.66868,
          57.13997
        ]
      }
    },
    {
      "type": "Feature",
      "properties": {
        "Well_Name": "FLYVBJERG-1",
        "Well_Numb": "5710/21-01",
        "Classifica": "EXPLORATION",
        "Licence": "01/35",
        "Operator": "(STANDARD) DAPCO",
        "Rig": "Emsco",
        "Spud_Date": "1958-06-14",
        "Comp_Date": "1958-07-05",
        "Location": "ONSHORE",
        "Released": "YES"
      },
      "geometry": {
        "type": "Point",
        "coordinates": [
          10.05368,
          57.30361
        ]
      }
    },
    {
      "type": "Feature",
      "properties": {
        "Well_Name": "HORSENS-1",
        "Well_Numb": "5509/04-01",
        "Classifica": "EXPLORATION",
        "Licence": "01/35",
        "Operator": "(STANDARD) DAPCO",
        "Rig": "Emsco",
        "Spud_Date": "1958-07-13",
        "Comp_Date": "1958-07-31",
        "Location": "ONSHORE",
        "Released": "YES"
      },
      "geometry": {
        "type": "Point",
        "coordinates": [
          9.90241,
          55.93577
        ]
      }
    },
    {
      "type": "Feature",
      "properties": {
        "Well_Name": "HØNNING-1",
        "Well_Numb": "5508/28-02",
        "Classifica": "EXPLORATION",
        "Licence": "01/35",
        "Operator": "(STANDARD) GULF",
        "Rig": "Emsco",
        "Spud_Date": "1958-08-09",
        "Comp_Date": "1959-10-19",
        "Location": "ONSHORE",
        "Released": "YES"
      },
      "geometry": {
        "type": "Point",
        "coordinates": [
          8.90679,
          55.18045
        ]
      }
    },
    {
      "type": "Feature",
      "properties": {
        "Well_Name": "GRINDSTED-1",
        "Well_Numb": "5508/08-01",
        "Classifica": "EXPLORATION",
        "Licence": "01/35",
        "Operator": "(STANDARD) GULF",
        "Rig": "Emsco",
        "Spud_Date": "1958-10-29",
        "Comp_Date": "1958-11-27",
        "Location": "ONSHORE",
        "Released": "YES"
      },
      "geometry": {
        "type": "Point",
        "coordinates": [
          8.82215,
          55.75674
        ]
      }
    },
    {
      "type": "Feature",
      "properties": {
        "Well_Name": "RØDEKRO-1",
        "Well_Numb": "5509/30-02",
        "Classifica": "EXPLORATION",
        "Licence": "01/35",
        "Operator": "(STANDARD) GULF",
        "Rig": "Emsco",
        "Spud_Date": "1958-12-05",
        "Comp_Date": "1958-12-30",
        "Location": "ONSHORE",
        "Released": "YES"
      },
      "geometry": {
        "type": "Point",
        "coordinates": [
          9.33903,
          55.0849
        ]
      }
    },
    {
      "type": "Feature",
      "properties": {
        "Well_Name": "LAVØ-1",
        "Well_Numb": "5612/29-01",
        "Classifica": "EXPLORATION",
        "Licence": "01/35",
        "Operator": "(STANDARD) DAPCO",
        "Rig": "Emsco",
        "Spud_Date": "1959-01-19",
        "Comp_Date": "1959-03-01",
        "Location": "ONSHORE",
        "Released": "YES"
      },
      "geometry": {
        "type": "Point",
        "coordinates": [
          12.17408,
          56.03251
        ]
      }
    },
    {
      "type": "Feature",
      "properties": {
        "Well_Name": "SLAGELSE-1",
        "Well_Numb": "5511/22-01",
        "Classifica": "EXPLORATION",
        "Licence": "01/35",
        "Operator": "(STANDARD) GULF",
        "Rig": "Emsco",
        "Spud_Date": "1959-03-09",
        "Comp_Date": "1959-05-21",
        "Location": "ONSHORE",
        "Released": "YES"
      },
      "geometry": {
        "type": "Point",
        "coordinates": [
          11.37694,
          55.37211
        ]
      }
    },
    {
      "type": "Feature",
      "properties": {
        "Well_Name": "RØNDE-1",
        "Well_Numb": "5610/22-01",
        "Classifica": "EXPLORATION",
        "Licence": "01/62",
        "Operator": "Gulf",
        "Rig": "Oilwell 940e",
        "Spud_Date": "1965-10-23",
        "Comp_Date": "1966-08-25",
        "Location": "ONSHORE",
        "Released": "YES"
      },
      "geometry": {
        "type": "Point",
        "coordinates": [
          10.43373,
          56.30329
        ]
      }
    },
    {
      "type": "Feature",
      "properties": {
        "Well_Name": "A-1X",
        "Well_Numb": "5505/17-01",
        "Classifica": "EXPLORATION",
        "Licence": "01/62",
        "Operator": "Gulf",
        "Rig": "Glomar Iv",
        "Spud_Date": "1966-08-27",
        "Comp_Date": "1966-09-28",
        "Location": "OFFSHORE",
        "Released": "YES"
      },
      "geometry": {
        "type": "Point",
        "coordinates": [
          5.06028,
          55.40406
        ]
      }
    },
    {
      "type": "Feature",
      "properties": {
        "Well_Name": "NØVLING-1",
        "Well_Numb": "5608/28-01",
        "Classifica": "EXPLORATION",
        "Licence": "01/62",
        "Operator": "Gulf",
        "Rig": "Oilwell 940e",
        "Spud_Date": "1966-09-13",
        "Comp_Date": "1966-11-25",
        "Location": "ONSHORE",
        "Released": "YES"
      },
      "geometry": {
        "type": "Point",
        "coordinates": [
          8.80869,
          56.16854
        ]
      }
    },
    {
      "type": "Feature",
      "properties": {
        "Well_Name": "MORS-1",
        "Well_Numb": "5608/04-01",
        "Classifica": "EXPLORATION",
        "Licence": "01/62",
        "Operator": "Gulf",
        "Rig": "Oilwell 940e",
        "Spud_Date": "1966-12-13",
        "Comp_Date": "1967-09-21",
        "Location": "ONSHORE",
        "Released": "YES"
      },
      "geometry": {
        "type": "Point",
        "coordinates": [
          8.88339,
          56.8994
        ]
      }
    },
    {
      "type": "Feature",
      "properties": {
        "Well_Name": "A-2X",
        "Well_Numb": "5505/17-02",
        "Classifica": "EXPLORATION",
        "Licence": "01/62",
        "Operator": "Gulf",
        "Rig": "Zapata Explorer",
        "Spud_Date": "1967-07-30",
        "Comp_Date": "1967-10-22",
        "Location": "OFFSHORE",
        "Released": "YES"
      },
      "geometry": {
        "type": "Point",
        "coordinates": [
          5.05875,
          55.40572
        ]
      }
    },
    {
      "type": "Feature",
      "properties": {
        "Well_Name": "THISTED-1",
        "Well_Numb": "5708/31-01",
        "Classifica": "EXPLORATION",
        "Licence": "01/62",
        "Operator": "Gulf",
        "Rig": "Oilwell 940e",
        "Spud_Date": "1967-10-01",
        "Comp_Date": "1967-10-16",
        "Location": "ONSHORE",
        "Released": "YES"
      },
      "geometry": {
        "type": "Point",
        "coordinates": [
          8.65143,
          57.02329
        ]
      }
    },
    {
      "type": "Feature",
      "properties": {
        "Well_Name": "ØRSLEV-1",
        "Well_Numb": "5411/08-01",
        "Classifica": "EXPLORATION",
        "Licence": "01/62",
        "Operator": "Gulf",
        "Rig": "Oilwell 940e",
        "Spud_Date": "1967-10-31",
        "Comp_Date": "1968-01-09",
        "Location": "ONSHORE",
        "Released": "YES"
      },
      "geometry": {
        "type": "Point",
        "coordinates": [
          11.98272,
          54.78131
        ]
      }
    },
    {
      "type": "Feature",
      "properties": {
        "Well_Name": "C-1X",
        "Well_Numb": "5607/15-01",
        "Classifica": "EXPLORATION",
        "Licence": "01/62",
        "Operator": "Gulf",
        "Rig": "Zapata Explorer",
        "Spud_Date": "1968-01-19",
        "Comp_Date": "1968-03-04",
        "Location": "OFFSHORE",
        "Released": "YES"
      },
      "geometry": {
        "type": "Point",
        "coordinates": [
          7.66531,
          56.6108
        ]
      }
    },
    {
      "type": "Feature",
      "properties": {
        "Well_Name": "D-1X",
        "Well_Numb": "5605/19-01",
        "Classifica": "EXPLORATION",
        "Licence": "01/62",
        "Operator": "Gulf",
        "Rig": "Zapata Explorer",
        "Spud_Date": "1968-03-27",
        "Comp_Date": "1968-05-28",
        "Location": "OFFSHORE",
        "Released": "YES"
      },
      "geometry": {
        "type": "Point",
        "coordinates": [
          5.5297,
          56.42411
        ]
      }
    },
    {
      "type": "Feature",
      "properties": {
        "Well_Name": "E-1X",
        "Well_Numb": "5504/12-01",
        "Classifica": "EXPLORATION",
        "Licence": "01/62",
        "Operator": "Gulf",
        "Rig": "Zapata Explorer",
        "Spud_Date": "1968-05-29",
        "Comp_Date": "1968-08-17",
        "Location": "OFFSHORE",
        "Released": "YES"
      },
      "geometry": {
        "type": "Point",
        "coordinates": [
          4.84971,
          55.73045
        ]
      }
    },
    {
      "type": "Feature",
      "properties": {
        "Well_Name": "E-2X",
        "Well_Numb": "5504/11-01",
        "Classifica": "APPRAISAL",
        "Licence": "01/62",
        "Operator": "Gulf",
        "Rig": "Zapata Explorer",
        "Spud_Date": "1968-08-20",
        "Comp_Date": "1968-10-02",
        "Location": "OFFSHORE",
        "Released": "YES"
      },
      "geometry": {
        "type": "Point",
        "coordinates": [
          4.74284,
          55.70828
        ]
      }
    },
    {
      "type": "Feature",
      "properties": {
        "Well_Name": "F-1X",
        "Well_Numb": "5706/32-01",
        "Classifica": "EXPLORATION",
        "Licence": "01/62",
        "Operator": "Gulf",
        "Rig": "Zapata Explorer",
        "Spud_Date": "1968-10-06",
        "Comp_Date": "1968-10-20",
        "Location": "OFFSHORE",
        "Released": "YES"
      },
      "geometry": {
        "type": "Point",
        "coordinates": [
          6.9064,
          57.0308
        ]
      }
    },
    {
      "type": "Feature",
      "properties": {
        "Well_Name": "G-1X",
        "Well_Numb": "5505/13-01",
        "Classifica": "EXPLORATION",
        "Licence": "01/62",
        "Operator": "Gulf",
        "Rig": "Zapata Explorer",
        "Spud_Date": "1968-10-26",
        "Comp_Date": "1968-12-11",
        "Location": "OFFSHORE",
        "Released": "YES"
      },
      "geometry": {
        "type": "Point",
        "coordinates": [
          5.16167,
          55.5838
        ]
      }
    },
    {
      "type": "Feature",
      "properties": {
        "Well_Name": "H-1X",
        "Well_Numb": "5504/07-01",
        "Classifica": "EXPLORATION",
        "Licence": "01/62",
        "Operator": "Gulf",
        "Rig": "Zapata Explorer",
        "Spud_Date": "1968-12-14",
        "Comp_Date": "1969-01-30",
        "Location": "OFFSHORE",
        "Released": "YES"
      },
      "geometry": {
        "type": "Point",
        "coordinates": [
          4.64527,
          55.77325
        ]
      }
    },
    {
      "type": "Feature",
      "properties": {
        "Well_Name": "I-1X",
        "Well_Numb": "5604/29-01",
        "Classifica": "EXPLORATION",
        "Licence": "01/62",
        "Operator": "Gulf",
        "Rig": "Zapata Explorer",
        "Spud_Date": "1969-02-12",
        "Comp_Date": "1969-04-09",
        "Location": "OFFSHORE",
        "Released": "YES"
      },
      "geometry": {
        "type": "Point",
        "coordinates": [
          4.2483,
          56.05211
        ]
      }
    },
    {
      "type": "Feature",
      "properties": {
        "Well_Name": "J-1X",
        "Well_Numb": "5708/19-01",
        "Classifica": "EXPLORATION",
        "Licence": "01/62",
        "Operator": "Gulf",
        "Rig": "Zapata Explorer",
        "Spud_Date": "1969-12-24",
        "Comp_Date": "1970-01-16",
        "Location": "OFFSHORE",
        "Released": "YES"
      },
      "geometry": {
        "type": "Point",
        "coordinates": [
          8.55004,
          57.43193
        ]
      }
    },
    {
      "type": "Feature",
      "properties": {
        "Well_Name": "K-1X",
        "Well_Numb": "5707/25-01",
        "Classifica": "EXPLORATION",
        "Licence": "01/62",
        "Operator": "Chevron",
        "Rig": "Zapata Explorer",
        "Spud_Date": "1970-01-21",
        "Comp_Date": "1970-02-09",
        "Location": "OFFSHORE",
        "Released": "YES"
      },
      "geometry": {
        "type": "Point",
        "coordinates": [
          7.16055,
          57.12637
        ]
      }
    },
    {
      "type": "Feature",
      "properties": {
        "Well_Name": "L-1X",
        "Well_Numb": "5605/21-01",
        "Classifica": "EXPLORATION",
        "Licence": "01/62",
        "Operator": "Chevron",
        "Rig": "Zapata Explorer",
        "Spud_Date": "1970-08-21",
        "Comp_Date": "1970-10-17",
        "Location": "OFFSHORE",
        "Released": "YES"
      },
      "geometry": {
        "type": "Point",
        "coordinates": [
          5.2472,
          56.25187
        ]
      }
    },
    {
      "type": "Feature",
      "properties": {
        "Well_Name": "M-1X",
        "Well_Numb": "5505/17-03",
        "Classifica": "EXPLORATION",
        "Licence": "01/62",
        "Operator": "Gulf",
        "Rig": "Britannia",
        "Spud_Date": "1971-03-01",
        "Comp_Date": "1971-05-08",
        "Location": "OFFSHORE",
        "Released": "YES"
      },
      "geometry": {
        "type": "Point",
        "coordinates": [
          5.13236,
          55.46888
        ]
      }
    },
    {
      "type": "Feature",
      "properties": {
        "Well_Name": "N-1X",
        "Well_Numb": "5504/15-01",
        "Classifica": "EXPLORATION",
        "Licence": "01/62",
        "Operator": "Gulf",
        "Rig": "Britannia",
        "Spud_Date": "1971-05-11",
        "Comp_Date": "1971-06-19",
        "Location": "OFFSHORE",
        "Released": "YES"
      },
      "geometry": {
        "type": "Point",
        "coordinates": [
          4.74499,
          55.57823
        ]
      }
    },
    {
      "type": "Feature",
      "properties": {
        "Well_Name": "M-2X",
        "Well_Numb": "5505/17-15",
        "Classifica": "APPRAISAL",
        "Licence": "01/62",
        "Operator": "Gulf",
        "Rig": "Britannia",
        "Spud_Date": "1971-06-23",
        "Comp_Date": "1971-07-19",
        "Location": "OFFSHORE",
        "Released": "YES"
      },
      "geometry": {
        "type": "Point",
        "coordinates": [
          5.09946,
          55.48129
        ]
      }
    },
    {
      "type": "Feature",
      "properties": {
        "Well_Name": "O-1X",
        "Well_Numb": "5505/22-01",
        "Classifica": "EXPLORATION",
        "Licence": "01/62",
        "Operator": "Gulf",
        "Rig": "Transocean Ii",
        "Spud_Date": "1972-10-09",
        "Comp_Date": "1973-01-13",
        "Location": "OFFSHORE",
        "Released": "YES"
      },
      "geometry": {
        "type": "Point",
        "coordinates": [
          5.32058,
          55.36629
        ]
      }
    },
    {
      "type": "Feature",
      "properties": {
        "Well_Name": "P-1X",
        "Well_Numb": "5603/32-01",
        "Classifica": "EXPLORATION",
        "Licence": "01/62",
        "Operator": "Gulf",
        "Rig": "Zapata Nordic",
        "Spud_Date": "1973-01-21",
        "Comp_Date": "1973-03-18",
        "Location": "OFFSHORE",
        "Released": "YES"
      },
      "geometry": {
        "type": "Point",
        "coordinates": [
          3.768,
          56.03379
        ]
      }
    },
    {
      "type": "Feature",
      "properties": {
        "Well_Name": "Q-1X",
        "Well_Numb": "5604/29-02",
        "Classifica": "EXPLORATION",
        "Licence": "01/62",
        "Operator": "Gulf",
        "Rig": "Zapata Nordic",
        "Spud_Date": "1973-03-28",
        "Comp_Date": "1973-10-04",
        "Location": "OFFSHORE",
        "Released": "YES"
      },
      "geometry": {
        "type": "Point",
        "coordinates": [
          4.10247,
          56.09101
        ]
      }
    },
    {
      "type": "Feature",
      "properties": {
        "Well_Name": "R-1X",
        "Well_Numb": "5606/28-01",
        "Classifica": "EXPLORATION",
        "Licence": "01/62",
        "Operator": "Chevron",
        "Rig": "Transworld 61",
        "Spud_Date": "1973-09-21",
        "Comp_Date": "1973-12-08",
        "Location": "OFFSHORE",
        "Released": "YES"
      },
      "geometry": {
        "type": "Point",
        "coordinates": [
          6.89448,
          56.21522
        ]
      }
    },
    {
      "type": "Feature",
      "properties": {
        "Well_Name": "VOLDUM-1",
        "Well_Numb": "5610/18-01",
        "Classifica": "EXPLORATION",
        "Licence": "01/62",
        "Operator": "Gulf",
        "Rig": "Deutag-14",
        "Spud_Date": "1974-03-04",
        "Comp_Date": "1974-04-15",
        "Location": "ONSHORE",
        "Released": "YES"
      },
      "geometry": {
        "type": "Point",
        "coordinates": [
          10.26541,
          56.38329
        ]
      }
    },
    {
      "type": "Feature",
      "properties": {
        "Well_Name": "HOBRO-1",
        "Well_Numb": "5609/15-01",
        "Classifica": "EXPLORATION",
        "Licence": "01/62",
        "Operator": "Gulf",
        "Rig": "Deutag-14",
        "Spud_Date": "1974-06-07",
        "Comp_Date": "1974-07-10",
        "Location": "ONSHORE",
        "Released": "YES"
      },
      "geometry": {
        "type": "Point",
        "coordinates": [
          9.63314,
          56.60773
        ]
      }
    },
    {
      "type": "Feature",
      "properties": {
        "Well_Name": "M-8X",
        "Well_Numb": "5505/17-04",
        "Classifica": "APPRAISAL",
        "Licence": "01/62",
        "Operator": "Gulf",
        "Rig": "Orion",
        "Spud_Date": "1974-07-03",
        "Comp_Date": "1974-09-02",
        "Location": "OFFSHORE",
        "Released": "YES"
      },
      "geometry": {
        "type": "Point",
        "coordinates": [
          5.11086,
          55.4779
        ]
      }
    },
    {
      "type": "Feature",
      "properties": {
        "Well_Name": "E-3X",
        "Well_Numb": "5504/12-02",
        "Classifica": "APPRAISAL",
        "Licence": "01/62",
        "Operator": "Gulf",
        "Rig": "Orion",
        "Spud_Date": "1974-09-14",
        "Comp_Date": "1974-11-02",
        "Location": "OFFSHORE",
        "Released": "YES"
      },
      "geometry": {
        "type": "Point",
        "coordinates": [
          4.77359,
          55.73294
        ]
      }
    },
    {
      "type": "Feature",
      "properties": {
        "Well_Name": "S-1X",
        "Well_Numb": "5506/16-01",
        "Classifica": "EXPLORATION",
        "Licence": "01/62",
        "Operator": "Chevron",
        "Rig": "Orion",
        "Spud_Date": "1975-02-06",
        "Comp_Date": "1975-04-17",
        "Location": "OFFSHORE",
        "Released": "YES"
      },
      "geometry": {
        "type": "Point",
        "coordinates": [
          6.92032,
          55.51518
        ]
      }
    },
    {
      "type": "Feature",
      "properties": {
        "Well_Name": "N-2X",
        "Well_Numb": "5504/16-01",
        "Classifica": "EXPLORATION",
        "Licence": "01/62",
        "Operator": "Chevron",
        "Rig": "Orion",
        "Spud_Date": "1975-04-24",
        "Comp_Date": "1975-06-12",
        "Location": "OFFSHORE",
        "Released": "YES"
      },
      "geometry": {
        "type": "Point",
        "coordinates": [
          4.77374,
          55.57992
        ]
      }
    },
    {
      "type": "Feature",
      "properties": {
        "Well_Name": "T-1X",
        "Well_Numb": "5604/25-01",
        "Classifica": "EXPLORATION",
        "Licence": "01/62",
        "Operator": "Chevron",
        "Rig": "Ocean Voyager",
        "Spud_Date": "1975-05-05",
        "Comp_Date": "1975-07-27",
        "Location": "OFFSHORE",
        "Released": "YES"
      },
      "geometry": {
        "type": "Point",
        "coordinates": [
          4.17023,
          56.19378
        ]
      }
    },
    {
      "type": "Feature",
      "properties": {
        "Well_Name": "U-1X",
        "Well_Numb": "5504/16-02",
        "Classifica": "EXPLORATION",
        "Licence": "01/62",
        "Operator": "Chevron",
        "Rig": "Ocean Voyager",
        "Spud_Date": "1975-07-29",
        "Comp_Date": "1975-11-15",
        "Location": "OFFSHORE",
        "Released": "YES"
      },
      "geometry": {
        "type": "Point",
        "coordinates": [
          4.80073,
          55.50037
        ]
      }
    },
    {
      "type": "Feature",
      "properties": {
        "Well_Name": "V-1X",
        "Well_Numb": "5505/09-01",
        "Classifica": "EXPLORATION",
        "Licence": "01/62",
        "Operator": "Chevron",
        "Rig": "Zapata Explorer",
        "Spud_Date": "1975-11-21",
        "Comp_Date": "1976-02-02",
        "Location": "OFFSHORE",
        "Released": "YES"
      },
      "geometry": {
        "type": "Point",
        "coordinates": [
          5.13157,
          55.72985
        ]
      }
    },
    {
      "type": "Feature",
      "properties": {
        "Well_Name": "HYLLEBJERG-1",
        "Well_Numb": "5609/06-01",
        "Classifica": "EXPLORATION",
        "Licence": "01/62",
        "Operator": "MÆRSK OLIE OG GAS AS",
        "Rig": "National 80b",
        "Spud_Date": "1975-12-07",
        "Comp_Date": "1976-01-19",
        "Location": "ONSHORE",
        "Released": "YES"
      },
      "geometry": {
        "type": "Point",
        "coordinates": [
          9.34702,
          56.81413
        ]
      }
    },
    {
      "type": "Feature",
      "properties": {
        "Well_Name": "RØDDING-1",
        "Well_Numb": "5608/12-01",
        "Classifica": "EXPLORATION",
        "Licence": "01/62",
        "Operator": "MÆRSK OLIE OG GAS AS",
        "Rig": "National 80b",
        "Spud_Date": "1976-01-27",
        "Comp_Date": "1976-02-20",
        "Location": "ONSHORE",
        "Released": "YES"
      },
      "geometry": {
        "type": "Point",
        "coordinates": [
          8.80367,
          56.64634
        ]
      }
    },
    {
      "type": "Feature",
      "properties": {
        "Well_Name": "KVOLS-1",
        "Well_Numb": "5609/14-01",
        "Classifica": "EXPLORATION",
        "Licence": "01/62",
        "Operator": "MÆRSK OLIE OG GAS AS",
        "Rig": "National 80b",
        "Spud_Date": "1976-02-27",
        "Comp_Date": "1976-03-29",
        "Location": "ONSHORE",
        "Released": "YES"
      },
      "geometry": {
        "type": "Point",
        "coordinates": [
          9.29758,
          56.52967
        ]
      }
    },
    {
      "type": "Feature",
      "properties": {
        "Well_Name": "W-1X",
        "Well_Numb": "5504/01-01",
        "Classifica": "EXPLORATION",
        "Licence": "01/62",
        "Operator": "Chevron",
        "Rig": "Mærsk Explorer",
        "Spud_Date": "1976-03-20",
        "Comp_Date": "1976-06-16",
        "Location": "OFFSHORE",
        "Released": "YES"
      },
      "geometry": {
        "type": "Point",
        "coordinates": [
          4.14385,
          55.90683
        ]
      }
    },
    {
      "type": "Feature",
      "properties": {
        "Well_Name": "SKIVE-1",
        "Well_Numb": "5609/09-01",
        "Classifica": "EXPLORATION",
        "Licence": "01/62",
        "Operator": "MÆRSK OLIE OG GAS AS",
        "Rig": "National 80b",
        "Spud_Date": "1976-04-04",
        "Comp_Date": "1976-04-28",
        "Location": "ONSHORE",
        "Released": "YES"
      },
      "geometry": {
        "type": "Point",
        "coordinates": [
          9.00174,
          56.62662
        ]
      }
    },
    {
      "type": "Feature",
      "properties": {
        "Well_Name": "ODDESUND-1",
        "Well_Numb": "5608/15-01",
        "Classifica": "EXPLORATION",
        "Licence": "01/62",
        "Operator": "MÆRSK OLIE OG GAS AS",
        "Rig": "National 80b",
        "Spud_Date": "1976-05-04",
        "Comp_Date": "1976-08-10",
        "Location": "ONSHORE",
        "Released": "YES"
      },
      "geometry": {
        "type": "Point",
        "coordinates": [
          8.56812,
          56.55941
        ]
      }
    },
    {
      "type": "Feature",
      "properties": {
        "Well_Name": "N-3X",
        "Well_Numb": "5504/16-03",
        "Classifica": "EXPLORATION",
        "Licence": "01/62",
        "Operator": "Gulf",
        "Rig": "Mærsk Explorer",
        "Spud_Date": "1976-06-27",
        "Comp_Date": "1976-09-05",
        "Location": "OFFSHORE",
        "Released": "YES"
      },
      "geometry": {
        "type": "Point",
        "coordinates": [
          4.75382,
          55.58716
        ]
      }
    },
    {
      "type": "Feature",
      "properties": {
        "Well_Name": "E-4X",
        "Well_Numb": "5504/12-03",
        "Classifica": "APPRAISAL",
        "Licence": "01/62",
        "Operator": "Gulf",
        "Rig": "Mærsk Explorer",
        "Spud_Date": "1976-09-08",
        "Comp_Date": "1976-11-24",
        "Location": "OFFSHORE",
        "Released": "YES"
      },
      "geometry": {
        "type": "Point",
        "coordinates": [
          4.80007,
          55.71644
        ]
      }
    },
    {
      "type": "Feature",
      "properties": {
        "Well_Name": "RUTH-1",
        "Well_Numb": "5504/16-04",
        "Classifica": "EXPLORATION",
        "Licence": "01/62",
        "Operator": "Chevron",
        "Rig": "Mærsk Explorer",
        "Spud_Date": "1977-01-08",
        "Comp_Date": "1977-03-19",
        "Location": "OFFSHORE",
        "Released": "YES"
      },
      "geometry": {
        "type": "Point",
        "coordinates": [
          4.91333,
          55.53822
        ]
      }
    },
    {
      "type": "Feature",
      "properties": {
        "Well_Name": "ADDA-1",
        "Well_Numb": "5504/08-01",
        "Classifica": "EXPLORATION",
        "Licence": "01/62",
        "Operator": "Chevron",
        "Rig": "Mærsk Explorer",
        "Spud_Date": "1977-03-23",
        "Comp_Date": "1977-07-16",
        "Location": "OFFSHORE",
        "Released": "YES"
      },
      "geometry": {
        "type": "Point",
        "coordinates": [
          4.86777,
          55.80935
        ]
      }
    },
    {
      "type": "Feature",
      "properties": {
        "Well_Name": "BO-1X",
        "Well_Numb": "5504/07-02",
        "Classifica": "EXPLORATION",
        "Licence": "01/62",
        "Operator": "Chevron",
        "Rig": "Mærsk Explorer",
        "Spud_Date": "1977-08-19",
        "Comp_Date": "1977-09-04",
        "Location": "OFFSHORE",
        "Released": "YES"
      },
      "geometry": {
        "type": "Point",
        "coordinates": [
          4.57043,
          55.80161
        ]
      }
    },
    {
      "type": "Feature",
      "properties": {
        "Well_Name": "INEZ-1",
        "Well_Numb": "5606/08-01",
        "Classifica": "EXPLORATION",
        "Licence": "01/62",
        "Operator": "Chevron",
        "Rig": "Mærsk Explorer",
        "Spud_Date": "1977-09-11",
        "Comp_Date": "1977-10-04",
        "Location": "OFFSHORE",
        "Released": "YES"
      },
      "geometry": {
        "type": "Point",
        "coordinates": [
          6.96002,
          56.84052
        ]
      }
    },
    {
      "type": "Feature",
      "properties": {
        "Well_Name": "VAGN-1",
        "Well_Numb": "5505/21-01",
        "Classifica": "EXPLORATION",
        "Licence": "01/62",
        "Operator": "Chevron",
        "Rig": "Zapata Chaparral",
        "Spud_Date": "1977-10-09",
        "Comp_Date": "1977-12-14",
        "Location": "OFFSHORE",
        "Released": "YES"
      },
      "geometry": {
        "type": "Point",
        "coordinates": [
          5.15667,
          55.31738
        ]
      }
    },
    {
      "type": "Feature",
      "properties": {
        "Well_Name": "TOSTRUP-3",
        "Well_Numb": "5609/10-03",
        "Classifica": "GAS STORAGE",
        "Licence": "GAS STORAGE INVESTIGATION",
        "Operator": "DONG",
        "Rig": "Dst Smg Fb-291",
        "Spud_Date": "1978-04-21",
        "Comp_Date": "1978-05-26",
        "Location": "ONSHORE",
        "Released": "YES"
      },
      "geometry": {
        "type": "Point",
        "coordinates": [
          9.40064,
          56.63579
        ]
      }
    },
    {
      "type": "Feature",
      "properties": {
        "Well_Name": "VAGN-2",
        "Well_Numb": "5505/21-02",
        "Classifica": "EXPLORATION",
        "Licence": "01/62",
        "Operator": "Chevron",
        "Rig": "Mærsk Explorer",
        "Spud_Date": "1978-08-09",
        "Comp_Date": "1978-09-04",
        "Location": "OFFSHORE",
        "Released": "YES"
      },
      "geometry": {
        "type": "Point",
        "coordinates": [
          5.16058,
          55.32182
        ]
      }
    },
    {
      "type": "Feature",
      "properties": {
        "Well_Name": "TOVE-1",
        "Well_Numb": "5505/21-03",
        "Classifica": "EXPLORATION",
        "Licence": "01/62",
        "Operator": "Chevron",
        "Rig": "Mærsk Explorer",
        "Spud_Date": "1978-09-08",
        "Comp_Date": "1978-10-15",
        "Location": "OFFSHORE",
        "Released": "YES"
      },
      "geometry": {
        "type": "Point",
        "coordinates": [
          5.16113,
          55.25405
        ]
      }
    },
    {
      "type": "Feature",
      "properties": {
        "Well_Name": "PER-1",
        "Well_Numb": "5505/05-01",
        "Classifica": "EXPLORATION",
        "Licence": "01/62",
        "Operator": "Chevron",
        "Rig": "Mærsk Explorer",
        "Spud_Date": "1978-10-18",
        "Comp_Date": "1978-11-23",
        "Location": "OFFSHORE",
        "Released": "YES"
      },
      "geometry": {
        "type": "Point",
        "coordinates": [
          5.08195,
          55.791
        ]
      }
    },
    {
      "type": "Feature",
      "properties": {
        "Well_Name": "AARS-1",
        "Well_Numb": "5609/07-01",
        "Classifica": "EXPLORATION",
        "Licence": "DONG GEOTHERMAL CONCESS.",
        "Operator": "DONG",
        "Rig": "Dst Gh 1400/23",
        "Spud_Date": "1978-11-06",
        "Comp_Date": "1979-09-04",
        "Location": "ONSHORE",
        "Released": "YES"
      },
      "geometry": {
        "type": "Point",
        "coordinates": [
          9.50807,
          56.79483
        ]
      }
    },
    {
      "type": "Feature",
      "properties": {
        "Well_Name": "NILS-1",
        "Well_Numb": "5505/17-05",
        "Classifica": "EXPLORATION",
        "Licence": "01/62",
        "Operator": "Chevron",
        "Rig": "Mærsk Explorer",
        "Spud_Date": "1978-12-03",
        "Comp_Date": "1979-02-19",
        "Location": "OFFSHORE",
        "Released": "YES"
      },
      "geometry": {
        "type": "Point",
        "coordinates": [
          5.2253,
          55.38682
        ]
      }
    },
    {
      "type": "Feature",
      "properties": {
        "Well_Name": "M-1X",
        "Well_Numb": "5505/17-03",
        "Classifica": "EXPLORATION",
        "Licence": "01/62",
        "Operator": "Gulf",
        "Rig": "Mærsk Explorer",
        "Spud_Date": "1979-03-08",
        "Comp_Date": "1979-07-01",
        "Location": "OFFSHORE",
        "Released": "YES"
      },
      "geometry": {
        "type": "Point",
        "coordinates": [
          5.13236,
          55.46888
        ]
      }
    },
    {
      "type": "Feature",
      "properties": {
        "Well_Name": "TOSTRUP-4",
        "Well_Numb": "5609/10-04",
        "Classifica": "GAS STORAGE",
        "Licence": "GAS STORAGE INVESTIGATION",
        "Operator": "DONG",
        "Rig": "Dst Gh 1400/23",
        "Spud_Date": "1979-03-10",
        "Comp_Date": "1979-10-22",
        "Location": "ONSHORE",
        "Released": "YES"
      },
      "geometry": {
        "type": "Point",
        "coordinates": [
          9.39564,
          56.63634
        ]
      }
    },
    {
      "type": "Feature",
      "properties": {
        "Well_Name": "M-9X",
        "Well_Numb": "5505/17-06",
        "Classifica": "APPRAISAL",
        "Licence": "01/62",
        "Operator": "Chevron",
        "Rig": "Mærsk Explorer",
        "Spud_Date": "1979-09-10",
        "Comp_Date": "1979-12-04",
        "Location": "OFFSHORE",
        "Released": "YES"
      },
      "geometry": {
        "type": "Point",
        "coordinates": [
          5.10921,
          55.4466
        ]
      }
    },
    {
      "type": "Feature",
      "properties": {
        "Well_Name": "LINDE-1",
        "Well_Numb": "5608/18-02",
        "Classifica": "EXPLORATION",
        "Licence": "WASTE STORAGE INVESTIG.",
        "Operator": "ELSAM",
        "Rig": "Franks Explorer Iii/",
        "Spud_Date": "1979-11-22",
        "Comp_Date": "1980-01-24",
        "Location": "ONSHORE",
        "Released": "YES"
      },
      "geometry": {
        "type": "Point",
        "coordinates": [
          8.44041,
          56.43273
        ]
      }
    },
    {
      "type": "Feature",
      "properties": {
        "Well_Name": "LULU-1",
        "Well_Numb": "5604/22-01",
        "Classifica": "EXPLORATION",
        "Licence": "01/62",
        "Operator": "Chevron",
        "Rig": "Sedco J.",
        "Spud_Date": "1980-01-03",
        "Comp_Date": "1980-09-17",
        "Location": "OFFSHORE",
        "Released": "YES"
      },
      "geometry": {
        "type": "Point",
        "coordinates": [
          4.29245,
          56.33334
        ]
      }
    },
    {
      "type": "Feature",
      "properties": {
        "Well_Name": "ERSLEV-1",
        "Well_Numb": "5608/08-01",
        "Classifica": "EXPLORATION",
        "Licence": "WASTE STORAGE INVESTIG.",
        "Operator": "ELSAM",
        "Rig": "Cabot Frank 900",
        "Spud_Date": "1980-01-28",
        "Comp_Date": "1980-04-13",
        "Location": "ONSHORE",
        "Released": "YES"
      },
      "geometry": {
        "type": "Point",
        "coordinates": [
          8.76925,
          56.80192
        ]
      }
    },
    {
      "type": "Feature",
      "properties": {
        "Well_Name": "ERSLEV-2",
        "Well_Numb": "5608/08-02",
        "Classifica": "EXPLORATION",
        "Licence": "WASTE STORAGE INVESTIG.",
        "Operator": "ELSAM",
        "Rig": "Cabot Frank 900",
        "Spud_Date": "1980-04-21",
        "Comp_Date": "1980-07-12",
        "Location": "ONSHORE",
        "Released": "YES"
      },
      "geometry": {
        "type": "Point",
        "coordinates": [
          8.77398,
          56.81141
        ]
      }
    },
    {
      "type": "Feature",
      "properties": {
        "Well_Name": "TOSTRUP-5",
        "Well_Numb": "5609/10-05",
        "Classifica": "GAS STORAGE",
        "Licence": "GAS STORAGE INVESTIGATION",
        "Operator": "DONG",
        "Rig": "Ideco Bir-800",
        "Spud_Date": "1980-04-21",
        "Comp_Date": "1980-10-19",
        "Location": "ONSHORE",
        "Released": "YES"
      },
      "geometry": {
        "type": "Point",
        "coordinates": [
          9.41536,
          56.64162
        ]
      }
    },
    {
      "type": "Feature",
      "properties": {
        "Well_Name": "STENLILLE-1",
        "Well_Numb": "5511/15-01",
        "Classifica": "EXPLORATION AND STORAGE",
        "Licence": "GAS STORAGE INVESTIGATION",
        "Operator": "DONG",
        "Rig": "Ideco Bir-800",
        "Spud_Date": "1980-06-06",
        "Comp_Date": "1980-07-08",
        "Location": "ONSHORE",
        "Released": "YES"
      },
      "geometry": {
        "type": "Point",
        "coordinates": [
          11.61724,
          55.54334
        ]
      }
    },
    {
      "type": "Feature",
      "properties": {
        "Well_Name": "TOSTRUP-6",
        "Well_Numb": "5609/10-06",
        "Classifica": "GAS STORAGE",
        "Licence": "GAS STORAGE INVESTIGATION",
        "Operator": "DONG",
        "Rig": "Ideco Bir-800",
        "Spud_Date": "1980-07-14",
        "Comp_Date": "1980-08-27",
        "Location": "ONSHORE",
        "Released": "YES"
      },
      "geometry": {
        "type": "Point",
        "coordinates": [
          9.42119,
          56.63912
        ]
      }
    },
    {
      "type": "Feature",
      "properties": {
        "Well_Name": "LØGUMKLOSTER-1",
        "Well_Numb": "5508/32-01",
        "Classifica": "EXPLORATION",
        "Licence": "01/62",
        "Operator": "MÆRSK OLIE OG GAS AS",
        "Rig": "Deutag-14",
        "Spud_Date": "1980-07-31",
        "Comp_Date": "1980-10-31",
        "Location": "ONSHORE",
        "Released": "YES"
      },
      "geometry": {
        "type": "Point",
        "coordinates": [
          8.94985,
          55.04184
        ]
      }
    },
    {
      "type": "Feature",
      "properties": {
        "Well_Name": "TOSTRUP-7",
        "Well_Numb": "5609/10-07",
        "Classifica": "GAS STORAGE",
        "Licence": "GAS STORAGE INVESTIGATION",
        "Operator": "DONG",
        "Rig": "Ideco Bir-800",
        "Spud_Date": "1980-08-30",
        "Comp_Date": "1980-10-13",
        "Location": "ONSHORE",
        "Released": "YES"
      },
      "geometry": {
        "type": "Point",
        "coordinates": [
          9.42202,
          56.64329
        ]
      }
    },
    {
      "type": "Feature",
      "properties": {
        "Well_Name": "TØNDER-3",
        "Well_Numb": "5408/04-03",
        "Classifica": "EXPLORATION",
        "Licence": "01/62",
        "Operator": "MÆRSK OLIE OG GAS AS",
        "Rig": "Deutag-14",
        "Spud_Date": "1980-10-10",
        "Comp_Date": "1980-11-10",
        "Location": "ONSHORE",
        "Released": "YES"
      },
      "geometry": {
        "type": "Point",
        "coordinates": [
          8.85652,
          54.95767
        ]
      }
    },
    {
      "type": "Feature",
      "properties": {
        "Well_Name": "VARNÆS-1",
        "Well_Numb": "5509/31-01",
        "Classifica": "EXPLORATION",
        "Licence": "01/62",
        "Operator": "MÆRSK OLIE OG GAS AS",
        "Rig": "Deutag-14",
        "Spud_Date": "1980-11-20",
        "Comp_Date": "1980-12-23",
        "Location": "ONSHORE",
        "Released": "YES"
      },
      "geometry": {
        "type": "Point",
        "coordinates": [
          9.59098,
          55.03629
        ]
      }
    },
    {
      "type": "Feature",
      "properties": {
        "Well_Name": "ADDA-2",
        "Well_Numb": "5504/08-02",
        "Classifica": "APPRAISAL",
        "Licence": "01/62",
        "Operator": "Chevron",
        "Rig": "Dyvi Beta",
        "Spud_Date": "1981-01-03",
        "Comp_Date": "1981-03-03",
        "Location": "OFFSHORE",
        "Released": "YES"
      },
      "geometry": {
        "type": "Point",
        "coordinates": [
          4.84336,
          55.80482
        ]
      }
    },
    {
      "type": "Feature",
      "properties": {
        "Well_Name": "BRØNS-1",
        "Well_Numb": "5508/27-01",
        "Classifica": "EXPLORATION",
        "Licence": "01/62",
        "Operator": "MÆRSK OLIE OG GAS AS",
        "Rig": "Deutag-14",
        "Spud_Date": "1981-01-11",
        "Comp_Date": "1981-04-11",
        "Location": "ONSHORE",
        "Released": "YES"
      },
      "geometry": {
        "type": "Point",
        "coordinates": [
          8.7343,
          55.20046
        ]
      }
    },
    {
      "type": "Feature",
      "properties": {
        "Well_Name": "MIDDLE-ROSA-1",
        "Well_Numb": "5504/15-02",
        "Classifica": "EXPLORATION",
        "Licence": "01/62",
        "Operator": "Chevron",
        "Rig": "Dyvi Beta",
        "Spud_Date": "1981-03-16",
        "Comp_Date": "1981-06-06",
        "Location": "OFFSHORE",
        "Released": "YES"
      },
      "geometry": {
        "type": "Point",
        "coordinates": [
          4.50004,
          55.59344
        ]
      }
    },
    {
      "type": "Feature",
      "properties": {
        "Well_Name": "TOSTRUP-8",
        "Well_Numb": "5609/10-08",
        "Classifica": "GAS STORAGE",
        "Licence": "GAS STORAGE INVESTIGATION",
        "Operator": "DONG",
        "Rig": "Ideco Bir-8085",
        "Spud_Date": "1981-05-31",
        "Comp_Date": "1981-07-14",
        "Location": "ONSHORE",
        "Released": "YES"
      },
      "geometry": {
        "type": "Point",
        "coordinates": [
          9.41758,
          56.6344
        ]
      }
    },
    {
      "type": "Feature",
      "properties": {
        "Well_Name": "TOSTRUP-9",
        "Well_Numb": "5609/10-09",
        "Classifica": "GAS STORAGE",
        "Licence": "GAS STORAGE INVESTIGATION",
        "Operator": "DONG",
        "Rig": "Ideco Bir-8085",
        "Spud_Date": "1981-07-19",
        "Comp_Date": "1981-08-30",
        "Location": "ONSHORE",
        "Released": "YES"
      },
      "geometry": {
        "type": "Point",
        "coordinates": [
          9.42036,
          56.63579
        ]
      }
    },
    {
      "type": "Feature",
      "properties": {
        "Well_Name": "ROAR-2",
        "Well_Numb": "5504/07-03",
        "Classifica": "APPRAISAL",
        "Licence": "01/62",
        "Operator": "Chevron",
        "Rig": "Dyvi Beta",
        "Spud_Date": "1981-08-08",
        "Comp_Date": "1981-11-07",
        "Location": "OFFSHORE",
        "Released": "YES"
      },
      "geometry": {
        "type": "Point",
        "coordinates": [
          4.66421,
          55.7521
        ]
      }
    },
    {
      "type": "Feature",
      "properties": {
        "Well_Name": "TOSTRUP-10",
        "Well_Numb": "5609/10-10",
        "Classifica": "GAS STORAGE",
        "Licence": "GAS STORAGE INVESTIGATION",
        "Operator": "DONG",
        "Rig": "Ideco Bir-8085",
        "Spud_Date": "1981-09-03",
        "Comp_Date": "1981-10-12",
        "Location": "ONSHORE",
        "Released": "YES"
      },
      "geometry": {
        "type": "Point",
        "coordinates": [
          9.40786,
          56.63634
        ]
      }
    },
    {
      "type": "Feature",
      "properties": {
        "Well_Name": "FARSØ-1",
        "Well_Numb": "5609/06-02",
        "Classifica": "EXPLORATION",
        "Licence": "DONG GEOTHERMAL CONCESS.",
        "Operator": "DONG",
        "Rig": "Ideco Bir-8085",
        "Spud_Date": "1981-10-22",
        "Comp_Date": "1982-01-24",
        "Location": "ONSHORE",
        "Released": "YES"
      },
      "geometry": {
        "type": "Point",
        "coordinates": [
          9.36248,
          56.7808
        ]
      }
    },
    {
      "type": "Feature",
      "properties": {
        "Well_Name": "OTTO-1",
        "Well_Numb": "5604/25-02",
        "Classifica": "EXPLORATION",
        "Licence": "01/62",
        "Operator": "Chevron",
        "Rig": "Dyvi Beta",
        "Spud_Date": "1981-12-21",
        "Comp_Date": "1982-03-20",
        "Location": "OFFSHORE",
        "Released": "YES"
      },
      "geometry": {
        "type": "Point",
        "coordinates": [
          4.18826,
          56.15131
        ]
      }
    },
    {
      "type": "Feature",
      "properties": {
        "Well_Name": "THISTED-2",
        "Well_Numb": "5608/03-01",
        "Classifica": "EXPLORATION",
        "Licence": "DONG GEOTHERMAL CONCESS.",
        "Operator": "DONG",
        "Rig": "Ideco Bir-8085",
        "Spud_Date": "1982-02-04",
        "Comp_Date": "1982-03-28",
        "Location": "ONSHORE",
        "Released": "YES"
      },
      "geometry": {
        "type": "Point",
        "coordinates": [
          8.71442,
          56.96495
        ]
      }
    },
    {
      "type": "Feature",
      "properties": {
        "Well_Name": "JENS-1",
        "Well_Numb": "5504/11-02",
        "Classifica": "EXPLORATION",
        "Licence": "01/62",
        "Operator": "Chevron",
        "Rig": "Dyvi Beta",
        "Spud_Date": "1982-03-24",
        "Comp_Date": "1982-09-23",
        "Location": "OFFSHORE",
        "Released": "YES"
      },
      "geometry": {
        "type": "Point",
        "coordinates": [
          4.53672,
          55.71283
        ]
      }
    },
    {
      "type": "Feature",
      "properties": {
        "Well_Name": "BOJE-1",
        "Well_Numb": "5504/07-04",
        "Classifica": "EXPLORATION",
        "Licence": "01/62",
        "Operator": "Chevron",
        "Rig": "Dan Earl",
        "Spud_Date": "1982-04-01",
        "Comp_Date": "1982-06-08",
        "Location": "OFFSHORE",
        "Released": "YES"
      },
      "geometry": {
        "type": "Point",
        "coordinates": [
          4.67621,
          55.83325
        ]
      }
    },
    {
      "type": "Feature",
      "properties": {
        "Well_Name": "MONA-1",
        "Well_Numb": "5604/21-01",
        "Classifica": "EXPLORATION",
        "Licence": "01/62",
        "Operator": "Chevron",
        "Rig": "Dyvi Beta",
        "Spud_Date": "1982-10-03",
        "Comp_Date": "1983-02-09",
        "Location": "OFFSHORE",
        "Released": "YES"
      },
      "geometry": {
        "type": "Point",
        "coordinates": [
          4.00294,
          56.27599
        ]
      }
    },
    {
      "type": "Feature",
      "properties": {
        "Well_Name": "EMMA-1",
        "Well_Numb": "5505/18-01",
        "Classifica": "EXPLORATION",
        "Licence": "01/62",
        "Operator": "Chevron",
        "Rig": "Mærsk Explorer",
        "Spud_Date": "1982-10-26",
        "Comp_Date": "1982-11-28",
        "Location": "OFFSHORE",
        "Released": "YES"
      },
      "geometry": {
        "type": "Point",
        "coordinates": [
          5.35626,
          55.49158
        ]
      }
    },
    {
      "type": "Feature",
      "properties": {
        "Well_Name": "SØLLESTED-1",
        "Well_Numb": "5411/06-01",
        "Classifica": "EXPLORATION",
        "Licence": "01/62",
        "Operator": "MÆRSK OLIE OG GAS AS",
        "Rig": "Deutag-14",
        "Spud_Date": "1982-10-27",
        "Comp_Date": "1982-12-11",
        "Location": "ONSHORE",
        "Released": "YES"
      },
      "geometry": {
        "type": "Point",
        "coordinates": [
          11.29742,
          54.80075
        ]
      }
    },
    {
      "type": "Feature",
      "properties": {
        "Well_Name": "M-10X",
        "Well_Numb": "5505/17-07",
        "Classifica": "APPRAISAL",
        "Licence": "01/62",
        "Operator": "MÆRSK OLIE OG GAS AS",
        "Rig": "Mærsk Explorer",
        "Spud_Date": "1982-12-16",
        "Comp_Date": "1983-02-16",
        "Location": "OFFSHORE",
        "Released": "YES"
      },
      "geometry": {
        "type": "Point",
        "coordinates": [
          5.0844,
          55.47385
        ]
      }
    },
    {
      "type": "Feature",
      "properties": {
        "Well_Name": "ELIN-1",
        "Well_Numb": "5504/02-01",
        "Classifica": "EXPLORATION",
        "Licence": "01/62",
        "Operator": "Chevron",
        "Rig": "Dyvi Epsilon",
        "Spud_Date": "1983-01-27",
        "Comp_Date": "1983-04-27",
        "Location": "OFFSHORE",
        "Released": "YES"
      },
      "geometry": {
        "type": "Point",
        "coordinates": [
          4.37082,
          55.94685
        ]
      }
    },
    {
      "type": "Feature",
      "properties": {
        "Well_Name": "TØNDER-5",
        "Well_Numb": "5408/04-05",
        "Classifica": "APPRAISAL",
        "Licence": "GAS STORAGE INVESTIGATION",
        "Operator": "DONG",
        "Rig": "National 80 U",
        "Spud_Date": "1983-02-13",
        "Comp_Date": "1983-03-09",
        "Location": "ONSHORE",
        "Released": "YES"
      },
      "geometry": {
        "type": "Point",
        "coordinates": [
          8.83072,
          54.9502
        ]
      }
    },
    {
      "type": "Feature",
      "properties": {
        "Well_Name": "STEN-1",
        "Well_Numb": "5603/27-01",
        "Classifica": "EXPLORATION",
        "Licence": "01/62",
        "Operator": "Chevron",
        "Rig": "Dyvi Beta",
        "Spud_Date": "1983-02-17",
        "Comp_Date": "1983-04-17",
        "Location": "OFFSHORE",
        "Released": "YES"
      },
      "geometry": {
        "type": "Point",
        "coordinates": [
          3.62485,
          56.12925
        ]
      }
    },
    {
      "type": "Feature",
      "properties": {
        "Well_Name": "S.E. IGOR-1",
        "Well_Numb": "5505/14-01",
        "Classifica": "EXPLORATION",
        "Licence": "01/62",
        "Operator": "Chevron",
        "Rig": "Mærsk Endeavour",
        "Spud_Date": "1983-02-20",
        "Comp_Date": "1983-04-07",
        "Location": "OFFSHORE",
        "Released": "YES"
      },
      "geometry": {
        "type": "Point",
        "coordinates": [
          5.26586,
          55.5647
        ]
      }
    },
    {
      "type": "Feature",
      "properties": {
        "Well_Name": "TØNDER-4",
        "Well_Numb": "5408/04-04",
        "Classifica": "APPRAISAL",
        "Licence": "GAS STORAGE INVESTIGATION",
        "Operator": "DONG",
        "Rig": "National 80 U",
        "Spud_Date": "1983-03-13",
        "Comp_Date": "1983-03-30",
        "Location": "ONSHORE",
        "Released": "YES"
      },
      "geometry": {
        "type": "Point",
        "coordinates": [
          8.8457,
          54.95906
        ]
      }
    },
    {
      "type": "Feature",
      "properties": {
        "Well_Name": "OLAF-1",
        "Well_Numb": "5503/03-01",
        "Classifica": "EXPLORATION",
        "Licence": "01/62",
        "Operator": "Chevron",
        "Rig": "Mærsk Explorer",
        "Spud_Date": "1983-04-15",
        "Comp_Date": "1983-07-26",
        "Location": "OFFSHORE",
        "Released": "YES"
      },
      "geometry": {
        "type": "Point",
        "coordinates": [
          3.73354,
          55.97172
        ]
      }
    },
    {
      "type": "Feature",
      "properties": {
        "Well_Name": "T-3X",
        "Well_Numb": "5604/25-03",
        "Classifica": "APPRAISAL",
        "Licence": "01/62",
        "Operator": "Chevron",
        "Rig": "Dyvi Beta",
        "Spud_Date": "1983-04-23",
        "Comp_Date": "1983-07-07",
        "Location": "OFFSHORE",
        "Released": "YES"
      },
      "geometry": {
        "type": "Point",
        "coordinates": [
          4.17856,
          56.17834
        ]
      }
    },
    {
      "type": "Feature",
      "properties": {
        "Well_Name": "EAST-ROSA-1",
        "Well_Numb": "5504/15-03",
        "Classifica": "EXPLORATION",
        "Licence": "01/62",
        "Operator": "Chevron",
        "Rig": "Dyvi Epsilon",
        "Spud_Date": "1983-05-01",
        "Comp_Date": "1983-07-03",
        "Location": "OFFSHORE",
        "Released": "YES"
      },
      "geometry": {
        "type": "Point",
        "coordinates": [
          4.61015,
          55.57911
        ]
      }
    },
    {
      "type": "Feature",
      "properties": {
        "Well_Name": "MIDDLE-ROSA-2",
        "Well_Numb": "5504/14-01",
        "Classifica": "APPRAISAL",
        "Licence": "01/62",
        "Operator": "Chevron",
        "Rig": "Dyvi Epsilon",
        "Spud_Date": "1983-07-07",
        "Comp_Date": "1983-09-08",
        "Location": "OFFSHORE",
        "Released": "YES"
      },
      "geometry": {
        "type": "Point",
        "coordinates": [
          4.48786,
          55.60434
        ]
      }
    },
    {
      "type": "Feature",
      "properties": {
        "Well_Name": "EDNA-1",
        "Well_Numb": "5504/10-01",
        "Classifica": "EXPLORATION",
        "Licence": "01/62",
        "Operator": "Chevron",
        "Rig": "Mærsk Endeavour",
        "Spud_Date": "1983-07-12",
        "Comp_Date": "1983-10-08",
        "Location": "OFFSHORE",
        "Released": "YES"
      },
      "geometry": {
        "type": "Point",
        "coordinates": [
          4.4185,
          55.65254
        ]
      }
    },
    {
      "type": "Feature",
      "properties": {
        "Well_Name": "KARL-1",
        "Well_Numb": "5604/21-02",
        "Classifica": "EXPLORATION",
        "Licence": "01/62",
        "Operator": "Chevron",
        "Rig": "Dyvi Beta",
        "Spud_Date": "1983-07-12",
        "Comp_Date": "1983-10-04",
        "Location": "OFFSHORE",
        "Released": "YES"
      },
      "geometry": {
        "type": "Point",
        "coordinates": [
          4.05202,
          56.29465
        ]
      }
    },
    {
      "type": "Feature",
      "properties": {
        "Well_Name": "HANS-1",
        "Well_Numb": "5612/21-01",
        "Classifica": "EXPLORATION",
        "Licence": "01/62",
        "Operator": "MÆRSK OLIE OG GAS AS",
        "Rig": "Mærsk Explorer",
        "Spud_Date": "1983-08-04",
        "Comp_Date": "1983-10-09",
        "Location": "OFFSHORE",
        "Released": "YES"
      },
      "geometry": {
        "type": "Point",
        "coordinates": [
          12.01266,
          56.36473
        ]
      }
    },
    {
      "type": "Feature",
      "properties": {
        "Well_Name": "THISTED-3",
        "Well_Numb": "5608/03-02",
        "Classifica": "APPRAISAL AND PRODUCTION",
        "Licence": "DONG GEOTHERMAL CONCESS.",
        "Operator": "DONG",
        "Rig": "National 80 U",
        "Spud_Date": "1983-08-10",
        "Comp_Date": "1983-08-26",
        "Location": "ONSHORE",
        "Released": "YES"
      },
      "geometry": {
        "type": "Point",
        "coordinates": [
          8.73915,
          56.96585
        ]
      }
    },
    {
      "type": "Feature",
      "properties": {
        "Well_Name": "WEST LULU-1",
        "Well_Numb": "5604/21-03",
        "Classifica": "EXPLORATION",
        "Licence": "01/62",
        "Operator": "Chevron",
        "Rig": "Dyvi Epsilon",
        "Spud_Date": "1983-09-11",
        "Comp_Date": "1984-01-16",
        "Location": "OFFSHORE",
        "Released": "YES"
      },
      "geometry": {
        "type": "Point",
        "coordinates": [
          4.22286,
          56.33992
        ]
      }
    },
    {
      "type": "Feature",
      "properties": {
        "Well_Name": "NORA-1",
        "Well_Numb": "5504/02-02",
        "Classifica": "EXPLORATION",
        "Licence": "01/62",
        "Operator": "Chevron",
        "Rig": "Dyvi Beta",
        "Spud_Date": "1983-10-10",
        "Comp_Date": "1984-02-28",
        "Location": "OFFSHORE",
        "Released": "YES"
      },
      "geometry": {
        "type": "Point",
        "coordinates": [
          4.39981,
          55.96855
        ]
      }
    },
    {
      "type": "Feature",
      "properties": {
        "Well_Name": "JOHN-1",
        "Well_Numb": "5504/20-01",
        "Classifica": "EXPLORATION",
        "Licence": "01/62",
        "Operator": "Chevron",
        "Rig": "Mærsk Endeavour",
        "Spud_Date": "1983-10-24",
        "Comp_Date": "1983-11-11",
        "Location": "OFFSHORE",
        "Released": "YES"
      },
      "geometry": {
        "type": "Point",
        "coordinates": [
          4.81117,
          55.41255
        ]
      }
    },
    {
      "type": "Feature",
      "properties": {
        "Well_Name": "EAST-ROSA-2",
        "Well_Numb": "5504/15-04",
        "Classifica": "APPRAISAL",
        "Licence": "01/62",
        "Operator": "Chevron",
        "Rig": "Mærsk Endeavour",
        "Spud_Date": "1983-11-14",
        "Comp_Date": "1984-01-25",
        "Location": "OFFSHORE",
        "Released": "YES"
      },
      "geometry": {
        "type": "Point",
        "coordinates": [
          4.58419,
          55.5865
        ]
      }
    },
    {
      "type": "Feature",
      "properties": {
        "Well_Name": "ANNE-3",
        "Well_Numb": "5505/17-08",
        "Classifica": "APPRAISAL AND EXPLORATION",
        "Licence": "01/62",
        "Operator": "Chevron",
        "Rig": "Mærsk Endeavour",
        "Spud_Date": "1984-01-31",
        "Comp_Date": "1984-06-04",
        "Location": "OFFSHORE",
        "Released": "YES"
      },
      "geometry": {
        "type": "Point",
        "coordinates": [
          5.07834,
          55.39328
        ]
      }
    },
    {
      "type": "Feature",
      "properties": {
        "Well_Name": "CLEO-1",
        "Well_Numb": "5604/18-01",
        "Classifica": "EXPLORATION",
        "Licence": "01/62",
        "Operator": "Chevron",
        "Rig": "Dyvi Epsilon",
        "Spud_Date": "1984-02-06",
        "Comp_Date": "1984-04-29",
        "Location": "OFFSHORE",
        "Released": "YES"
      },
      "geometry": {
        "type": "Point",
        "coordinates": [
          4.42153,
          56.38922
        ]
      }
    },
    {
      "type": "Feature",
      "properties": {
        "Well_Name": "GERT-1",
        "Well_Numb": "5603/27-02",
        "Classifica": "EXPLORATION",
        "Licence": "01/62",
        "Operator": "Chevron",
        "Rig": "Dyvi Epsilon",
        "Spud_Date": "1984-05-01",
        "Comp_Date": "1984-07-30",
        "Location": "OFFSHORE",
        "Released": "YES"
      },
      "geometry": {
        "type": "Point",
        "coordinates": [
          3.73099,
          56.21857
        ]
      }
    },
    {
      "type": "Feature",
      "properties": {
        "Well_Name": "ELLY-1",
        "Well_Numb": "5504/06-01",
        "Classifica": "EXPLORATION",
        "Licence": "01/62",
        "Operator": "Chevron",
        "Rig": "Mærsk Endeavour",
        "Spud_Date": "1984-06-08",
        "Comp_Date": "1984-08-15",
        "Location": "OFFSHORE",
        "Released": "YES"
      },
      "geometry": {
        "type": "Point",
        "coordinates": [
          4.29302,
          55.78683
        ]
      }
    },
    {
      "type": "Feature",
      "properties": {
        "Well_Name": "LIVA-1",
        "Well_Numb": "5503/04-01",
        "Classifica": "EXPLORATION",
        "Licence": "01/62",
        "Operator": "Chevron",
        "Rig": "Dyvi Epsilon",
        "Spud_Date": "1984-08-02",
        "Comp_Date": "1984-09-30",
        "Location": "OFFSHORE",
        "Released": "YES"
      },
      "geometry": {
        "type": "Point",
        "coordinates": [
          3.82382,
          55.92494
        ]
      }
    },
    {
      "type": "Feature",
      "properties": {
        "Well_Name": "ADDA-3",
        "Well_Numb": "5504/08-03",
        "Classifica": "APPRAISAL",
        "Licence": "01/62",
        "Operator": "Chevron",
        "Rig": "Dan Earl",
        "Spud_Date": "1984-08-31",
        "Comp_Date": "1984-10-25",
        "Location": "OFFSHORE",
        "Released": "YES"
      },
      "geometry": {
        "type": "Point",
        "coordinates": [
          4.88915,
          55.79656
        ]
      }
    },
    {
      "type": "Feature",
      "properties": {
        "Well_Name": "NILS-2",
        "Well_Numb": "5505/17-09",
        "Classifica": "APPRAISAL",
        "Licence": "01/62",
        "Operator": "MÆRSK OLIE OG GAS AS",
        "Rig": "Dan Earl",
        "Spud_Date": "1984-10-31",
        "Comp_Date": "1984-12-29",
        "Location": "OFFSHORE",
        "Released": "YES"
      },
      "geometry": {
        "type": "Point",
        "coordinates": [
          5.22668,
          55.38531
        ]
      }
    },
    {
      "type": "Feature",
      "properties": {
        "Well_Name": "IRIS-1",
        "Well_Numb": "5604/30-01",
        "Classifica": "EXPLORATION",
        "Licence": "08/84",
        "Operator": "Britoil",
        "Rig": "Dan King",
        "Spud_Date": "1984-11-05",
        "Comp_Date": "1985-02-24",
        "Location": "OFFSHORE",
        "Released": "YES"
      },
      "geometry": {
        "type": "Point",
        "coordinates": [
          4.30428,
          56.11194
        ]
      }
    },
    {
      "type": "Feature",
      "properties": {
        "Well_Name": "DEEP-ADDA-1",
        "Well_Numb": "5504/08-04",
        "Classifica": "EXPLORATION",
        "Licence": "01/62",
        "Operator": "Chevron",
        "Rig": "Dan Earl",
        "Spud_Date": "1985-01-01",
        "Comp_Date": "1985-02-17",
        "Location": "OFFSHORE",
        "Released": "YES"
      },
      "geometry": {
        "type": "Point",
        "coordinates": [
          4.97181,
          55.80292
        ]
      }
    },
    {
      "type": "Feature",
      "properties": {
        "Well_Name": "WEST LULU-2",
        "Well_Numb": "5604/21-04",
        "Classifica": "APPRAISAL",
        "Licence": "01/62",
        "Operator": "Chevron",
        "Rig": "Dan Earl",
        "Spud_Date": "1985-02-21",
        "Comp_Date": "1985-04-29",
        "Location": "OFFSHORE",
        "Released": "YES"
      },
      "geometry": {
        "type": "Point",
        "coordinates": [
          4.20216,
          56.32928
        ]
      }
    },
    {
      "type": "Feature",
      "properties": {
        "Well_Name": "GERT-2",
        "Well_Numb": "5603/28-01",
        "Classifica": "APPRAISAL",
        "Licence": "01/62",
        "Operator": "Chevron",
        "Rig": "Mærsk Endeavour",
        "Spud_Date": "1985-02-27",
        "Comp_Date": "1985-06-26",
        "Location": "OFFSHORE",
        "Released": "YES"
      },
      "geometry": {
        "type": "Point",
        "coordinates": [
          3.77943,
          56.19629
        ]
      }
    },
    {
      "type": "Feature",
      "properties": {
        "Well_Name": "ELNA-1",
        "Well_Numb": "5604/19-01",
        "Classifica": "EXPLORATION",
        "Licence": "01/62",
        "Operator": "Chevron",
        "Rig": "Dan Earl",
        "Spud_Date": "1985-05-02",
        "Comp_Date": "1985-06-13",
        "Location": "OFFSHORE",
        "Released": "YES"
      },
      "geometry": {
        "type": "Point",
        "coordinates": [
          4.52729,
          56.44744
        ]
      }
    },
    {
      "type": "Feature",
      "properties": {
        "Well_Name": "UGLE-1",
        "Well_Numb": "5505/09-02",
        "Classifica": "EXPLORATION",
        "Licence": "06/84",
        "Operator": "BP",
        "Rig": "Transocean 7",
        "Spud_Date": "1985-05-07",
        "Comp_Date": "1985-06-24",
        "Location": "OFFSHORE",
        "Released": "YES"
      },
      "geometry": {
        "type": "Point",
        "coordinates": [
          5.20143,
          55.72016
        ]
      }
    },
    {
      "type": "Feature",
      "properties": {
        "Well_Name": "THISTED-4",
        "Well_Numb": "5708/31-02",
        "Classifica": "EXPLORATION",
        "Licence": "03/84",
        "Operator": "Amoco",
        "Rig": "Kenting 31",
        "Spud_Date": "1985-05-19",
        "Comp_Date": "1985-07-18",
        "Location": "ONSHORE",
        "Released": "YES"
      },
      "geometry": {
        "type": "Point",
        "coordinates": [
          8.69676,
          57.02074
        ]
      }
    },
    {
      "type": "Feature",
      "properties": {
        "Well_Name": "TERNE-1",
        "Well_Numb": "5611/23-01",
        "Classifica": "EXPLORATION",
        "Licence": "04/84",
        "Operator": "Amoco",
        "Rig": "Dyvi Epsilon",
        "Spud_Date": "1985-05-26",
        "Comp_Date": "1985-08-17",
        "Location": "OFFSHORE",
        "Released": "YES"
      },
      "geometry": {
        "type": "Point",
        "coordinates": [
          11.50442,
          56.34349
        ]
      }
    },
    {
      "type": "Feature",
      "properties": {
        "Well_Name": "JOHN-FLANKE-1",
        "Well_Numb": "5504/20-02",
        "Classifica": "EXPLORATION",
        "Licence": "01/62",
        "Operator": "Chevron",
        "Rig": "Dan Earl",
        "Spud_Date": "1985-06-20",
        "Comp_Date": "1985-07-19",
        "Location": "OFFSHORE",
        "Released": "YES"
      },
      "geometry": {
        "type": "Point",
        "coordinates": [
          4.83459,
          55.40701
        ]
      }
    },
    {
      "type": "Feature",
      "properties": {
        "Well_Name": "LONE-1",
        "Well_Numb": "5603/27-03",
        "Classifica": "EXPLORATION",
        "Licence": "01/62",
        "Operator": "Chevron",
        "Rig": "Mærsk Endeavour",
        "Spud_Date": "1985-06-30",
        "Comp_Date": "1985-09-03",
        "Location": "OFFSHORE",
        "Released": "YES"
      },
      "geometry": {
        "type": "Point",
        "coordinates": [
          3.53125,
          56.14235
        ]
      }
    },
    {
      "type": "Feature",
      "properties": {
        "Well_Name": "KVÆRS-1",
        "Well_Numb": "5409/02-01",
        "Classifica": "EXPLORATION",
        "Licence": "01/62",
        "Operator": "MÆRSK OLIE OG GAS AS",
        "Rig": "Kenting 31",
        "Spud_Date": "1985-07-27",
        "Comp_Date": "1985-09-06",
        "Location": "ONSHORE",
        "Released": "YES"
      },
      "geometry": {
        "type": "Point",
        "coordinates": [
          9.47902,
          54.94027
        ]
      }
    },
    {
      "type": "Feature",
      "properties": {
        "Well_Name": "NORTH-JENS-1",
        "Well_Numb": "5504/07-05",
        "Classifica": "EXPLORATION",
        "Licence": "01/62",
        "Operator": "Chevron",
        "Rig": "Mærsk Explorer",
        "Spud_Date": "1985-08-07",
        "Comp_Date": "1985-11-12",
        "Location": "OFFSHORE",
        "Released": "YES"
      },
      "geometry": {
        "type": "Point",
        "coordinates": [
          4.55849,
          55.8324
        ]
      }
    },
    {
      "type": "Feature",
      "properties": {
        "Well_Name": "SÆBY-1",
        "Well_Numb": "5710/22-01",
        "Classifica": "EXPLORATION",
        "Licence": "09/84",
        "Operator": "DOPAS",
        "Rig": "Boldon 41",
        "Spud_Date": "1985-08-07",
        "Comp_Date": "1985-08-28",
        "Location": "ONSHORE",
        "Released": "YES"
      },
      "geometry": {
        "type": "Point",
        "coordinates": [
          10.39453,
          57.36084
        ]
      }
    },
    {
      "type": "Feature",
      "properties": {
        "Well_Name": "KEGNÆS-1",
        "Well_Numb": "5410/05-01",
        "Classifica": "EXPLORATION",
        "Licence": "11/84",
        "Operator": "TEXACO",
        "Rig": "Dyvi Epsilon",
        "Spud_Date": "1985-08-21",
        "Comp_Date": "1985-10-05",
        "Location": "OFFSHORE",
        "Released": "YES"
      },
      "geometry": {
        "type": "Point",
        "coordinates": [
          10.08633,
          54.84691
        ]
      }
    },
    {
      "type": "Feature",
      "properties": {
        "Well_Name": "SKIVE-2",
        "Well_Numb": "5609/13-01",
        "Classifica": "EXPLORATION",
        "Licence": "07/84",
        "Operator": "BP",
        "Rig": "Boldon 41",
        "Spud_Date": "1985-09-03",
        "Comp_Date": "1985-09-25",
        "Location": "ONSHORE",
        "Released": "YES"
      },
      "geometry": {
        "type": "Point",
        "coordinates": [
          9.00452,
          56.59302
        ]
      }
    },
    {
      "type": "Feature",
      "properties": {
        "Well_Name": "WEST LULU-3",
        "Well_Numb": "5604/21-05",
        "Classifica": "APPRAISAL",
        "Licence": "01/62",
        "Operator": "Chevron",
        "Rig": "Mærsk Endeavour",
        "Spud_Date": "1985-09-12",
        "Comp_Date": "1985-12-11",
        "Location": "OFFSHORE",
        "Released": "YES"
      },
      "geometry": {
        "type": "Point",
        "coordinates": [
          4.20793,
          56.34877
        ]
      }
    },
    {
      "type": "Feature",
      "properties": {
        "Well_Name": "KIM-1",
        "Well_Numb": "5603/30-01",
        "Classifica": "EXPLORATION",
        "Licence": "01/62",
        "Operator": "Chevron",
        "Rig": "Glomar Labrador 1",
        "Spud_Date": "1985-09-30",
        "Comp_Date": "1985-12-31",
        "Location": "OFFSHORE",
        "Released": "YES"
      },
      "geometry": {
        "type": "Point",
        "coordinates": [
          3.49689,
          56.11685
        ]
      }
    },
    {
      "type": "Feature",
      "properties": {
        "Well_Name": "NORTH-JENS-2",
        "Well_Numb": "5504/07-06",
        "Classifica": "EXPLORATION",
        "Licence": "01/62",
        "Operator": "Chevron",
        "Rig": "Mærsk Explorer",
        "Spud_Date": "1985-11-16",
        "Comp_Date": "1986-01-03",
        "Location": "OFFSHORE",
        "Released": "YES"
      },
      "geometry": {
        "type": "Point",
        "coordinates": [
          4.55845,
          55.83242
        ]
      }
    },
    {
      "type": "Feature",
      "properties": {
        "Well_Name": "LULU-2",
        "Well_Numb": "5604/22-02",
        "Classifica": "APPRAISAL",
        "Licence": "01/62",
        "Operator": "MÆRSK OLIE OG GAS AS",
        "Rig": "Mærsk Endeavour",
        "Spud_Date": "1985-12-15",
        "Comp_Date": "1986-03-18",
        "Location": "OFFSHORE",
        "Released": "YES"
      },
      "geometry": {
        "type": "Point",
        "coordinates": [
          4.29038,
          56.31779
        ]
      }
    },
    {
      "type": "Feature",
      "properties": {
        "Well_Name": "DIAMANT-1",
        "Well_Numb": "5603/32-02",
        "Classifica": "EXPLORATION",
        "Licence": "13/84",
        "Operator": "Phillips",
        "Rig": "Glomar Labrador 1",
        "Spud_Date": "1986-01-11",
        "Comp_Date": "1986-03-18",
        "Location": "OFFSHORE",
        "Released": "YES"
      },
      "geometry": {
        "type": "Point",
        "coordinates": [
          3.89417,
          56.00579
        ]
      }
    },
    {
      "type": "Feature",
      "properties": {
        "Well_Name": "EAST-ROSA-3",
        "Well_Numb": "5504/15-05",
        "Classifica": "APPRAISAL",
        "Licence": "01/62",
        "Operator": "MÆRSK OLIE OG GAS AS",
        "Rig": "Dyvi Epsilon",
        "Spud_Date": "1986-01-20",
        "Comp_Date": "1986-03-19",
        "Location": "OFFSHORE",
        "Released": "YES"
      },
      "geometry": {
        "type": "Point",
        "coordinates": [
          4.6072,
          55.59288
        ]
      }
    },
    {
      "type": "Feature",
      "properties": {
        "Well_Name": "EAST-ROSA-FLANK-1",
        "Well_Numb": "5504/15-06",
        "Classifica": "EXPLORATION",
        "Licence": "01/62",
        "Operator": "MÆRSK OLIE OG GAS AS",
        "Rig": "Mærsk Endeavour",
        "Spud_Date": "1986-03-24",
        "Comp_Date": "1986-04-30",
        "Location": "OFFSHORE",
        "Released": "YES"
      },
      "geometry": {
        "type": "Point",
        "coordinates": [
          4.63027,
          55.56352
        ]
      }
    },
    {
      "type": "Feature",
      "properties": {
        "Well_Name": "RAVN-1",
        "Well_Numb": "5504/01-02",
        "Classifica": "EXPLORATION",
        "Licence": "02/84",
        "Operator": "Amoco",
        "Rig": "Dyvi Epsilon",
        "Spud_Date": "1986-03-24",
        "Comp_Date": "1986-07-21",
        "Location": "OFFSHORE",
        "Released": "YES"
      },
      "geometry": {
        "type": "Point",
        "coordinates": [
          4.2297,
          55.87595
        ]
      }
    },
    {
      "type": "Feature",
      "properties": {
        "Well_Name": "MIDDLE-ROSA-FLANK-1",
        "Well_Numb": "5504/15-07",
        "Classifica": "EXPLORATION",
        "Licence": "01/62",
        "Operator": "MÆRSK OLIE OG GAS AS",
        "Rig": "Mærsk Endeavour",
        "Spud_Date": "1986-05-04",
        "Comp_Date": "1986-06-11",
        "Location": "OFFSHORE",
        "Released": "YES"
      },
      "geometry": {
        "type": "Point",
        "coordinates": [
          4.52444,
          55.59023
        ]
      }
    },
    {
      "type": "Feature",
      "properties": {
        "Well_Name": "WEST LULU-4",
        "Well_Numb": "5604/21-06",
        "Classifica": "APPRAISAL",
        "Licence": "01/62",
        "Operator": "MÆRSK OLIE OG GAS AS",
        "Rig": "Mærsk Endeavour",
        "Spud_Date": "1986-07-28",
        "Comp_Date": "1986-09-13",
        "Location": "OFFSHORE",
        "Released": "YES"
      },
      "geometry": {
        "type": "Point",
        "coordinates": [
          4.16997,
          56.3173
        ]
      }
    },
    {
      "type": "Feature",
      "properties": {
        "Well_Name": "GWEN-2",
        "Well_Numb": "5604/29-03",
        "Classifica": "APPRAISAL",
        "Licence": "01/62",
        "Operator": "MÆRSK OLIE OG GAS AS",
        "Rig": "Mærsk Endeavour",
        "Spud_Date": "1986-09-30",
        "Comp_Date": "1986-12-15",
        "Location": "OFFSHORE",
        "Released": "YES"
      },
      "geometry": {
        "type": "Point",
        "coordinates": [
          4.06801,
          56.11352
        ]
      }
    },
    {
      "type": "Feature",
      "properties": {
        "Well_Name": "MEJRUP-1",
        "Well_Numb": "5608/19-01",
        "Classifica": "EXPLORATION",
        "Licence": "15/84",
        "Operator": "Phillips",
        "Rig": "Kenting 36",
        "Spud_Date": "1987-03-22",
        "Comp_Date": "1987-04-29",
        "Location": "ONSHORE",
        "Released": "YES"
      },
      "geometry": {
        "type": "Point",
        "coordinates": [
          8.67536,
          56.37663
        ]
      }
    },
    {
      "type": "Feature",
      "properties": {
        "Well_Name": "GERT-1",
        "Well_Numb": "5603/27-02",
        "Classifica": "EXPLORATION",
        "Licence": "01/62",
        "Operator": "Chevron",
        "Rig": "Mærsk Endeavour",
        "Spud_Date": "1987-05-09",
        "Comp_Date": "1987-07-12",
        "Location": "OFFSHORE",
        "Released": "YES"
      },
      "geometry": {
        "type": "Point",
        "coordinates": [
          3.73099,
          56.21857
        ]
      }
    },
    {
      "type": "Feature",
      "properties": {
        "Well_Name": "FELICIA-1",
        "Well_Numb": "5708/18-01",
        "Classifica": "EXPLORATION",
        "Licence": "08/86",
        "Operator": "Statoil",
        "Rig": "Mærsk Guardian",
        "Spud_Date": "1987-07-04",
        "Comp_Date": "1987-12-02",
        "Location": "OFFSHORE",
        "Released": "YES"
      },
      "geometry": {
        "type": "Point",
        "coordinates": [
          8.31002,
          57.43764
        ]
      }
    },
    {
      "type": "Feature",
      "properties": {
        "Well_Name": "GERT-3",
        "Well_Numb": "5603/28-02",
        "Classifica": "APPRAISAL",
        "Licence": "01/62",
        "Operator": "MÆRSK OLIE OG GAS AS",
        "Rig": "Mærsk Endeavour",
        "Spud_Date": "1987-07-21",
        "Comp_Date": "1987-10-28",
        "Location": "OFFSHORE",
        "Released": "YES"
      },
      "geometry": {
        "type": "Point",
        "coordinates": [
          3.76216,
          56.21134
        ]
      }
    },
    {
      "type": "Feature",
      "properties": {
        "Well_Name": "STENLILLE-2",
        "Well_Numb": "5511/15-02",
        "Classifica": "STORAGE",
        "Licence": "GAS STORAGE INVESTIGATION",
        "Operator": "DOPAS",
        "Rig": "Kenting 36",
        "Spud_Date": "1987-07-27",
        "Comp_Date": "1987-08-28",
        "Location": "ONSHORE",
        "Released": "YES"
      },
      "geometry": {
        "type": "Point",
        "coordinates": [
          11.60967,
          55.53753
        ]
      }
    },
    {
      "type": "Feature",
      "properties": {
        "Well_Name": "IBENHOLT-1",
        "Well_Numb": "5605/20-01",
        "Classifica": "EXPLORATION",
        "Licence": "14/84",
        "Operator": "Phillips",
        "Rig": "Dyvi Sigma",
        "Spud_Date": "1987-08-11",
        "Comp_Date": "1987-09-24",
        "Location": "OFFSHORE",
        "Released": "YES"
      },
      "geometry": {
        "type": "Point",
        "coordinates": [
          5.97324,
          56.3898
        ]
      }
    },
    {
      "type": "Feature",
      "properties": {
        "Well_Name": "N-22",
        "Well_Numb": "5504/16-05",
        "Classifica": "EXPLORATION",
        "Licence": "01/62",
        "Operator": "MÆRSK OLIE OG GAS AS",
        "Rig": "Zapata Scotian",
        "Spud_Date": "1987-08-18",
        "Comp_Date": "1987-12-04",
        "Location": "OFFSHORE",
        "Released": "YES"
      },
      "geometry": {
        "type": "Point",
        "coordinates": [
          4.76257,
          55.56707
        ]
      }
    },
    {
      "type": "Feature",
      "properties": {
        "Well_Name": "STENLILLE-3",
        "Well_Numb": "5511/15-03",
        "Classifica": "STORAGE",
        "Licence": "GAS STORAGE INVESTIGATION",
        "Operator": "DOPAS",
        "Rig": "Kenting 36",
        "Spud_Date": "1987-08-30",
        "Comp_Date": "1987-09-16",
        "Location": "ONSHORE",
        "Released": "YES"
      },
      "geometry": {
        "type": "Point",
        "coordinates": [
          11.60379,
          55.53744
        ]
      }
    },
    {
      "type": "Feature",
      "properties": {
        "Well_Name": "RAVN-2",
        "Well_Numb": "5504/05-01",
        "Classifica": "APPRAISAL",
        "Licence": "02/84",
        "Operator": "Amoco",
        "Rig": "Dan Earl",
        "Spud_Date": "1987-09-16",
        "Comp_Date": "1987-11-17",
        "Location": "OFFSHORE",
        "Released": "YES"
      },
      "geometry": {
        "type": "Point",
        "coordinates": [
          4.22643,
          55.84209
        ]
      }
    },
    {
      "type": "Feature",
      "properties": {
        "Well_Name": "ELLY-2",
        "Well_Numb": "5504/06-02",
        "Classifica": "APPRAISAL",
        "Licence": "01/62",
        "Operator": "MÆRSK OLIE OG GAS AS",
        "Rig": "Neddrill Trigon",
        "Spud_Date": "1987-11-15",
        "Comp_Date": "1988-05-31",
        "Location": "OFFSHORE",
        "Released": "YES"
      },
      "geometry": {
        "type": "Point",
        "coordinates": [
          4.31649,
          55.78784
        ]
      }
    },
    {
      "type": "Feature",
      "properties": {
        "Well_Name": "JEPPE-1",
        "Well_Numb": "5603/28-03",
        "Classifica": "EXPLORATION",
        "Licence": "03/86",
        "Operator": "Norsk Hydro a.s.",
        "Rig": "Mærsk Guardian",
        "Spud_Date": "1987-12-10",
        "Comp_Date": "1988-03-02",
        "Location": "OFFSHORE",
        "Released": "YES"
      },
      "geometry": {
        "type": "Point",
        "coordinates": [
          3.90857,
          56.18381
        ]
      }
    },
    {
      "type": "Feature",
      "properties": {
        "Well_Name": "BORG-1",
        "Well_Numb": "5508/32-02",
        "Classifica": "EXPLORATION",
        "Licence": "09/86",
        "Operator": "DANOP",
        "Rig": "Kenting 34",
        "Spud_Date": "1988-04-18",
        "Comp_Date": "1988-05-29",
        "Location": "ONSHORE",
        "Released": "YES"
      },
      "geometry": {
        "type": "Point",
        "coordinates": [
          8.8051,
          55.04851
        ]
      }
    },
    {
      "type": "Feature",
      "properties": {
        "Well_Name": "GULNARE-1",
        "Well_Numb": "5604/26-01",
        "Classifica": "EXPLORATION",
        "Licence": "07/86",
        "Operator": "Statoil",
        "Rig": "Mærsk Endeavour",
        "Spud_Date": "1988-06-04",
        "Comp_Date": "1988-09-19",
        "Location": "OFFSHORE",
        "Released": "YES"
      },
      "geometry": {
        "type": "Point",
        "coordinates": [
          4.44327,
          56.16965
        ]
      }
    },
    {
      "type": "Feature",
      "properties": {
        "Well_Name": "STENLILLE-4",
        "Well_Numb": "5511/15-04",
        "Classifica": "STORAGE",
        "Licence": "GAS STORAGE INVESTIGATION",
        "Operator": "DANOP",
        "Rig": "Kenting 36",
        "Spud_Date": "1988-07-19",
        "Comp_Date": "1988-08-09",
        "Location": "ONSHORE",
        "Released": "YES"
      },
      "geometry": {
        "type": "Point",
        "coordinates": [
          11.58593,
          55.51785
        ]
      }
    },
    {
      "type": "Feature",
      "properties": {
        "Well_Name": "STENLILLE-5",
        "Well_Numb": "5511/15-05",
        "Classifica": "STORAGE",
        "Licence": "GAS STORAGE INVESTIGATION",
        "Operator": "DOPAS",
        "Rig": "Kenting 36",
        "Spud_Date": "1988-08-14",
        "Comp_Date": "1988-09-03",
        "Location": "ONSHORE",
        "Released": "YES"
      },
      "geometry": {
        "type": "Point",
        "coordinates": [
          11.62469,
          55.53501
        ]
      }
    },
    {
      "type": "Feature",
      "properties": {
        "Well_Name": "STENLILLE-6",
        "Well_Numb": "5511/15-06",
        "Classifica": "STORAGE",
        "Licence": "GAS STORAGE INVESTIGATION",
        "Operator": "DANOP",
        "Rig": "Kenting 36",
        "Spud_Date": "1988-09-07",
        "Comp_Date": "1988-09-27",
        "Location": "ONSHORE",
        "Released": "YES"
      },
      "geometry": {
        "type": "Point",
        "coordinates": [
          11.65116,
          55.55737
        ]
      }
    },
    {
      "type": "Feature",
      "properties": {
        "Well_Name": "TORDENSKJOLD-1",
        "Well_Numb": "5503/03-02",
        "Classifica": "EXPLORATION",
        "Licence": "04/86",
        "Operator": "DANOP",
        "Rig": "Neddrill Trigon",
        "Spud_Date": "1988-12-14",
        "Comp_Date": "1989-02-04",
        "Location": "OFFSHORE",
        "Released": "YES"
      },
      "geometry": {
        "type": "Point",
        "coordinates": [
          3.54057,
          55.93796
        ]
      }
    },
    {
      "type": "Feature",
      "properties": {
        "Well_Name": "PERNILLE-1",
        "Well_Numb": "5514/30-01",
        "Classifica": "EXPLORATION",
        "Licence": "05/86",
        "Operator": "Norsk Hydro a.s.",
        "Rig": "Glomar Moray Firth 1",
        "Spud_Date": "1989-04-09",
        "Comp_Date": "1989-06-06",
        "Location": "OFFSHORE",
        "Released": "YES"
      },
      "geometry": {
        "type": "Point",
        "coordinates": [
          14.31087,
          55.01442
        ]
      }
    },
    {
      "type": "Feature",
      "properties": {
        "Well_Name": "STINA-1",
        "Well_Numb": "5414/07-01",
        "Classifica": "EXPLORATION",
        "Licence": "02/86",
        "Operator": "Amoco",
        "Rig": "Glomar Moray Firth 1",
        "Spud_Date": "1989-06-12",
        "Comp_Date": "1989-07-11",
        "Location": "OFFSHORE",
        "Released": "YES"
      },
      "geometry": {
        "type": "Point",
        "coordinates": [
          14.62766,
          54.78826
        ]
      }
    },
    {
      "type": "Feature",
      "properties": {
        "Well_Name": "FALK-1",
        "Well_Numb": "5504/06-03",
        "Classifica": "EXPLORATION",
        "Licence": "02/84",
        "Operator": "Amoco",
        "Rig": "Glomar Moray Firth 1",
        "Spud_Date": "1989-07-24",
        "Comp_Date": "1989-09-05",
        "Location": "OFFSHORE",
        "Released": "YES"
      },
      "geometry": {
        "type": "Point",
        "coordinates": [
          4.3122,
          55.83295
        ]
      }
    },
    {
      "type": "Feature",
      "properties": {
        "Well_Name": "GERT-4",
        "Well_Numb": "5603/27-04",
        "Classifica": "APPRAISAL",
        "Licence": "01/62",
        "Operator": "MÆRSK OLIE OG GAS AS",
        "Rig": "Mærsk Endeavour",
        "Spud_Date": "1989-11-02",
        "Comp_Date": "1990-05-16",
        "Location": "OFFSHORE",
        "Released": "YES"
      },
      "geometry": {
        "type": "Point",
        "coordinates": [
          3.72843,
          56.22095
        ]
      }
    },
    {
      "type": "Feature",
      "properties": {
        "Well_Name": "ALMA-1X",
        "Well_Numb": "5505/17-10",
        "Classifica": "EXPLORATION",
        "Licence": "01/62",
        "Operator": "MÆRSK OLIE OG GAS AS",
        "Rig": "Mærsk Giant",
        "Spud_Date": "1990-03-18",
        "Comp_Date": "1990-08-16",
        "Location": "OFFSHORE",
        "Released": "YES"
      },
      "geometry": {
        "type": "Point",
        "coordinates": [
          5.20781,
          55.48194
        ]
      }
    },
    {
      "type": "Feature",
      "properties": {
        "Well_Name": "AMALIE-1",
        "Well_Numb": "5604/26-02",
        "Classifica": "EXPLORATION",
        "Licence": "07/86",
        "Operator": "Statoil",
        "Rig": "Neddrill Trigon",
        "Spud_Date": "1990-08-01",
        "Comp_Date": "1991-06-17",
        "Location": "OFFSHORE",
        "Released": "YES"
      },
      "geometry": {
        "type": "Point",
        "coordinates": [
          4.36587,
          56.24364
        ]
      }
    },
    {
      "type": "Feature",
      "properties": {
        "Well_Name": "STENLILLE-7",
        "Well_Numb": "5511/15-07",
        "Classifica": "STORAGE",
        "Licence": "GAS STORAGE INVESTIGATION",
        "Operator": "DANOP",
        "Rig": "Kenting 31",
        "Spud_Date": "1990-09-10",
        "Comp_Date": "1990-12-17",
        "Location": "ONSHORE",
        "Released": "YES"
      },
      "geometry": {
        "type": "Point",
        "coordinates": [
          11.60629,
          55.53772
        ]
      }
    },
    {
      "type": "Feature",
      "properties": {
        "Well_Name": "E-5X",
        "Well_Numb": "5504/12-04",
        "Classifica": "APPRAISAL",
        "Licence": "01/62",
        "Operator": "MÆRSK OLIE OG GAS AS",
        "Rig": "West Sigma",
        "Spud_Date": "1991-02-05",
        "Comp_Date": "1991-05-11",
        "Location": "OFFSHORE",
        "Released": "YES"
      },
      "geometry": {
        "type": "Point",
        "coordinates": [
          4.88502,
          55.67282
        ]
      }
    },
    {
      "type": "Feature",
      "properties": {
        "Well_Name": "SKJOLD FLANK-1",
        "Well_Numb": "5504/16-06",
        "Classifica": "EXPLORATION",
        "Licence": "01/62",
        "Operator": "MÆRSK OLIE OG GAS AS",
        "Rig": "West Kappa",
        "Spud_Date": "1991-05-10",
        "Comp_Date": "1991-09-22",
        "Location": "OFFSHORE",
        "Released": "YES"
      },
      "geometry": {
        "type": "Point",
        "coordinates": [
          4.89611,
          55.55584
        ]
      }
    },
    {
      "type": "Feature",
      "properties": {
        "Well_Name": "EG-1",
        "Well_Numb": "5503/04-02",
        "Classifica": "EXPLORATION",
        "Licence": "01/86",
        "Operator": "AGIP DANMARK OLIE",
        "Rig": "Neddrill Trigon",
        "Spud_Date": "1991-06-24",
        "Comp_Date": "1991-09-23",
        "Location": "OFFSHORE",
        "Released": "YES"
      },
      "geometry": {
        "type": "Point",
        "coordinates": [
          3.97206,
          55.95194
        ]
      }
    },
    {
      "type": "Feature",
      "properties": {
        "Well_Name": "BARON-1",
        "Well_Numb": "5604/30-02",
        "Classifica": "EXPLORATION",
        "Licence": "07/89",
        "Operator": "Norsk Hydro a.s.",
        "Rig": "Mærsk Jutlander",
        "Spud_Date": "1991-07-25",
        "Comp_Date": "1991-08-01",
        "Location": "OFFSHORE",
        "Released": "YES"
      },
      "geometry": {
        "type": "Point",
        "coordinates": [
          4.25661,
          56.0283
        ]
      }
    },
    {
      "type": "Feature",
      "properties": {
        "Well_Name": "BARON-2",
        "Well_Numb": "5604/30-03",
        "Classifica": "EXPLORATION",
        "Licence": "07/89",
        "Operator": "Norsk Hydro a.s.",
        "Rig": "Mærsk Jutlander",
        "Spud_Date": "1991-08-01",
        "Comp_Date": "1992-01-13",
        "Location": "OFFSHORE",
        "Released": "YES"
      },
      "geometry": {
        "type": "Point",
        "coordinates": [
          4.25674,
          56.02814
        ]
      }
    },
    {
      "type": "Feature",
      "properties": {
        "Well_Name": "ELLY-3",
        "Well_Numb": "5504/06-04",
        "Classifica": "APPRAISAL AND EXPLORATION",
        "Licence": "01/62",
        "Operator": "MÆRSK OLIE OG GAS AS",
        "Rig": "Mærsk Endeavour",
        "Spud_Date": "1991-09-12",
        "Comp_Date": "1992-02-12",
        "Location": "OFFSHORE",
        "Released": "YES"
      },
      "geometry": {
        "type": "Point",
        "coordinates": [
          4.36555,
          55.78768
        ]
      }
    },
    {
      "type": "Feature",
      "properties": {
        "Well_Name": "TWC-3",
        "Well_Numb": "5504/11-03",
        "Classifica": "EXPLORATION AND PRODUCTIO",
        "Licence": "01/62",
        "Operator": "MÆRSK OLIE OG GAS AS",
        "Rig": "Mærsk Giant",
        "Spud_Date": "1991-09-14",
        "Comp_Date": "1992-01-17",
        "Location": "OFFSHORE",
        "Released": "YES"
      },
      "geometry": {
        "type": "Point",
        "coordinates": [
          4.74744,
          55.71481
        ]
      }
    },
    {
      "type": "Feature",
      "properties": {
        "Well_Name": "STENLILLE-8",
        "Well_Numb": "5511/15-08",
        "Classifica": "STORAGE",
        "Licence": "GAS STORAGE PERMIT",
        "Operator": "DANOP",
        "Rig": "Kenting 31",
        "Spud_Date": "1991-11-08",
        "Comp_Date": "1992-01-16",
        "Location": "ONSHORE",
        "Released": "YES"
      },
      "geometry": {
        "type": "Point",
        "coordinates": [
          11.60597,
          55.53798
        ]
      }
    },
    {
      "type": "Feature",
      "properties": {
        "Well_Name": "TWB-10",
        "Well_Numb": "5504/11-00",
        "Classifica": "APPRAISAL AND PRODUCTION",
        "Licence": "01/62",
        "Operator": "MÆRSK OLIE OG GAS AS",
        "Rig": "West Kappa",
        "Spud_Date": "1991-12-28",
        "Comp_Date": "1992-03-26",
        "Location": "OFFSHORE",
        "Released": "YES"
      },
      "geometry": {
        "type": "Point",
        "coordinates": [
          4.74843,
          55.71577
        ]
      }
    },
    {
      "type": "Feature",
      "properties": {
        "Well_Name": "STENLILLE-9",
        "Well_Numb": "5511/15-09",
        "Classifica": "STORAGE",
        "Licence": "GAS STORAGE PERMIT",
        "Operator": "DANOP",
        "Rig": "Kenting 31",
        "Spud_Date": "1992-01-22",
        "Comp_Date": "1992-02-26",
        "Location": "ONSHORE",
        "Released": "YES"
      },
      "geometry": {
        "type": "Point",
        "coordinates": [
          11.60589,
          55.53771
        ]
      }
    },
    {
      "type": "Feature",
      "properties": {
        "Well_Name": "S.E. ADDA-1X",
        "Well_Numb": "5504/08-05",
        "Classifica": "EXPLORATION",
        "Licence": "01/62",
        "Operator": "MÆRSK OLIE OG GAS AS",
        "Rig": "Mærsk Giant",
        "Spud_Date": "1992-01-26",
        "Comp_Date": "1992-03-05",
        "Location": "OFFSHORE",
        "Released": "YES"
      },
      "geometry": {
        "type": "Point",
        "coordinates": [
          4.91712,
          55.79831
        ]
      }
    },
    {
      "type": "Feature",
      "properties": {
        "Well_Name": "DAGMAR-6",
        "Well_Numb": "5504/15-08",
        "Classifica": "APPRAISAL",
        "Licence": "01/62",
        "Operator": "MÆRSK OLIE OG GAS AS",
        "Rig": "Mærsk Endeavour",
        "Spud_Date": "1992-02-22",
        "Comp_Date": "1992-04-11",
        "Location": "OFFSHORE",
        "Released": "YES"
      },
      "geometry": {
        "type": "Point",
        "coordinates": [
          4.59595,
          55.58365
        ]
      }
    },
    {
      "type": "Feature",
      "properties": {
        "Well_Name": "STENLILLE-10",
        "Well_Numb": "5511/15-10",
        "Classifica": "STORAGE",
        "Licence": "GAS STORAGE PERMIT",
        "Operator": "DANOP",
        "Rig": "Kenting 31",
        "Spud_Date": "1992-02-26",
        "Comp_Date": "1992-03-27",
        "Location": "ONSHORE",
        "Released": "YES"
      },
      "geometry": {
        "type": "Point",
        "coordinates": [
          11.59845,
          55.54942
        ]
      }
    },
    {
      "type": "Feature",
      "properties": {
        "Well_Name": "E-6X",
        "Well_Numb": "5504/12-05",
        "Classifica": "APPRAISAL",
        "Licence": "01/62",
        "Operator": "MÆRSK OLIE OG GAS AS",
        "Rig": "Mærsk Giant",
        "Spud_Date": "1992-03-12",
        "Comp_Date": "1992-05-12",
        "Location": "OFFSHORE",
        "Released": "YES"
      },
      "geometry": {
        "type": "Point",
        "coordinates": [
          4.8881,
          55.67405
        ]
      }
    },
    {
      "type": "Feature",
      "properties": {
        "Well_Name": "STENLILLE-11",
        "Well_Numb": "5511/15-11",
        "Classifica": "STORAGE",
        "Licence": "GAS STORAGE PERMIT",
        "Operator": "DANOP",
        "Rig": "Kenting 31",
        "Spud_Date": "1992-04-05",
        "Comp_Date": "1992-05-30",
        "Location": "ONSHORE",
        "Released": "YES"
      },
      "geometry": {
        "type": "Point",
        "coordinates": [
          11.60546,
          55.538
        ]
      }
    },
    {
      "type": "Feature",
      "properties": {
        "Well_Name": "LULITA-1X",
        "Well_Numb": "5604/22-03",
        "Classifica": "EXPLORATION",
        "Licence": "01/62",
        "Operator": "MÆRSK OLIE OG GAS AS",
        "Rig": "Mærsk Giant",
        "Spud_Date": "1992-05-17",
        "Comp_Date": "1992-12-20",
        "Location": "OFFSHORE",
        "Released": "YES"
      },
      "geometry": {
        "type": "Point",
        "coordinates": [
          4.27177,
          56.34543
        ]
      }
    },
    {
      "type": "Feature",
      "properties": {
        "Well_Name": "E-7X",
        "Well_Numb": "5504/12-06",
        "Classifica": "APPRAISAL",
        "Licence": "01/62",
        "Operator": "MÆRSK OLIE OG GAS AS",
        "Rig": "West Sigma",
        "Spud_Date": "1992-06-09",
        "Comp_Date": "1992-07-20",
        "Location": "OFFSHORE",
        "Released": "YES"
      },
      "geometry": {
        "type": "Point",
        "coordinates": [
          4.82202,
          55.67784
        ]
      }
    },
    {
      "type": "Feature",
      "properties": {
        "Well_Name": "BERTEL-1",
        "Well_Numb": "5603/32-03",
        "Classifica": "EXPLORATION",
        "Licence": "08/89",
        "Operator": "DANOP",
        "Rig": "West Omikron",
        "Spud_Date": "1992-06-27",
        "Comp_Date": "1992-10-07",
        "Location": "OFFSHORE",
        "Released": "YES"
      },
      "geometry": {
        "type": "Point",
        "coordinates": [
          3.96594,
          56.03599
        ]
      }
    },
    {
      "type": "Feature",
      "properties": {
        "Well_Name": "TWC-24",
        "Well_Numb": "5504/11-00",
        "Classifica": "APPRAISAL AND PRODUCTION",
        "Licence": "01/62",
        "Operator": "MÆRSK OLIE OG GAS AS",
        "Rig": "Mærsk Endeavour",
        "Spud_Date": "1992-07-25",
        "Comp_Date": "1992-09-11",
        "Location": "OFFSHORE",
        "Released": "YES"
      },
      "geometry": {
        "type": "Point",
        "coordinates": [
          4.74756,
          55.71475
        ]
      }
    },
    {
      "type": "Feature",
      "properties": {
        "Well_Name": "IDA-1",
        "Well_Numb": "5606/13-01",
        "Classifica": "EXPLORATION",
        "Licence": "03/89",
        "Operator": "Amoco",
        "Rig": "Ross Explorer",
        "Spud_Date": "1992-09-14",
        "Comp_Date": "1992-09-30",
        "Location": "OFFSHORE",
        "Released": "YES"
      },
      "geometry": {
        "type": "Point",
        "coordinates": [
          6.11483,
          56.5359
        ]
      }
    },
    {
      "type": "Feature",
      "properties": {
        "Well_Name": "RITA-1X",
        "Well_Numb": "5603/27-05",
        "Classifica": "EXPLORATION",
        "Licence": "10/89",
        "Operator": "MÆRSK OLIE OG GAS AS",
        "Rig": "Mærsk Endeavour",
        "Spud_Date": "1992-09-18",
        "Comp_Date": "1993-03-03",
        "Location": "OFFSHORE",
        "Released": "YES"
      },
      "geometry": {
        "type": "Point",
        "coordinates": [
          3.56876,
          56.15174
        ]
      }
    },
    {
      "type": "Feature",
      "properties": {
        "Well_Name": "SKARV-1",
        "Well_Numb": "5504/10-02",
        "Classifica": "EXPLORATION",
        "Licence": "01/89",
        "Operator": "Amoco",
        "Rig": "Ross Explorer",
        "Spud_Date": "1992-10-04",
        "Comp_Date": "1992-11-17",
        "Location": "OFFSHORE",
        "Released": "YES"
      },
      "geometry": {
        "type": "Point",
        "coordinates": [
          4.4147,
          55.71989
        ]
      }
    },
    {
      "type": "Feature",
      "properties": {
        "Well_Name": "JELLING-1",
        "Well_Numb": "5509/10-01",
        "Classifica": "EXPLORATION",
        "Licence": "09/89",
        "Operator": "DANOP",
        "Rig": "Kenting 31",
        "Spud_Date": "1992-10-05",
        "Comp_Date": "1992-10-24",
        "Location": "ONSHORE",
        "Released": "YES"
      },
      "geometry": {
        "type": "Point",
        "coordinates": [
          9.37456,
          55.73855
        ]
      }
    },
    {
      "type": "Feature",
      "properties": {
        "Well_Name": "ALMA-2X",
        "Well_Numb": "5505/17-11",
        "Classifica": "APPRAISAL",
        "Licence": "01/62",
        "Operator": "MÆRSK OLIE OG GAS AS",
        "Rig": "Shelf Explorer",
        "Spud_Date": "1992-10-18",
        "Comp_Date": "1993-02-06",
        "Location": "OFFSHORE",
        "Released": "YES"
      },
      "geometry": {
        "type": "Point",
        "coordinates": [
          5.22567,
          55.49656
        ]
      }
    },
    {
      "type": "Feature",
      "properties": {
        "Well_Name": "LØGUMKLOSTER-2",
        "Well_Numb": "5508/32-03",
        "Classifica": "EXPLORATION",
        "Licence": "01/92",
        "Operator": "DANOP",
        "Rig": "Kenting 31",
        "Spud_Date": "1993-09-01",
        "Comp_Date": "1993-10-18",
        "Location": "ONSHORE",
        "Released": "YES"
      },
      "geometry": {
        "type": "Point",
        "coordinates": [
          8.94092,
          55.03272
        ]
      }
    },
    {
      "type": "Feature",
      "properties": {
        "Well_Name": "TABITA-1",
        "Well_Numb": "5604/26-03",
        "Classifica": "APPRAISAL",
        "Licence": "07/86",
        "Operator": "Statoil",
        "Rig": "Glomar Moray Firth 1",
        "Spud_Date": "1993-09-13",
        "Comp_Date": "1993-12-10",
        "Location": "OFFSHORE",
        "Released": "YES"
      },
      "geometry": {
        "type": "Point",
        "coordinates": [
          4.39511,
          56.22643
        ]
      }
    },
    {
      "type": "Feature",
      "properties": {
        "Well_Name": "STENLILLE-12",
        "Well_Numb": "5511/15-12",
        "Classifica": "STORAGE",
        "Licence": "GAS STORAGE PERMIT",
        "Operator": "DANOP",
        "Rig": "Kenting 31",
        "Spud_Date": "1994-01-11",
        "Comp_Date": "1994-02-08",
        "Location": "ONSHORE",
        "Released": "YES"
      },
      "geometry": {
        "type": "Point",
        "coordinates": [
          11.60495,
          55.5378
        ]
      }
    },
    {
      "type": "Feature",
      "properties": {
        "Well_Name": "STENLILLE-13",
        "Well_Numb": "5511/15-13",
        "Classifica": "STORAGE",
        "Licence": "GAS STORAGE PERMIT",
        "Operator": "DANOP",
        "Rig": "Kenting 31",
        "Spud_Date": "1994-02-13",
        "Comp_Date": "1994-03-14",
        "Location": "ONSHORE",
        "Released": "YES"
      },
      "geometry": {
        "type": "Point",
        "coordinates": [
          11.60436,
          55.53773
        ]
      }
    },
    {
      "type": "Feature",
      "properties": {
        "Well_Name": "E-8X",
        "Well_Numb": "5504/12-07",
        "Classifica": "APPRAISAL",
        "Licence": "01/62",
        "Operator": "MÆRSK OLIE OG GAS AS",
        "Rig": "West Kappa",
        "Spud_Date": "1994-04-10",
        "Comp_Date": "1994-06-06",
        "Location": "OFFSHORE",
        "Released": "YES"
      },
      "geometry": {
        "type": "Point",
        "coordinates": [
          4.98525,
          55.63639
        ]
      }
    },
    {
      "type": "Feature",
      "properties": {
        "Well_Name": "RIGS-1",
        "Well_Numb": "5604/29-04",
        "Classifica": "EXPLORATION",
        "Licence": "07/89",
        "Operator": "AMERADA HESS",
        "Rig": "Mærsk Giant",
        "Spud_Date": "1994-12-26",
        "Comp_Date": "1995-02-25",
        "Location": "OFFSHORE",
        "Released": "YES"
      },
      "geometry": {
        "type": "Point",
        "coordinates": [
          4.21321,
          56.0888
        ]
      }
    },
    {
      "type": "Feature",
      "properties": {
        "Well_Name": "SKJOLD-18P",
        "Well_Numb": "5504/16-00",
        "Classifica": "APPRAISAL AND PRODUCTION",
        "Licence": "01/62",
        "Operator": "MÆRSK OLIE OG GAS AS",
        "Rig": "Mærsk Endeavour",
        "Spud_Date": "1994-12-28",
        "Comp_Date": "1995-02-22",
        "Location": "OFFSHORE",
        "Released": "YES"
      },
      "geometry": {
        "type": "Point",
        "coordinates": [
          4.90901,
          55.53103
        ]
      }
    },
    {
      "type": "Feature",
      "properties": {
        "Well_Name": "STENLILLE-14",
        "Well_Numb": "5511/15-14",
        "Classifica": "STORAGE",
        "Licence": "GAS STORAGE PERMIT",
        "Operator": "DANOP",
        "Rig": "Kenting 31",
        "Spud_Date": "1995-06-04",
        "Comp_Date": "1995-07-21",
        "Location": "ONSHORE",
        "Released": "YES"
      },
      "geometry": {
        "type": "Point",
        "coordinates": [
          11.60503,
          55.53807
        ]
      }
    },
    {
      "type": "Feature",
      "properties": {
        "Well_Name": "STENLILLE-15",
        "Well_Numb": "5511/15-15",
        "Classifica": "OBSERVATION",
        "Licence": "GAS STORAGE PERMIT",
        "Operator": "DANOP",
        "Rig": "Kenting 31",
        "Spud_Date": "1995-07-22",
        "Comp_Date": "1995-08-23",
        "Location": "ONSHORE",
        "Released": "YES"
      },
      "geometry": {
        "type": "Point",
        "coordinates": [
          11.56436,
          55.51099
        ]
      }
    },
    {
      "type": "Feature",
      "properties": {
        "Well_Name": "SIRI-1",
        "Well_Numb": "5604/20-01",
        "Classifica": "EXPLORATION",
        "Licence": "06/95",
        "Operator": "Statoil",
        "Rig": "Deepsea Bergen",
        "Spud_Date": "1995-11-28",
        "Comp_Date": "1995-12-24",
        "Location": "OFFSHORE",
        "Released": "YES"
      },
      "geometry": {
        "type": "Point",
        "coordinates": [
          4.91454,
          56.48578
        ]
      }
    },
    {
      "type": "Feature",
      "properties": {
        "Well_Name": "STENLILLE-16",
        "Well_Numb": "5511/15-16",
        "Classifica": "STORAGE",
        "Licence": "GAS STORAGE PERMIT",
        "Operator": "DANOP",
        "Rig": "Kenting 21",
        "Spud_Date": "1996-02-06",
        "Comp_Date": "1996-03-24",
        "Location": "ONSHORE",
        "Released": "YES"
      },
      "geometry": {
        "type": "Point",
        "coordinates": [
          11.60456,
          55.53811
        ]
      }
    },
    {
      "type": "Feature",
      "properties": {
        "Well_Name": "RIGS-2",
        "Well_Numb": "5604/29-05",
        "Classifica": "APPRAISAL",
        "Licence": "07/89",
        "Operator": "AMERADA HESS",
        "Rig": "Mærsk Enhancer",
        "Spud_Date": "1996-05-11",
        "Comp_Date": "1996-07-29",
        "Location": "OFFSHORE",
        "Released": "YES"
      },
      "geometry": {
        "type": "Point",
        "coordinates": [
          4.21771,
          56.09699
        ]
      }
    },
    {
      "type": "Feature",
      "properties": {
        "Well_Name": "SIRI-2",
        "Well_Numb": "5604/20-02",
        "Classifica": "APPRAISAL",
        "Licence": "06/95",
        "Operator": "Statoil",
        "Rig": "Mærsk Enhancer",
        "Spud_Date": "1996-08-03",
        "Comp_Date": "1996-08-27",
        "Location": "OFFSHORE",
        "Released": "YES"
      },
      "geometry": {
        "type": "Point",
        "coordinates": [
          4.86892,
          56.49395
        ]
      }
    },
    {
      "type": "Feature",
      "properties": {
        "Well_Name": "MFB-2C",
        "Well_Numb": "5505/17-12",
        "Classifica": "APPRAISAL AND PRODUCTION",
        "Licence": "01/62",
        "Operator": "MÆRSK OLIE OG GAS AS",
        "Rig": "Shelf Explorer",
        "Spud_Date": "1996-08-09",
        "Comp_Date": "1996-12-21",
        "Location": "OFFSHORE",
        "Released": "YES"
      },
      "geometry": {
        "type": "Point",
        "coordinates": [
          5.1073,
          55.47891
        ]
      }
    },
    {
      "type": "Feature",
      "properties": {
        "Well_Name": "SKJOLD-22",
        "Well_Numb": "5504/16-00",
        "Classifica": "APPRAISAL AND PRODUCTION",
        "Licence": "01/62",
        "Operator": "MÆRSK OLIE OG GAS AS",
        "Rig": "Mærsk Endeavour",
        "Spud_Date": "1996-08-18",
        "Comp_Date": "1996-09-16",
        "Location": "OFFSHORE",
        "Released": "YES"
      },
      "geometry": {
        "type": "Point",
        "coordinates": [
          4.90899,
          55.53102
        ]
      }
    },
    {
      "type": "Feature",
      "properties": {
        "Well_Name": "SIRI-3",
        "Well_Numb": "5605/13-01",
        "Classifica": "EXPLORATION",
        "Licence": "06/95",
        "Operator": "Statoil",
        "Rig": "Mærsk Enhancer",
        "Spud_Date": "1996-08-30",
        "Comp_Date": "1996-10-11",
        "Location": "OFFSHORE",
        "Released": "YES"
      },
      "geometry": {
        "type": "Point",
        "coordinates": [
          5.06198,
          56.50906
        ]
      }
    },
    {
      "type": "Feature",
      "properties": {
        "Well_Name": "STENLILLE-17",
        "Well_Numb": "5511/15-17",
        "Classifica": "STORAGE",
        "Licence": "GAS STORAGE PERMIT",
        "Operator": "DANOP",
        "Rig": "Kenting 21",
        "Spud_Date": "1996-09-23",
        "Comp_Date": "1996-11-01",
        "Location": "ONSHORE",
        "Released": "YES"
      },
      "geometry": {
        "type": "Point",
        "coordinates": [
          11.59767,
          55.53326
        ]
      }
    },
    {
      "type": "Feature",
      "properties": {
        "Well_Name": "STENLILLE-18",
        "Well_Numb": "5511/15-18",
        "Classifica": "STORAGE",
        "Licence": "GAS STORAGE PERMIT",
        "Operator": "DANOP",
        "Rig": "Kenting 21",
        "Spud_Date": "1996-11-02",
        "Comp_Date": "1996-12-12",
        "Location": "ONSHORE",
        "Released": "YES"
      },
      "geometry": {
        "type": "Point",
        "coordinates": [
          11.59723,
          55.53336
        ]
      }
    },
    {
      "type": "Feature",
      "properties": {
        "Well_Name": "MFF-4",
        "Well_Numb": "5505/17-13",
        "Classifica": "APPRAISAL AND INJECTION",
        "Licence": "01/62",
        "Operator": "MÆRSK OLIE OG GAS AS",
        "Rig": "Shelf Explorer",
        "Spud_Date": "1997-01-02",
        "Comp_Date": "1997-04-24",
        "Location": "OFFSHORE",
        "Released": "YES"
      },
      "geometry": {
        "type": "Point",
        "coordinates": [
          5.10792,
          55.47723
        ]
      }
    },
    {
      "type": "Feature",
      "properties": {
        "Well_Name": "SAXO-1",
        "Well_Numb": "5503/02-01",
        "Classifica": "EXPLORATION",
        "Licence": "01/95",
        "Operator": "AMERADA HESS",
        "Rig": "Neddrill Trigon",
        "Spud_Date": "1997-03-14",
        "Comp_Date": "1997-04-25",
        "Location": "OFFSHORE",
        "Released": "YES"
      },
      "geometry": {
        "type": "Point",
        "coordinates": [
          3.43461,
          55.98055
        ]
      }
    },
    {
      "type": "Feature",
      "properties": {
        "Well_Name": "A-10P",
        "Well_Numb": "5505/17-14",
        "Classifica": "APPRAISAL",
        "Licence": "01/62",
        "Operator": "MÆRSK OLIE OG GAS AS",
        "Rig": "Mærsk Exerter",
        "Spud_Date": "1997-03-16",
        "Comp_Date": "1997-06-14",
        "Location": "OFFSHORE",
        "Released": "YES"
      },
      "geometry": {
        "type": "Point",
        "coordinates": [
          5.07836,
          55.40205
        ]
      }
    },
    {
      "type": "Feature",
      "properties": {
        "Well_Name": "NOLDE-1",
        "Well_Numb": "5605/09-01",
        "Classifica": "EXPLORATION",
        "Licence": "04/95",
        "Operator": "DANOP",
        "Rig": "Neddrill Trigon",
        "Spud_Date": "1997-05-01",
        "Comp_Date": "1997-05-19",
        "Location": "OFFSHORE",
        "Released": "YES"
      },
      "geometry": {
        "type": "Point",
        "coordinates": [
          5.18249,
          56.62665
        ]
      }
    },
    {
      "type": "Feature",
      "properties": {
        "Well_Name": "ISAK-1",
        "Well_Numb": "5603/31-01",
        "Classifica": "EXPLORATION",
        "Licence": "02/95",
        "Operator": "DANOP",
        "Rig": "Neddrill Trigon",
        "Spud_Date": "1997-05-24",
        "Comp_Date": "1997-06-28",
        "Location": "OFFSHORE",
        "Released": "YES"
      },
      "geometry": {
        "type": "Point",
        "coordinates": [
          3.72221,
          56.01647
        ]
      }
    },
    {
      "type": "Feature",
      "properties": {
        "Well_Name": "NW ADDA-1X",
        "Well_Numb": "5504/04-01",
        "Classifica": "EXPLORATION",
        "Licence": "08/95",
        "Operator": "MÆRSK OLIE OG GAS AS",
        "Rig": "Mærsk Exerter",
        "Spud_Date": "1997-06-27",
        "Comp_Date": "1997-08-17",
        "Location": "OFFSHORE",
        "Released": "YES"
      },
      "geometry": {
        "type": "Point",
        "coordinates": [
          4.78231,
          55.87453
        ]
      }
    },
    {
      "type": "Feature",
      "properties": {
        "Well_Name": "DAGMAR-7P",
        "Well_Numb": "5504/15-09",
        "Classifica": "APPRAISAL AND PRODUCTION",
        "Licence": "01/62",
        "Operator": "MÆRSK OLIE OG GAS AS",
        "Rig": "Neddrill 10",
        "Spud_Date": "1997-06-30",
        "Comp_Date": "1997-08-06",
        "Location": "OFFSHORE",
        "Released": "YES"
      },
      "geometry": {
        "type": "Point",
        "coordinates": [
          4.61824,
          55.57649
        ]
      }
    },
    {
      "type": "Feature",
      "properties": {
        "Well_Name": "FRIDA-1",
        "Well_Numb": "5605/21-02",
        "Classifica": "EXPLORATION",
        "Licence": "03/95",
        "Operator": "DANOP",
        "Rig": "Neddrill Kolskaya",
        "Spud_Date": "1997-07-26",
        "Comp_Date": "1997-09-08",
        "Location": "OFFSHORE",
        "Released": "YES"
      },
      "geometry": {
        "type": "Point",
        "coordinates": [
          5.02919,
          56.28662
        ]
      }
    },
    {
      "type": "Feature",
      "properties": {
        "Well_Name": "ADDA-4",
        "Well_Numb": "5504/08-06",
        "Classifica": "APPRAISAL",
        "Licence": "01/62",
        "Operator": "MÆRSK OLIE OG GAS AS",
        "Rig": "Shelf Explorer",
        "Spud_Date": "1997-08-20",
        "Comp_Date": "1998-02-24",
        "Location": "OFFSHORE",
        "Released": "YES"
      },
      "geometry": {
        "type": "Point",
        "coordinates": [
          4.86364,
          55.82282
        ]
      }
    },
    {
      "type": "Feature",
      "properties": {
        "Well_Name": "WESSEL-1",
        "Well_Numb": "5503/02-02",
        "Classifica": "EXPLORATION",
        "Licence": "01/95",
        "Operator": "AMERADA HESS",
        "Rig": "Kolskaya",
        "Spud_Date": "1997-09-26",
        "Comp_Date": "1997-11-11",
        "Location": "OFFSHORE",
        "Released": "YES"
      },
      "geometry": {
        "type": "Point",
        "coordinates": [
          3.48895,
          55.99528
        ]
      }
    },
    {
      "type": "Feature",
      "properties": {
        "Well_Name": "ROLF-6P",
        "Well_Numb": "5504/14-02",
        "Classifica": "APPRAISAL AND PRODUCTION",
        "Licence": "01/62",
        "Operator": "MÆRSK OLIE OG GAS AS",
        "Rig": "Mærsk Exerter",
        "Spud_Date": "1998-03-21",
        "Comp_Date": "1998-06-09",
        "Location": "OFFSHORE",
        "Released": "YES"
      },
      "geometry": {
        "type": "Point",
        "coordinates": [
          4.4915,
          55.60595
        ]
      }
    },
    {
      "type": "Feature",
      "properties": {
        "Well_Name": "MFF-19",
        "Well_Numb": "5505/17-16",
        "Classifica": "APPRAISAL AND PRODUCTION",
        "Licence": "01/62",
        "Operator": "MÆRSK OLIE OG GAS AS",
        "Rig": "Shelf Explorer",
        "Spud_Date": "1998-05-24",
        "Comp_Date": "1999-02-02",
        "Location": "OFFSHORE",
        "Released": "YES"
      },
      "geometry": {
        "type": "Point",
        "coordinates": [
          5.10756,
          55.47703
        ]
      }
    },
    {
      "type": "Feature",
      "properties": {
        "Well_Name": "SANDRA-1",
        "Well_Numb": "5605/13-02",
        "Classifica": "EXPLORATION",
        "Licence": "06/95",
        "Operator": "Statoil",
        "Rig": "Glomar Adriatic Vi",
        "Spud_Date": "1998-06-18",
        "Comp_Date": "1998-07-15",
        "Location": "OFFSHORE",
        "Released": "YES"
      },
      "geometry": {
        "type": "Point",
        "coordinates": [
          5.02501,
          56.5864
        ]
      }
    },
    {
      "type": "Feature",
      "properties": {
        "Well_Name": "FRANCISCA-1",
        "Well_Numb": "5604/24-01",
        "Classifica": "EXPLORATION",
        "Licence": "02/90",
        "Operator": "DANOP",
        "Rig": "Glomar Adriatic Vi",
        "Spud_Date": "1998-07-20",
        "Comp_Date": "1998-08-20",
        "Location": "OFFSHORE",
        "Released": "YES"
      },
      "geometry": {
        "type": "Point",
        "coordinates": [
          4.80004,
          56.37378
        ]
      }
    },
    {
      "type": "Feature",
      "properties": {
        "Well_Name": "SINE-1X",
        "Well_Numb": "5505/22-02",
        "Classifica": "EXPLORATION",
        "Licence": "07/95",
        "Operator": "MÆRSK OLIE OG GAS AS",
        "Rig": "Mærsk Exerter",
        "Spud_Date": "1998-08-13",
        "Comp_Date": "1998-09-10",
        "Location": "OFFSHORE",
        "Released": "YES"
      },
      "geometry": {
        "type": "Point",
        "coordinates": [
          5.42635,
          55.29695
        ]
      }
    },
    {
      "type": "Feature",
      "properties": {
        "Well_Name": "TEB-18",
        "Well_Numb": "5504/12-08",
        "Classifica": "APPRAISAL AND PRODUCTION",
        "Licence": "01/62",
        "Operator": "MÆRSK OLIE OG GAS AS",
        "Rig": "Mærsk Endeavour",
        "Spud_Date": "1998-11-20",
        "Comp_Date": "1999-02-22",
        "Location": "OFFSHORE",
        "Released": "YES"
      },
      "geometry": {
        "type": "Point",
        "coordinates": [
          4.79888,
          55.72015
        ]
      }
    },
    {
      "type": "Feature",
      "properties": {
        "Well_Name": "SVEND-3",
        "Well_Numb": "5604/25-00",
        "Classifica": "APPRAISAL AND PRODUCTION",
        "Licence": "01/62",
        "Operator": "MÆRSK OLIE OG GAS AS",
        "Rig": "Noble Byron Welliver",
        "Spud_Date": "1999-01-12",
        "Comp_Date": "1999-06-12",
        "Location": "OFFSHORE",
        "Released": "YES"
      },
      "geometry": {
        "type": "Point",
        "coordinates": [
          4.17932,
          56.17839
        ]
      }
    },
    {
      "type": "Feature",
      "properties": {
        "Well_Name": "NANA-1X",
        "Well_Numb": "5505/13-02",
        "Classifica": "EXPLORATION",
        "Licence": "01/62",
        "Operator": "MÆRSK OLIE OG GAS AS",
        "Rig": "Mærsk Exerter",
        "Spud_Date": "1999-02-07",
        "Comp_Date": "1999-06-08",
        "Location": "OFFSHORE",
        "Released": "YES"
      },
      "geometry": {
        "type": "Point",
        "coordinates": [
          5.00589,
          55.52994
        ]
      }
    },
    {
      "type": "Feature",
      "properties": {
        "Well_Name": "MODI-1",
        "Well_Numb": "5604/29-06",
        "Classifica": "APPRAISAL",
        "Licence": "07/89",
        "Operator": "AMERADA HESS/DANOP",
        "Rig": "Kolskaya",
        "Spud_Date": "1999-05-17",
        "Comp_Date": "1999-06-24",
        "Location": "OFFSHORE",
        "Released": "YES"
      },
      "geometry": {
        "type": "Point",
        "coordinates": [
          4.23627,
          56.10264
        ]
      }
    },
    {
      "type": "Feature",
      "properties": {
        "Well_Name": "SCA-4",
        "Well_Numb": "5604/20-03",
        "Classifica": "EXPLORATION AND INJECTION",
        "Licence": "06/95",
        "Operator": "Statoil",
        "Rig": "Noble George Sauvageau",
        "Spud_Date": "1999-06-10",
        "Comp_Date": "1999-07-30",
        "Location": "OFFSHORE",
        "Released": "YES"
      },
      "geometry": {
        "type": "Point",
        "coordinates": [
          4.91113,
          56.48273
        ]
      }
    },
    {
      "type": "Feature",
      "properties": {
        "Well_Name": "SCA-11",
        "Well_Numb": "5604/20-04",
        "Classifica": "EXPLORATION",
        "Licence": "06/95",
        "Operator": "Statoil",
        "Rig": "Noble George Sauvageau",
        "Spud_Date": "1999-07-29",
        "Comp_Date": "1999-09-26",
        "Location": "OFFSHORE",
        "Released": "YES"
      },
      "geometry": {
        "type": "Point",
        "coordinates": [
          4.91112,
          56.48269
        ]
      }
    },
    {
      "type": "Feature",
      "properties": {
        "Well_Name": "SIF-1X",
        "Well_Numb": "5505/13-03",
        "Classifica": "EXPLORATION",
        "Licence": "01/62",
        "Operator": "MÆRSK OLIE OG GAS AS",
        "Rig": "Shelf Explorer",
        "Spud_Date": "1999-08-23",
        "Comp_Date": "1999-11-20",
        "Location": "OFFSHORE",
        "Released": "YES"
      },
      "geometry": {
        "type": "Point",
        "coordinates": [
          5.03702,
          55.58059
        ]
      }
    },
    {
      "type": "Feature",
      "properties": {
        "Well_Name": "HALFDAN-2X",
        "Well_Numb": "5505/13-04",
        "Classifica": "APPRAISAL AND PRODUCTION",
        "Licence": "01/62",
        "Operator": "MÆRSK OLIE OG GAS AS",
        "Rig": "Mærsk Endeavour",
        "Spud_Date": "1999-08-31",
        "Comp_Date": "1999-10-18",
        "Location": "OFFSHORE",
        "Released": "YES"
      },
      "geometry": {
        "type": "Point",
        "coordinates": [
          5.00591,
          55.52993
        ]
      }
    },
    {
      "type": "Feature",
      "properties": {
        "Well_Name": "G-2X",
        "Well_Numb": "5505/13-05",
        "Classifica": "APPRAISAL",
        "Licence": "01/62",
        "Operator": "MÆRSK OLIE OG GAS AS",
        "Rig": "Noble Byron Welliver",
        "Spud_Date": "1999-09-05",
        "Comp_Date": "1999-09-26",
        "Location": "OFFSHORE",
        "Released": "YES"
      },
      "geometry": {
        "type": "Point",
        "coordinates": [
          5.11944,
          55.57936
        ]
      }
    },
    {
      "type": "Feature",
      "properties": {
        "Well_Name": "E-9X",
        "Well_Numb": "5504/12-09",
        "Classifica": "APPRAISAL",
        "Licence": "01/62",
        "Operator": "MÆRSK OLIE OG GAS AS",
        "Rig": "Noble Byron Welliver",
        "Spud_Date": "1999-10-11",
        "Comp_Date": "1999-12-21",
        "Location": "OFFSHORE",
        "Released": "YES"
      },
      "geometry": {
        "type": "Point",
        "coordinates": [
          4.88291,
          55.63972
        ]
      }
    },
    {
      "type": "Feature",
      "properties": {
        "Well_Name": "HALFDAN-3X",
        "Well_Numb": "5505/13-06",
        "Classifica": "APPRAISAL AND PRODUCTION",
        "Licence": "01/62",
        "Operator": "MÆRSK OLIE OG GAS AS",
        "Rig": "Mærsk Endeavour",
        "Spud_Date": "1999-10-20",
        "Comp_Date": "2000-02-29",
        "Location": "OFFSHORE",
        "Released": "YES"
      },
      "geometry": {
        "type": "Point",
        "coordinates": [
          5.0059,
          55.52992
        ]
      }
    },
    {
      "type": "Feature",
      "properties": {
        "Well_Name": "LILY-1X",
        "Well_Numb": "5504/11-04",
        "Classifica": "EXPLORATION",
        "Licence": "01/62",
        "Operator": "MÆRSK OLIE OG GAS AS",
        "Rig": "Noble Byron Welliver",
        "Spud_Date": "2000-01-03",
        "Comp_Date": "2000-01-22",
        "Location": "OFFSHORE",
        "Released": "YES"
      },
      "geometry": {
        "type": "Point",
        "coordinates": [
          4.66417,
          55.70798
        ]
      }
    },
    {
      "type": "Feature",
      "properties": {
        "Well_Name": "TWC-15",
        "Well_Numb": "5504/11-00",
        "Classifica": "APPRAISAL AND PRODUCTION",
        "Licence": "01/62",
        "Operator": "MÆRSK OLIE OG GAS AS",
        "Rig": "Noble Byron Welliver",
        "Spud_Date": "2000-02-01",
        "Comp_Date": "2000-04-18",
        "Location": "OFFSHORE",
        "Released": "YES"
      },
      "geometry": {
        "type": "Point",
        "coordinates": [
          4.7475,
          55.71473
        ]
      }
    },
    {
      "type": "Feature",
      "properties": {
        "Well_Name": "HALFDAN-5",
        "Well_Numb": "5505/13-00",
        "Classifica": "APPRAISAL AND PRODUCTION",
        "Licence": "01/62",
        "Operator": "MÆRSK OLIE OG GAS AS",
        "Rig": "Mærsk Endeavour",
        "Spud_Date": "2000-02-23",
        "Comp_Date": "2000-06-02",
        "Location": "OFFSHORE",
        "Released": "YES"
      },
      "geometry": {
        "type": "Point",
        "coordinates": [
          5.00588,
          55.52992
        ]
      }
    },
    {
      "type": "Feature",
      "properties": {
        "Well_Name": "SKJOLD-28",
        "Well_Numb": "5504/16-00",
        "Classifica": "APPRAISAL AND PRODUCTION",
        "Licence": "01/62",
        "Operator": "MÆRSK OLIE OG GAS AS",
        "Rig": "Mærsk Exerter",
        "Spud_Date": "2000-03-10",
        "Comp_Date": "2000-05-28",
        "Location": "OFFSHORE",
        "Released": "YES"
      },
      "geometry": {
        "type": "Point",
        "coordinates": [
          4.90848,
          55.53067
        ]
      }
    },
    {
      "type": "Feature",
      "properties": {
        "Well_Name": "ROXANNE-1",
        "Well_Numb": "5505/06-01",
        "Classifica": "EXPLORATION",
        "Licence": "01/98",
        "Operator": "CLAM PETROLEUM/DANOP",
        "Rig": "Ensco 70",
        "Spud_Date": "2000-04-17",
        "Comp_Date": "2000-05-11",
        "Location": "OFFSHORE",
        "Released": "YES"
      },
      "geometry": {
        "type": "Point",
        "coordinates": [
          5.25372,
          55.76378
        ]
      }
    },
    {
      "type": "Feature",
      "properties": {
        "Well_Name": "TWC-14",
        "Well_Numb": "5504/11-00",
        "Classifica": "APPRAISAL AND PRODUCTION",
        "Licence": "01/62",
        "Operator": "MÆRSK OLIE OG GAS AS",
        "Rig": "Noble Byron Welliver",
        "Spud_Date": "2000-04-20",
        "Comp_Date": "2000-05-29",
        "Location": "OFFSHORE",
        "Released": "YES"
      },
      "geometry": {
        "type": "Point",
        "coordinates": [
          4.74749,
          55.71472
        ]
      }
    },
    {
      "type": "Feature",
      "properties": {
        "Well_Name": "LILJE-1",
        "Well_Numb": "5503/03-03",
        "Classifica": "EXPLORATION",
        "Licence": "10/98",
        "Operator": "Norsk Agip A/S",
        "Rig": "Ensco 70",
        "Spud_Date": "2000-05-15",
        "Comp_Date": "2000-06-29",
        "Location": "OFFSHORE",
        "Released": "YES"
      },
      "geometry": {
        "type": "Point",
        "coordinates": [
          3.58353,
          55.9588
        ]
      }
    },
    {
      "type": "Feature",
      "properties": {
        "Well_Name": "HEA-3",
        "Well_Numb": "5604/22-00",
        "Classifica": "APPRAISAL AND PRODUCTION",
        "Licence": "01/62",
        "Operator": "MÆRSK OLIE OG GAS AS",
        "Rig": "Noble Byron Welliver",
        "Spud_Date": "2000-06-11",
        "Comp_Date": "2000-10-26",
        "Location": "OFFSHORE",
        "Released": "YES"
      },
      "geometry": {
        "type": "Point",
        "coordinates": [
          4.27176,
          56.34543
        ]
      }
    },
    {
      "type": "Feature",
      "properties": {
        "Well_Name": "NINI-1",
        "Well_Numb": "5605/10-01",
        "Classifica": "EXPLORATION",
        "Licence": "04/95",
        "Operator": "DANOP",
        "Rig": "Ensco 70",
        "Spud_Date": "2000-07-04",
        "Comp_Date": "2000-08-24",
        "Location": "OFFSHORE",
        "Released": "YES"
      },
      "geometry": {
        "type": "Point",
        "coordinates": [
          5.31965,
          56.64134
        ]
      }
    },
    {
      "type": "Feature",
      "properties": {
        "Well_Name": "STENLILLE-19",
        "Well_Numb": "5511/15-19",
        "Classifica": "EXPLORATION AND STORAGE",
        "Licence": "GAS STORAGE PERMIT",
        "Operator": "DANOP",
        "Rig": "Deutag T-2000",
        "Spud_Date": "2000-07-19",
        "Comp_Date": "2000-08-21",
        "Location": "ONSHORE",
        "Released": "YES"
      },
      "geometry": {
        "type": "Point",
        "coordinates": [
          11.59749,
          55.53301
        ]
      }
    },
    {
      "type": "Feature",
      "properties": {
        "Well_Name": "HDN-1X",
        "Well_Numb": "5505/13-07",
        "Classifica": "APPRAISAL",
        "Licence": "01/62",
        "Operator": "MÆRSK OLIE OG GAS AS",
        "Rig": "Mærsk Endeavour",
        "Spud_Date": "2000-08-29",
        "Comp_Date": "2000-09-21",
        "Location": "OFFSHORE",
        "Released": "YES"
      },
      "geometry": {
        "type": "Point",
        "coordinates": [
          5.00973,
          55.56194
        ]
      }
    },
    {
      "type": "Feature",
      "properties": {
        "Well_Name": "SKJOLD-30",
        "Well_Numb": "5504/16-07",
        "Classifica": "APPRAISAL AND PRODUCTION",
        "Licence": "01/62",
        "Operator": "MÆRSK OLIE OG GAS AS",
        "Rig": "Mærsk Exerter",
        "Spud_Date": "2000-08-29",
        "Comp_Date": "2001-01-08",
        "Location": "OFFSHORE",
        "Released": "YES"
      },
      "geometry": {
        "type": "Point",
        "coordinates": [
          4.9084,
          55.53074
        ]
      }
    },
    {
      "type": "Feature",
      "properties": {
        "Well_Name": "FLOKI-1",
        "Well_Numb": "5605/18-01",
        "Classifica": "EXPLORATION",
        "Licence": "08/98",
        "Operator": "KERR-MCGEE",
        "Rig": "Ensco 70",
        "Spud_Date": "2000-09-02",
        "Comp_Date": "2000-09-14",
        "Location": "OFFSHORE",
        "Released": "YES"
      },
      "geometry": {
        "type": "Point",
        "coordinates": [
          5.27833,
          56.46286
        ]
      }
    },
    {
      "type": "Feature",
      "properties": {
        "Well_Name": "VANESSA-1",
        "Well_Numb": "5605/23-01",
        "Classifica": "EXPLORATION",
        "Licence": "02/98",
        "Operator": "CLAM PETROLEUM/DANOP",
        "Rig": "Ensco 70",
        "Spud_Date": "2000-09-21",
        "Comp_Date": "2000-10-01",
        "Location": "OFFSHORE",
        "Released": "YES"
      },
      "geometry": {
        "type": "Point",
        "coordinates": [
          5.50584,
          56.36386
        ]
      }
    },
    {
      "type": "Feature",
      "properties": {
        "Well_Name": "HALFDAN-5",
        "Well_Numb": "5505/13-00",
        "Classifica": "APPRAISAL AND PRODUCTION",
        "Licence": "01/62",
        "Operator": "MÆRSK OLIE OG GAS AS",
        "Rig": "Mærsk Endeavour",
        "Spud_Date": "2000-10-06",
        "Comp_Date": "2000-10-15",
        "Location": "OFFSHORE",
        "Released": "YES"
      },
      "geometry": {
        "type": "Point",
        "coordinates": [
          5.00588,
          55.52992
        ]
      }
    },
    {
      "type": "Feature",
      "properties": {
        "Well_Name": "CECILIE-1",
        "Well_Numb": "5604/20-05",
        "Classifica": "EXPLORATION",
        "Licence": "16/98",
        "Operator": "DONG E&P A/S",
        "Rig": "Ensco 70",
        "Spud_Date": "2000-10-18",
        "Comp_Date": "2000-12-12",
        "Location": "OFFSHORE",
        "Released": "YES"
      },
      "geometry": {
        "type": "Point",
        "coordinates": [
          4.76022,
          56.40596
        ]
      }
    },
    {
      "type": "Feature",
      "properties": {
        "Well_Name": "VALDEMAR-5",
        "Well_Numb": "5504/07-07",
        "Classifica": "APPRAISAL AND PRODUCTION",
        "Licence": "01/62",
        "Operator": "MÆRSK OLIE OG GAS AS",
        "Rig": "Noble Byron Welliver",
        "Spud_Date": "2000-11-21",
        "Comp_Date": "2001-05-04",
        "Location": "OFFSHORE",
        "Released": "YES"
      },
      "geometry": {
        "type": "Point",
        "coordinates": [
          4.56146,
          55.83432
        ]
      }
    },
    {
      "type": "Feature",
      "properties": {
        "Well_Name": "NINI-2",
        "Well_Numb": "5605/10-02",
        "Classifica": "APPRAISAL",
        "Licence": "04/95",
        "Operator": "DONG E&P A/S",
        "Rig": "Ensco 70",
        "Spud_Date": "2000-12-23",
        "Comp_Date": "2001-01-03",
        "Location": "OFFSHORE",
        "Released": "YES"
      },
      "geometry": {
        "type": "Point",
        "coordinates": [
          5.29836,
          56.63072
        ]
      }
    },
    {
      "type": "Feature",
      "properties": {
        "Well_Name": "NINI-3",
        "Well_Numb": "5605/10-03",
        "Classifica": "APPRAISAL",
        "Licence": "04/95",
        "Operator": "DONG E&P A/S",
        "Rig": "Ensco 70",
        "Spud_Date": "2001-01-14",
        "Comp_Date": "2001-01-29",
        "Location": "OFFSHORE",
        "Released": "YES"
      },
      "geometry": {
        "type": "Point",
        "coordinates": [
          5.402,
          56.69158
        ]
      }
    },
    {
      "type": "Feature",
      "properties": {
        "Well_Name": "MD-2BX",
        "Well_Numb": "5505/17-17",
        "Classifica": "APPRAISAL AND PRODUCTION",
        "Licence": "01/62",
        "Operator": "MÆRSK OLIE OG GAS AS",
        "Rig": "Ensco 71",
        "Spud_Date": "2001-01-21",
        "Comp_Date": "2001-04-08",
        "Location": "OFFSHORE",
        "Released": "YES"
      },
      "geometry": {
        "type": "Point",
        "coordinates": [
          5.13368,
          55.46876
        ]
      }
    },
    {
      "type": "Feature",
      "properties": {
        "Well_Name": "CONNIE-1",
        "Well_Numb": "5604/19-02",
        "Classifica": "EXPLORATION",
        "Licence": "16/98",
        "Operator": "DONG E&P A/S",
        "Rig": "Ensco 70",
        "Spud_Date": "2001-02-04",
        "Comp_Date": "2001-02-18",
        "Location": "OFFSHORE",
        "Released": "YES"
      },
      "geometry": {
        "type": "Point",
        "coordinates": [
          4.707,
          56.40723
        ]
      }
    },
    {
      "type": "Feature",
      "properties": {
        "Well_Name": "AUGUSTA-1",
        "Well_Numb": "5604/22-04",
        "Classifica": "APPRAISAL",
        "Licence": "07/86",
        "Operator": "DONG E&P A/S",
        "Rig": "Ensco 70",
        "Spud_Date": "2001-03-06",
        "Comp_Date": "2001-03-27",
        "Location": "OFFSHORE",
        "Released": "YES"
      },
      "geometry": {
        "type": "Point",
        "coordinates": [
          4.3999,
          56.29863
        ]
      }
    },
    {
      "type": "Feature",
      "properties": {
        "Well_Name": "ROAR-5X",
        "Well_Numb": "5504/07-08",
        "Classifica": "APPRAISAL AND PRODUCTION",
        "Licence": "01/62",
        "Operator": "MÆRSK OLIE OG GAS AS",
        "Rig": "Kolskaya",
        "Spud_Date": "2001-04-08",
        "Comp_Date": "2001-05-25",
        "Location": "OFFSHORE",
        "Released": "YES"
      },
      "geometry": {
        "type": "Point",
        "coordinates": [
          4.6483,
          55.76751
        ]
      }
    },
    {
      "type": "Feature",
      "properties": {
        "Well_Name": "HEJRE-1",
        "Well_Numb": "5603/28-04",
        "Classifica": "EXPLORATION",
        "Licence": "05/98",
        "Operator": "Phillips",
        "Rig": "Ensco 70",
        "Spud_Date": "2001-04-10",
        "Comp_Date": "2001-08-22",
        "Location": "OFFSHORE",
        "Released": "YES"
      },
      "geometry": {
        "type": "Point",
        "coordinates": [
          3.96549,
          56.24253
        ]
      }
    },
    {
      "type": "Feature",
      "properties": {
        "Well_Name": "N-54",
        "Well_Numb": "5504/16-08",
        "Classifica": "APPRAISAL AND PRODUCTION",
        "Licence": "01/62",
        "Operator": "MÆRSK OLIE OG GAS AS",
        "Rig": "Ensco 71",
        "Spud_Date": "2001-04-27",
        "Comp_Date": "2001-08-27",
        "Location": "OFFSHORE",
        "Released": "YES"
      },
      "geometry": {
        "type": "Point",
        "coordinates": [
          4.75674,
          55.57846
        ]
      }
    },
    {
      "type": "Feature",
      "properties": {
        "Well_Name": "VALDEMAR-6",
        "Well_Numb": "5504/07-00",
        "Classifica": "APPRAISAL AND PRODUCTION",
        "Licence": "01/62",
        "Operator": "MÆRSK OLIE OG GAS AS",
        "Rig": "Noble Byron Welliver",
        "Spud_Date": "2001-05-11",
        "Comp_Date": "2001-09-04",
        "Location": "OFFSHORE",
        "Released": "YES"
      },
      "geometry": {
        "type": "Point",
        "coordinates": [
          4.56146,
          55.83433
        ]
      }
    },
    {
      "type": "Feature",
      "properties": {
        "Well_Name": "KIT-1XP",
        "Well_Numb": "5604/25-04",
        "Classifica": "EXPLORATION",
        "Licence": "15/98",
        "Operator": "MÆRSK OLIE OG GAS AS",
        "Rig": "Kolskaya",
        "Spud_Date": "2001-05-31",
        "Comp_Date": "2001-07-27",
        "Location": "OFFSHORE",
        "Released": "YES"
      },
      "geometry": {
        "type": "Point",
        "coordinates": [
          4.08244,
          56.17852
        ]
      }
    },
    {
      "type": "Feature",
      "properties": {
        "Well_Name": "SIRI-4",
        "Well_Numb": "5604/20-06",
        "Classifica": "APPRAISAL",
        "Licence": "06/95",
        "Operator": "Statoil",
        "Rig": "Noble George Sauvageau",
        "Spud_Date": "2001-06-13",
        "Comp_Date": "2001-06-24",
        "Location": "OFFSHORE",
        "Released": "YES"
      },
      "geometry": {
        "type": "Point",
        "coordinates": [
          4.99111,
          56.48848
        ]
      }
    },
    {
      "type": "Feature",
      "properties": {
        "Well_Name": "SCA-7",
        "Well_Numb": "5604/20-07",
        "Classifica": "APPRAISAL AND PRODUCTION",
        "Licence": "06/95",
        "Operator": "Statoil",
        "Rig": "Noble George Sauvageau",
        "Spud_Date": "2001-07-02",
        "Comp_Date": "2001-09-10",
        "Location": "OFFSHORE",
        "Released": "YES"
      },
      "geometry": {
        "type": "Point",
        "coordinates": [
          4.91117,
          56.48271
        ]
      }
    },
    {
      "type": "Feature",
      "properties": {
        "Well_Name": "LOLA-2X",
        "Well_Numb": "5504/16-09",
        "Classifica": "EXPLORATION",
        "Licence": "01/62",
        "Operator": "MÆRSK OLIE OG GAS AS",
        "Rig": "Noble Byron Welliver",
        "Spud_Date": "2001-08-01",
        "Comp_Date": "2001-08-20",
        "Location": "OFFSHORE",
        "Released": "YES"
      },
      "geometry": {
        "type": "Point",
        "coordinates": [
          4.76199,
          55.504
        ]
      }
    },
    {
      "type": "Feature",
      "properties": {
        "Well_Name": "ERIK-1X",
        "Well_Numb": "5507/18-01",
        "Classifica": "EXPLORATION",
        "Licence": "04/97",
        "Operator": "MÆRSK OLIE OG GAS AS",
        "Rig": "Mærsk Exerter",
        "Spud_Date": "2001-08-04",
        "Comp_Date": "2001-09-06",
        "Location": "OFFSHORE",
        "Released": "YES"
      },
      "geometry": {
        "type": "Point",
        "coordinates": [
          7.25555,
          55.4243
        ]
      }
    },
    {
      "type": "Feature",
      "properties": {
        "Well_Name": "SVANE-1",
        "Well_Numb": "5604/26-04",
        "Classifica": "EXPLORATION",
        "Licence": "04/98",
        "Operator": "PHILLIPS /  DONG EFTERFORSKNING OG PRODUKTION A/S",
        "Rig": "Ensco 70",
        "Spud_Date": "2001-08-25",
        "Comp_Date": "2002-08-06",
        "Location": "OFFSHORE",
        "Released": "YES"
      },
      "geometry": {
        "type": "Point",
        "coordinates": [
          4.40863,
          56.13005
        ]
      }
    },
    {
      "type": "Feature",
      "properties": {
        "Well_Name": "SVEND-2XP",
        "Well_Numb": "5604/25-05",
        "Classifica": "APPRAISAL AND PRODUCTION",
        "Licence": "01/62",
        "Operator": "MÆRSK OLIE OG GAS AS",
        "Rig": "Noble Byron Welliver",
        "Spud_Date": "2001-09-30",
        "Comp_Date": "2002-05-27",
        "Location": "OFFSHORE",
        "Released": "YES"
      },
      "geometry": {
        "type": "Point",
        "coordinates": [
          4.17931,
          56.17839
        ]
      }
    },
    {
      "type": "Feature",
      "properties": {
        "Well_Name": "SVEND-6X",
        "Well_Numb": "5604/25-06",
        "Classifica": "APPRAISAL AND PRODUCTION",
        "Licence": "01/62",
        "Operator": "MÆRSK OLIE OG GAS AS",
        "Rig": "Noble Byron Welliver",
        "Spud_Date": "2001-11-20",
        "Comp_Date": "2002-05-11",
        "Location": "OFFSHORE",
        "Released": "YES"
      },
      "geometry": {
        "type": "Point",
        "coordinates": [
          4.1793,
          56.1784
        ]
      }
    },
    {
      "type": "Feature",
      "properties": {
        "Well_Name": "TSEA-6",
        "Well_Numb": "5504/12-10",
        "Classifica": "APPRAISAL AND PRODUCTION",
        "Licence": "01/62",
        "Operator": "MÆRSK OLIE OG GAS AS",
        "Rig": "Mærsk Exerter",
        "Spud_Date": "2001-12-03",
        "Comp_Date": "2002-03-06",
        "Location": "OFFSHORE",
        "Released": "YES"
      },
      "geometry": {
        "type": "Point",
        "coordinates": [
          4.88262,
          55.63967
        ]
      }
    },
    {
      "type": "Feature",
      "properties": {
        "Well_Name": "HDA-14",
        "Well_Numb": "5505/13-00",
        "Classifica": "APPRAISAL AND PRODUCTION",
        "Licence": "01/62",
        "Operator": "MÆRSK OLIE OG GAS AS",
        "Rig": "Mærsk Endeavour",
        "Spud_Date": "2002-01-10",
        "Comp_Date": "2002-03-24",
        "Location": "OFFSHORE",
        "Released": "YES"
      },
      "geometry": {
        "type": "Point",
        "coordinates": [
          5.00583,
          55.52989
        ]
      }
    },
    {
      "type": "Feature",
      "properties": {
        "Well_Name": "TSEA-3",
        "Well_Numb": "5504/12-00",
        "Classifica": "APPRAISAL AND PRODUCTION",
        "Licence": "01/62",
        "Operator": "MÆRSK OLIE OG GAS AS",
        "Rig": "Mærsk Exerter",
        "Spud_Date": "2002-05-25",
        "Comp_Date": "2002-07-26",
        "Location": "OFFSHORE",
        "Released": "YES"
      },
      "geometry": {
        "type": "Point",
        "coordinates": [
          4.88263,
          55.63963
        ]
      }
    },
    {
      "type": "Feature",
      "properties": {
        "Well_Name": "MARGRETHEHOLM-1",
        "Well_Numb": "5512/11-01",
        "Classifica": "EXPLORATION",
        "Licence": "HGS GEOTHERMAL CONCESSION",
        "Operator": "DONG E&P A/S",
        "Rig": "Deutag T-61",
        "Spud_Date": "2002-06-01",
        "Comp_Date": "2002-07-14",
        "Location": "ONSHORE",
        "Released": "YES"
      },
      "geometry": {
        "type": "Point",
        "coordinates": [
          12.63235,
          55.68864
        ]
      }
    },
    {
      "type": "Feature",
      "properties": {
        "Well_Name": "G-3X",
        "Well_Numb": "5505/13-08",
        "Classifica": "APPRAISAL",
        "Licence": "01/62",
        "Operator": "MÆRSK OLIE OG GAS AS",
        "Rig": "Noble Byron Welliver",
        "Spud_Date": "2002-06-03",
        "Comp_Date": "2002-11-08",
        "Location": "OFFSHORE",
        "Released": "YES"
      },
      "geometry": {
        "type": "Point",
        "coordinates": [
          5.13449,
          55.55723
        ]
      }
    },
    {
      "type": "Feature",
      "properties": {
        "Well_Name": "BOJE-2",
        "Well_Numb": "5504/07-09",
        "Classifica": "APPRAISAL",
        "Licence": "01/62",
        "Operator": "MÆRSK OLIE OG GAS AS",
        "Rig": "Mærsk Guardian",
        "Spud_Date": "2002-09-11",
        "Comp_Date": "2003-01-19",
        "Location": "OFFSHORE",
        "Released": "YES"
      },
      "geometry": {
        "type": "Point",
        "coordinates": [
          4.67335,
          55.86019
        ]
      }
    },
    {
      "type": "Feature",
      "properties": {
        "Well_Name": "HBA-7",
        "Well_Numb": "5505/13-00",
        "Classifica": "APPRAISAL AND PRODUCTION",
        "Licence": "01/62",
        "Operator": "MÆRSK OLIE OG GAS AS",
        "Rig": "Ensco 71",
        "Spud_Date": "2002-09-22",
        "Comp_Date": "2003-03-25",
        "Location": "OFFSHORE",
        "Released": "YES"
      },
      "geometry": {
        "type": "Point",
        "coordinates": [
          5.03077,
          55.53809
        ]
      }
    },
    {
      "type": "Feature",
      "properties": {
        "Well_Name": "OSCAR-1",
        "Well_Numb": "5604/32-01",
        "Classifica": "EXPLORATION",
        "Licence": "12/98",
        "Operator": "Amerada Hess A/S /  DONG Efterforskning og Produktion",
        "Rig": "Ensco 70",
        "Spud_Date": "2002-10-04",
        "Comp_Date": "2002-10-20",
        "Location": "OFFSHORE",
        "Released": "YES"
      },
      "geometry": {
        "type": "Point",
        "coordinates": [
          4.86843,
          56.05532
        ]
      }
    },
    {
      "type": "Feature",
      "properties": {
        "Well_Name": "NINI-4",
        "Well_Numb": "5605/10-04",
        "Classifica": "APPRAISAL",
        "Licence": "04/95",
        "Operator": "DONG E&P A/S",
        "Rig": "Ensco 70",
        "Spud_Date": "2002-11-21",
        "Comp_Date": "2002-12-10",
        "Location": "OFFSHORE",
        "Released": "YES"
      },
      "geometry": {
        "type": "Point",
        "coordinates": [
          5.27756,
          56.62807
        ]
      }
    },
    {
      "type": "Feature",
      "properties": {
        "Well_Name": "SIRI-5",
        "Well_Numb": "5604/20-08",
        "Classifica": "APPRAISAL",
        "Licence": "06/95",
        "Operator": "DONG E&P A/S",
        "Rig": "Mærsk Gallant",
        "Spud_Date": "2002-11-21",
        "Comp_Date": "2002-12-13",
        "Location": "OFFSHORE",
        "Released": "YES"
      },
      "geometry": {
        "type": "Point",
        "coordinates": [
          4.98504,
          56.47612
        ]
      }
    },
    {
      "type": "Feature",
      "properties": {
        "Well_Name": "CECILIE-2",
        "Well_Numb": "5604/20-09",
        "Classifica": "APPRAISAL",
        "Licence": "16/98",
        "Operator": "DONG E&P A/S",
        "Rig": "Ensco 70",
        "Spud_Date": "2002-12-24",
        "Comp_Date": "2003-01-09",
        "Location": "OFFSHORE",
        "Released": "YES"
      },
      "geometry": {
        "type": "Point",
        "coordinates": [
          4.77078,
          56.39799
        ]
      }
    },
    {
      "type": "Feature",
      "properties": {
        "Well_Name": "OLGA-1X",
        "Well_Numb": "5505/21-04",
        "Classifica": "EXPLORATION",
        "Licence": "05/99",
        "Operator": "MÆRSK OLIE OG GAS AS",
        "Rig": "Mærsk Guardian",
        "Spud_Date": "2003-01-29",
        "Comp_Date": "2003-06-09",
        "Location": "OFFSHORE",
        "Released": "YES"
      },
      "geometry": {
        "type": "Point",
        "coordinates": [
          5.07317,
          55.3733
        ]
      }
    },
    {
      "type": "Feature",
      "properties": {
        "Well_Name": "NA-2",
        "Well_Numb": "5605/10-00",
        "Classifica": "APPRAISAL AND INJECTION",
        "Licence": "04/95",
        "Operator": "DONG E&P A/S",
        "Rig": "Ensco 70",
        "Spud_Date": "2003-03-22",
        "Comp_Date": "2003-11-10",
        "Location": "OFFSHORE",
        "Released": "YES"
      },
      "geometry": {
        "type": "Point",
        "coordinates": [
          5.32112,
          56.64082
        ]
      }
    },
    {
      "type": "Feature",
      "properties": {
        "Well_Name": "VALDEMAR-7",
        "Well_Numb": "5504/07-10",
        "Classifica": "APPRAISAL AND PRODUCTION",
        "Licence": "01/62",
        "Operator": "MÆRSK OLIE OG GAS AS",
        "Rig": "Maersk Exerter",
        "Spud_Date": "2003-04-06",
        "Comp_Date": "2003-06-09",
        "Location": "OFFSHORE",
        "Released": "YES"
      },
      "geometry": {
        "type": "Point",
        "coordinates": [
          4.56147,
          55.83433
        ]
      }
    },
    {
      "type": "Feature",
      "properties": {
        "Well_Name": "MARGRETHEHOLM-2",
        "Well_Numb": "5512/11-02",
        "Classifica": "APPRAISAL",
        "Licence": "HGS GEOTHERMAL CONCESSION",
        "Operator": "DONG E&P A/S",
        "Rig": "Deutag T-61",
        "Spud_Date": "2003-04-27",
        "Comp_Date": "2003-06-28",
        "Location": "ONSHORE",
        "Released": "YES"
      },
      "geometry": {
        "type": "Point",
        "coordinates": [
          12.63353,
          55.68917
        ]
      }
    },
    {
      "type": "Feature",
      "properties": {
        "Well_Name": "JETTE-1",
        "Well_Numb": "5604/29-07",
        "Classifica": "EXPLORATION",
        "Licence": "07/89",
        "Operator": "Amerada Hess A/S /  DONG Efterforskning og Produktion",
        "Rig": "Ensco 101",
        "Spud_Date": "2003-04-29",
        "Comp_Date": "2003-07-04",
        "Location": "OFFSHORE",
        "Released": "YES"
      },
      "geometry": {
        "type": "Point",
        "coordinates": [
          4.08467,
          56.08064
        ]
      }
    },
    {
      "type": "Feature",
      "properties": {
        "Well_Name": "HBA-13X",
        "Well_Numb": "5505/13-09",
        "Classifica": "APPRAISAL AND PRODUCTION",
        "Licence": "01/62",
        "Operator": "MÆRSK OLIE OG GAS AS",
        "Rig": "Ensco 71",
        "Spud_Date": "2003-05-01",
        "Comp_Date": "2003-07-11",
        "Location": "OFFSHORE",
        "Released": "YES"
      },
      "geometry": {
        "type": "Point",
        "coordinates": [
          5.03078,
          55.53811
        ]
      }
    },
    {
      "type": "Feature",
      "properties": {
        "Well_Name": "SOFIE-1",
        "Well_Numb": "5605/13-03",
        "Classifica": "EXPLORATION",
        "Licence": "06/95",
        "Operator": "DONG E&P A/S",
        "Rig": "Mærsk Gallant",
        "Spud_Date": "2003-05-03",
        "Comp_Date": "2003-05-17",
        "Location": "OFFSHORE",
        "Released": "YES"
      },
      "geometry": {
        "type": "Point",
        "coordinates": [
          5.16274,
          56.58138
        ]
      }
    },
    {
      "type": "Feature",
      "properties": {
        "Well_Name": "VALDEMAR-8",
        "Well_Numb": "5504/07-11",
        "Classifica": "APPRAISAL AND PRODUCTION",
        "Licence": "01/62",
        "Operator": "MÆRSK OLIE OG GAS AS",
        "Rig": "Maersk Exerter",
        "Spud_Date": "2003-06-23",
        "Comp_Date": "2003-09-02",
        "Location": "OFFSHORE",
        "Released": "YES"
      },
      "geometry": {
        "type": "Point",
        "coordinates": [
          4.56144,
          55.83434
        ]
      }
    },
    {
      "type": "Feature",
      "properties": {
        "Well_Name": "HANNE-1",
        "Well_Numb": "5504/06-05",
        "Classifica": "EXPLORATION",
        "Licence": "11/98",
        "Operator": "DONG E&P A/S",
        "Rig": "Ensco 101",
        "Spud_Date": "2003-07-11",
        "Comp_Date": "2003-08-02",
        "Location": "OFFSHORE",
        "Released": "YES"
      },
      "geometry": {
        "type": "Point",
        "coordinates": [
          4.39646,
          55.86087
        ]
      }
    },
    {
      "type": "Feature",
      "properties": {
        "Well_Name": "OPHELIA-1",
        "Well_Numb": "5603/32-04",
        "Classifica": "EXPLORATION",
        "Licence": "08/89",
        "Operator": "DONG E&P A/S",
        "Rig": "Ensco 101",
        "Spud_Date": "2003-08-18",
        "Comp_Date": "2003-10-27",
        "Location": "OFFSHORE",
        "Released": "YES"
      },
      "geometry": {
        "type": "Point",
        "coordinates": [
          3.99663,
          56.09599
        ]
      }
    },
    {
      "type": "Feature",
      "properties": {
        "Well_Name": "HDN-2X",
        "Well_Numb": "5504/16-10",
        "Classifica": "APPRAISAL",
        "Licence": "01/62",
        "Operator": "MÆRSK OLIE OG GAS AS",
        "Rig": "Maersk Exerter",
        "Spud_Date": "2003-09-10",
        "Comp_Date": "2003-09-20",
        "Location": "OFFSHORE",
        "Released": "YES"
      },
      "geometry": {
        "type": "Point",
        "coordinates": [
          4.94887,
          55.59325
        ]
      }
    },
    {
      "type": "Feature",
      "properties": {
        "Well_Name": "KATHERINE-1",
        "Well_Numb": "5604/30-04",
        "Classifica": "APPRAISAL",
        "Licence": "07/89",
        "Operator": "AMERADA HESS APS",
        "Rig": "Ensco 71",
        "Spud_Date": "2003-09-24",
        "Comp_Date": "2003-12-26",
        "Location": "OFFSHORE",
        "Released": "YES"
      },
      "geometry": {
        "type": "Point",
        "coordinates": [
          4.25405,
          56.06075
        ]
      }
    },
    {
      "type": "Feature",
      "properties": {
        "Well_Name": "SCB-1X",
        "Well_Numb": "5605/13-04",
        "Classifica": "APPRAISAL AND PRODUCTION",
        "Licence": "06/95",
        "Operator": "DONG E&P A/S",
        "Rig": "Ensco 71",
        "Spud_Date": "2004-02-22",
        "Comp_Date": "2004-04-30",
        "Location": "OFFSHORE",
        "Released": "YES"
      },
      "geometry": {
        "type": "Point",
        "coordinates": [
          5.04095,
          56.50596
        ]
      }
    },
    {
      "type": "Feature",
      "properties": {
        "Well_Name": "CA-3",
        "Well_Numb": "5604/19-10",
        "Classifica": "APPRAISAL",
        "Licence": "16/98",
        "Operator": "DONG E&P A/S",
        "Rig": "Ensco 70",
        "Spud_Date": "2004-04-07",
        "Comp_Date": "2004-07-11",
        "Location": "OFFSHORE",
        "Released": "YES"
      },
      "geometry": {
        "type": "Point",
        "coordinates": [
          4.75964,
          56.40215
        ]
      }
    },
    {
      "type": "Feature",
      "properties": {
        "Well_Name": "FASAN-1",
        "Well_Numb": "5505/09-03",
        "Classifica": "EXPLORATION",
        "Licence": "13/98",
        "Operator": "EDC (DENMARK)",
        "Rig": "Ensco 71",
        "Spud_Date": "2004-05-20",
        "Comp_Date": "2004-07-13",
        "Location": "OFFSHORE",
        "Released": "YES"
      },
      "geometry": {
        "type": "Point",
        "coordinates": [
          5.00805,
          55.65573
        ]
      }
    },
    {
      "type": "Feature",
      "properties": {
        "Well_Name": "BO-2X",
        "Well_Numb": "5504/07-12",
        "Classifica": "APPRAISAL",
        "Licence": "01/62",
        "Operator": "MÆRSK OLIE OG GAS AS",
        "Rig": "Mærsk Guardian",
        "Spud_Date": "2004-06-24",
        "Comp_Date": "2004-07-10",
        "Location": "OFFSHORE",
        "Released": "YES"
      },
      "geometry": {
        "type": "Point",
        "coordinates": [
          4.54404,
          55.79373
        ]
      }
    },
    {
      "type": "Feature",
      "properties": {
        "Well_Name": "VIVI-1",
        "Well_Numb": "5605/10-05",
        "Classifica": "EXPLORATION",
        "Licence": "04/95",
        "Operator": "DONG E&P A/S",
        "Rig": "Ensco 70",
        "Spud_Date": "2004-08-18",
        "Comp_Date": "2004-09-03",
        "Location": "OFFSHORE",
        "Released": "YES"
      },
      "geometry": {
        "type": "Point",
        "coordinates": [
          5.48315,
          56.72191
        ]
      }
    },
    {
      "type": "Feature",
      "properties": {
        "Well_Name": "HBA-14",
        "Well_Numb": "5505/13-10",
        "Classifica": "APPRAISAL AND PRODUCTION",
        "Licence": "01/62",
        "Operator": "MÆRSK OLIE OG GAS AS",
        "Rig": "Noble Byron Welliver",
        "Spud_Date": "2004-08-29",
        "Comp_Date": "2004-11-18",
        "Location": "OFFSHORE",
        "Released": "YES"
      },
      "geometry": {
        "type": "Point",
        "coordinates": [
          5.0308,
          55.53812
        ]
      }
    },
    {
      "type": "Feature",
      "properties": {
        "Well_Name": "NA-6",
        "Well_Numb": "5605/10-06",
        "Classifica": "APPRAISAL AND PRODUCTION",
        "Licence": "04/95",
        "Operator": "DONG E&P A/S",
        "Rig": "Ensco 70",
        "Spud_Date": "2004-09-06",
        "Comp_Date": "2004-11-09",
        "Location": "OFFSHORE",
        "Released": "YES"
      },
      "geometry": {
        "type": "Point",
        "coordinates": [
          5.32111,
          56.64082
        ]
      }
    },
    {
      "type": "Feature",
      "properties": {
        "Well_Name": "TEB-14",
        "Well_Numb": "5504/12-12",
        "Classifica": "APPRAISAL AND PRODUCTION",
        "Licence": "01/62",
        "Operator": "MÆRSK OLIE OG GAS AS",
        "Rig": "Maersk Exerter",
        "Spud_Date": "2004-10-20",
        "Comp_Date": "2004-12-12",
        "Location": "OFFSHORE",
        "Released": "YES"
      },
      "geometry": {
        "type": "Point",
        "coordinates": [
          4.79894,
          55.72018
        ]
      }
    },
    {
      "type": "Feature",
      "properties": {
        "Well_Name": "HEJRE-2",
        "Well_Numb": "5603/28-05",
        "Classifica": "APPRAISAL",
        "Licence": "05/98",
        "Operator": "Conoco Phillips",
        "Rig": "Ensco 101",
        "Spud_Date": "2004-11-02",
        "Comp_Date": "2005-02-27",
        "Location": "OFFSHORE",
        "Released": "YES"
      },
      "geometry": {
        "type": "Point",
        "coordinates": [
          3.98231,
          56.24526
        ]
      }
    },
    {
      "type": "Feature",
      "properties": {
        "Well_Name": "SOFIE-2",
        "Well_Numb": "5605/13-05",
        "Classifica": "APPRAISAL",
        "Licence": "06/95",
        "Operator": "DONG E&P A/S",
        "Rig": "Ensco 70",
        "Spud_Date": "2004-12-15",
        "Comp_Date": "2005-01-04",
        "Location": "OFFSHORE",
        "Released": "YES"
      },
      "geometry": {
        "type": "Point",
        "coordinates": [
          5.19504,
          56.57826
        ]
      }
    },
    {
      "type": "Feature",
      "properties": {
        "Well_Name": "SISSEL-1",
        "Well_Numb": "5605/13-06",
        "Classifica": "EXPLORATION",
        "Licence": "06/95",
        "Operator": "DONG E&P A/S",
        "Rig": "Ensco 70",
        "Spud_Date": "2005-03-14",
        "Comp_Date": "2005-03-24",
        "Location": "OFFSHORE",
        "Released": "YES"
      },
      "geometry": {
        "type": "Point",
        "coordinates": [
          5.10593,
          56.56093
        ]
      }
    },
    {
      "type": "Feature",
      "properties": {
        "Well_Name": "NA-7",
        "Well_Numb": "5605/10-07",
        "Classifica": "APPRAISAL AND PRODUCTION",
        "Licence": "04/95",
        "Operator": "DONG E&P A/S",
        "Rig": "Ensco 101",
        "Spud_Date": "2005-04-07",
        "Comp_Date": "2005-05-28",
        "Location": "OFFSHORE",
        "Released": "YES"
      },
      "geometry": {
        "type": "Point",
        "coordinates": [
          5.32109,
          56.64081
        ]
      }
    },
    {
      "type": "Feature",
      "properties": {
        "Well_Name": "TEB-15",
        "Well_Numb": "5504/12-13",
        "Classifica": "APPRAISAL AND PRODUCTION",
        "Licence": "01/62",
        "Operator": "MÆRSK OLIE OG GAS AS",
        "Rig": "Noble Byron Welliver",
        "Spud_Date": "2005-08-06",
        "Comp_Date": "2006-05-02",
        "Location": "OFFSHORE",
        "Released": "YES"
      },
      "geometry": {
        "type": "Point",
        "coordinates": [
          4.79892,
          55.72017
        ]
      }
    },
    {
      "type": "Feature",
      "properties": {
        "Well_Name": "VAB-4",
        "Well_Numb": "5504/07-13",
        "Classifica": "APPRAISAL AND PRODUCTION",
        "Licence": "01/62",
        "Operator": "MÆRSK OLIE OG GAS AS",
        "Rig": "Maersk Exerter",
        "Spud_Date": "2005-12-21",
        "Comp_Date": "2006-05-10",
        "Location": "OFFSHORE",
        "Released": "YES"
      },
      "geometry": {
        "type": "Point",
        "coordinates": [
          4.56191,
          55.83379
        ]
      }
    },
    {
      "type": "Feature",
      "properties": {
        "Well_Name": "RIGS-3",
        "Well_Numb": "5604/29-08",
        "Classifica": "APPRAISAL",
        "Licence": "07/89",
        "Operator": "AMERADA HESS APS",
        "Rig": "Ensco 72",
        "Spud_Date": "2006-03-16",
        "Comp_Date": "2006-05-27",
        "Location": "OFFSHORE",
        "Released": "YES"
      },
      "geometry": {
        "type": "Point",
        "coordinates": [
          4.19417,
          56.11385
        ]
      }
    },
    {
      "type": "Feature",
      "properties": {
        "Well_Name": "ROBIN-1",
        "Well_Numb": "5503/08-01",
        "Classifica": "EXPLORATION",
        "Licence": "11/98",
        "Operator": "DONG E&P A/S",
        "Rig": "Ensco 72",
        "Spud_Date": "2006-06-07",
        "Comp_Date": "2006-07-10",
        "Location": "OFFSHORE",
        "Released": "YES"
      },
      "geometry": {
        "type": "Point",
        "coordinates": [
          3.98473,
          55.86005
        ]
      }
    },
    {
      "type": "Feature",
      "properties": {
        "Well_Name": "STORK-1",
        "Well_Numb": "5604/31-01",
        "Classifica": "EXPLORATION",
        "Licence": "04/98",
        "Operator": "CONOCOPHILLIPS",
        "Rig": "Ensco 102",
        "Spud_Date": "2006-08-30",
        "Comp_Date": "2006-11-10",
        "Location": "OFFSHORE",
        "Released": "YES"
      },
      "geometry": {
        "type": "Point",
        "coordinates": [
          4.58866,
          56.11191
        ]
      }
    },
    {
      "type": "Feature",
      "properties": {
        "Well_Name": "KARLEBO-1",
        "Well_Numb": "5512/02-01",
        "Classifica": "EXPLORATION",
        "Licence": "01/02",
        "Operator": "TETHYS OIL",
        "Rig": "IRI 750",
        "Spud_Date": "2006-09-26",
        "Comp_Date": "2006-11-22",
        "Location": "ONSHORE",
        "Released": "YES"
      },
      "geometry": {
        "type": "Point",
        "coordinates": [
          12.4166,
          55.91966
        ]
      }
    },
    {
      "type": "Feature",
      "properties": {
        "Well_Name": "DAGMAR-8",
        "Well_Numb": "5504/15-00",
        "Classifica": "APPRAISAL",
        "Licence": "01/62",
        "Operator": "MÆRSK OLIE OG GAS AS",
        "Rig": "Mærsk Enhancer",
        "Spud_Date": "2006-11-02",
        "Comp_Date": "2006-12-07",
        "Location": "OFFSHORE",
        "Released": "YES"
      },
      "geometry": {
        "type": "Point",
        "coordinates": [
          4.61823,
          55.57649
        ]
      }
    },
    {
      "type": "Feature",
      "properties": {
        "Well_Name": "VAB-7",
        "Well_Numb": "5504/07-14",
        "Classifica": "APPRAISAL AND PRODUCTION",
        "Licence": "01/62",
        "Operator": "MÆRSK OLIE OG GAS AS",
        "Rig": "Mærsk Exerter",
        "Spud_Date": "2007-01-06",
        "Comp_Date": "2007-09-20",
        "Location": "OFFSHORE",
        "Released": "YES"
      },
      "geometry": {
        "type": "Point",
        "coordinates": [
          4.56194,
          55.83378
        ]
      }
    },
    {
      "type": "Feature",
      "properties": {
        "Well_Name": "RAU-1",
        "Well_Numb": "5604/23-01",
        "Classifica": "EXPLORATION",
        "Licence": "07/06",
        "Operator": "Altinex Oil Denmark A/S",
        "Rig": "Noble George Sauvageau",
        "Spud_Date": "2007-04-04",
        "Comp_Date": "2007-05-17",
        "Location": "OFFSHORE",
        "Released": "YES"
      },
      "geometry": {
        "type": "Point",
        "coordinates": [
          4.64507,
          56.35961
        ]
      }
    },
    {
      "type": "Feature",
      "properties": {
        "Well_Name": "NINI-5",
        "Well_Numb": "5605/10-08",
        "Classifica": "APPRAISAL",
        "Licence": "04/95",
        "Operator": "DONG E&P A/S",
        "Rig": "Noble George Sauvageau",
        "Spud_Date": "2007-05-25",
        "Comp_Date": "2007-06-24",
        "Location": "OFFSHORE",
        "Released": "YES"
      },
      "geometry": {
        "type": "Point",
        "coordinates": [
          5.42574,
          56.69462
        ]
      }
    },
    {
      "type": "Feature",
      "properties": {
        "Well_Name": "EBBA-1X",
        "Well_Numb": "5504/15-10",
        "Classifica": "EXPLORATION",
        "Licence": "08/06",
        "Operator": "MÆRSK OLIE OG GAS AS",
        "Rig": "Energy Enhancer",
        "Spud_Date": "2007-12-17",
        "Comp_Date": "2008-01-24",
        "Location": "OFFSHORE",
        "Released": "YES"
      },
      "geometry": {
        "type": "Point",
        "coordinates": [
          4.60558,
          55.61708
        ]
      }
    },
    {
      "type": "Feature",
      "properties": {
        "Well_Name": "HDE-1X",
        "Well_Numb": "5505/13-11",
        "Classifica": "APPRAISAL",
        "Licence": "01/62",
        "Operator": "MÆRSK OLIE OG GAS AS",
        "Rig": "Energy Endeavour",
        "Spud_Date": "2008-02-10",
        "Comp_Date": "2008-03-02",
        "Location": "OFFSHORE",
        "Released": "YES"
      },
      "geometry": {
        "type": "Point",
        "coordinates": [
          5.09193,
          55.53701
        ]
      }
    },
    {
      "type": "Feature",
      "properties": {
        "Well_Name": "BO-3X",
        "Well_Numb": "5504/11-05",
        "Classifica": "APPRAISAL",
        "Licence": "01/62",
        "Operator": "MÆRSK OLIE OG GAS AS",
        "Rig": "Energy Endeavour",
        "Spud_Date": "2008-03-23",
        "Comp_Date": "2008-04-18",
        "Location": "OFFSHORE",
        "Released": "YES"
      },
      "geometry": {
        "type": "Point",
        "coordinates": [
          4.54266,
          55.74386
        ]
      }
    },
    {
      "type": "Feature",
      "properties": {
        "Well_Name": "RIGS-4",
        "Well_Numb": "5604/30-05",
        "Classifica": "APPRAISAL",
        "Licence": "07/89",
        "Operator": "Hess Denmark ApS",
        "Rig": "Ensco 70",
        "Spud_Date": "2008-07-03",
        "Comp_Date": "2008-08-07",
        "Location": "OFFSHORE",
        "Released": "YES"
      },
      "geometry": {
        "type": "Point",
        "coordinates": [
          4.29525,
          56.01839
        ]
      }
    },
    {
      "type": "Feature",
      "properties": {
        "Well_Name": "VBA-8X",
        "Well_Numb": "5504/07-15",
        "Classifica": "APPRAISAL AND PRODUCTION",
        "Licence": "01/62",
        "Operator": "MÆRSK OLIE OG GAS AS",
        "Rig": "Noble Byron Welliver",
        "Spud_Date": "2008-10-12",
        "Comp_Date": "2008-12-01",
        "Location": "OFFSHORE",
        "Released": "YES"
      },
      "geometry": {
        "type": "Point",
        "coordinates": [
          4.56428,
          55.80408
        ]
      }
    },
    {
      "type": "Feature",
      "properties": {
        "Well_Name": "TSEA-3B",
        "Well_Numb": "5504/12-14",
        "Classifica": "APPRAISAL AND PRODUCTION",
        "Licence": "01/62",
        "Operator": "MÆRSK OLIE OG GAS AS",
        "Rig": "Energy Endeavour",
        "Spud_Date": "2008-11-20",
        "Comp_Date": "2009-02-22",
        "Location": "OFFSHORE",
        "Released": "YES"
      },
      "geometry": {
        "type": "Point",
        "coordinates": [
          4.88263,
          55.63963
        ]
      }
    },
    {
      "type": "Feature",
      "properties": {
        "Well_Name": "GITA-1X",
        "Well_Numb": "5604/22-05",
        "Classifica": "EXPLORATION",
        "Licence": "09/95",
        "Operator": "MÆRSK OLIE OG GAS AS",
        "Rig": "Ensco 101",
        "Spud_Date": "2008-12-16",
        "Comp_Date": "2009-04-21",
        "Location": "OFFSHORE",
        "Released": "YES"
      },
      "geometry": {
        "type": "Point",
        "coordinates": [
          4.28601,
          56.26108
        ]
      }
    },
    {
      "type": "Feature",
      "properties": {
        "Well_Name": "SIRI-6",
        "Well_Numb": "5604/20-10",
        "Classifica": "EXPLORATION",
        "Licence": "06/95",
        "Operator": "DONG E&P A/S",
        "Rig": "Mærsk Resolute",
        "Spud_Date": "2008-12-21",
        "Comp_Date": "2009-01-30",
        "Location": "OFFSHORE",
        "Released": "YES"
      },
      "geometry": {
        "type": "Point",
        "coordinates": [
          4.84051,
          56.48042
        ]
      }
    },
    {
      "type": "Feature",
      "properties": {
        "Well_Name": "LUKE-1X",
        "Well_Numb": "5504/06-06",
        "Classifica": "EXPLORATION",
        "Licence": "08/06",
        "Operator": "MÆRSK OLIE OG GAS AS",
        "Rig": "Mærsk Resolve",
        "Spud_Date": "2009-08-07",
        "Comp_Date": "2010-02-07",
        "Location": "OFFSHORE",
        "Released": "YES"
      },
      "geometry": {
        "type": "Point",
        "coordinates": [
          4.43987,
          55.76316
        ]
      }
    },
    {
      "type": "Feature",
      "properties": {
        "Well_Name": "RAVN-3",
        "Well_Numb": "5504/05-02",
        "Classifica": "APPRAISAL",
        "Licence": "05/06",
        "Operator": "Wintershall Noordzee  B.V.",
        "Rig": "Noble George Sauvageau",
        "Spud_Date": "2009-09-15",
        "Comp_Date": "2009-12-25",
        "Location": "OFFSHORE",
        "Released": "YES"
      },
      "geometry": {
        "type": "Point",
        "coordinates": [
          4.23352,
          55.86229
        ]
      }
    },
    {
      "type": "Feature",
      "properties": {
        "Well_Name": "SØNDERBORG-1",
        "Well_Numb": "5409/04-01",
        "Classifica": "GEOTERMI",
        "Licence": "Sønderborg Geotermi",
        "Operator": "DONG E&P A/S",
        "Rig": "No Limit 01",
        "Spud_Date": "2010-03-17",
        "Comp_Date": "2010-05-18",
        "Location": "ONSHORE",
        "Released": "YES"
      },
      "geometry": {
        "type": "Point",
        "coordinates": [
          9.83879,
          54.92815
        ]
      }
    },
    {
      "type": "Feature",
      "properties": {
        "Well_Name": "SOLSORT-1",
        "Well_Numb": "5604/26-05",
        "Classifica": "EXPLORATION",
        "Licence": "04/98",
        "Operator": "DONG E&P A/S",
        "Rig": "Mærsk Resolute",
        "Spud_Date": "2010-09-15",
        "Comp_Date": "2010-12-08",
        "Location": "OFFSHORE"
      },
      "geometry": {
        "type": "Point",
        "coordinates": [
          4.30464,
          56.14796
        ]
      }
    },
    {
      "type": "Feature",
      "properties": {
        "Well_Name": "SARA-1",
        "Well_Numb": "5604/16-01",
        "Classifica": "EXPLORATION",
        "Licence": "06/95",
        "Operator": "DONG E&P A/S",
        "Rig": "Mærsk Resolute",
        "Spud_Date": "2010-12-18",
        "Comp_Date": "2011-01-08",
        "Location": "OFFSHORE",
        "Released": "YES"
      },
      "geometry": {
        "type": "Point",
        "coordinates": [
          4.97017,
          56.54557
        ]
      }
    },
    {
      "type": "Feature",
      "properties": {
        "Well_Name": "LØVE-1",
        "Well_Numb": "5509/06-01",
        "Classifica": "EXPLORATION",
        "Licence": "02/07",
        "Operator": "GMT Exploration Co.",
        "Rig": "Variorig",
        "Spud_Date": "2011-05-12",
        "Comp_Date": "2011-06-05",
        "Location": "ONSHORE",
        "Released": "YES"
      },
      "geometry": {
        "type": "Point",
        "coordinates": [
          9.37996,
          55.8016
        ]
      }
    },
    {
      "type": "Feature",
      "properties": {
        "Well_Name": "BRODER TUCK-1",
        "Well_Numb": "5504/20-03",
        "Classifica": "EXPLORATION",
        "Licence": "12/06",
        "Operator": "PA Resources UK Limited",
        "Rig": "Ensco 70",
        "Spud_Date": "2011-05-20",
        "Comp_Date": "2011-05-27",
        "Location": "OFFSHORE"
      },
      "geometry": {
        "type": "Point",
        "coordinates": [
          4.82484,
          55.47991
        ]
      }
    },
    {
      "type": "Feature",
      "properties": {
        "Well_Name": "BRODER TUCK-2",
        "Well_Numb": "5504/20-04",
        "Classifica": "EXPLORATION",
        "Licence": "12/06",
        "Operator": "PA Resources UK Limited",
        "Rig": "Ensco 70",
        "Spud_Date": "2011-05-27",
        "Comp_Date": "2011-09-03",
        "Location": "OFFSHORE"
      },
      "geometry": {
        "type": "Point",
        "coordinates": [
          4.8248,
          55.47993
        ]
      }
    },
    {
      "type": "Feature",
      "properties": {
        "Well_Name": "LILLE JOHN-1",
        "Well_Numb": "5504/20-05",
        "Classifica": "EXPLORATION",
        "Licence": "12/06",
        "Operator": "PA Resources UK Limited",
        "Rig": "Ensco 70",
        "Spud_Date": "2011-09-10",
        "Comp_Date": "2011-11-05",
        "Location": "OFFSHORE"
      },
      "geometry": {
        "type": "Point",
        "coordinates": [
          4.82563,
          55.41033
        ]
      }
    },
    {
      "type": "Feature",
      "properties": {
        "Well_Name": "FELSTED-1",
        "Well_Numb": "5409/03-01",
        "Classifica": "EXPLORATION",
        "Licence": "01/05",
        "Operator": "PGNIG SA Danish Branch",
        "Rig": "Rig No4 IRI-1200",
        "Spud_Date": "2011-12-05",
        "Comp_Date": "2012-01-26",
        "Location": "ONSHORE",
        "Released": "YES"
      },
      "geometry": {
        "type": "Point",
        "coordinates": [
          9.57307,
          54.97646
        ]
      }
    },
    {
      "type": "Feature",
      "properties": {
        "Well_Name": "LUNA-1",
        "Well_Numb": "5605/32-01",
        "Classifica": "EXPLORATION",
        "Licence": "01/11",
        "Operator": "Altinex Oil Denmark A/S",
        "Rig": "Mærsk Resolve",
        "Spud_Date": "2012-02-19",
        "Comp_Date": "2012-03-23",
        "Location": "OFFSHORE",
        "Released": "YES"
      },
      "geometry": {
        "type": "Point",
        "coordinates": [
          5.87963,
          56.09866
        ]
      }
    },
    {
      "type": "Feature",
      "properties": {
        "Well_Name": "HIBONITE-1",
        "Well_Numb": "5504/01-03",
        "Classifica": "EXPLORATION",
        "Licence": "05/06",
        "Operator": "Wintershall Noordzee  B.V.",
        "Rig": "Noble George Sauvageau",
        "Spud_Date": "2012-09-10",
        "Comp_Date": "2013-04-11",
        "Location": "OFFSHORE"
      },
      "geometry": {
        "type": "Point",
        "coordinates": [
          4.17236,
          55.92382
        ]
      }
    },
    {
      "type": "Feature",
      "properties": {
        "Well_Name": "BOJE-2",
        "Well_Numb": "5504/07-09",
        "Classifica": "PILOT HOLE",
        "Licence": "01/62",
        "Operator": "MÆRSK OLIE OG GAS AS",
        "Rig": "Ensco 72",
        "Spud_Date": "2013-04-04",
        "Comp_Date": "2013-08-19",
        "Location": "OFFSHORE"
      },
      "geometry": {
        "type": "Point",
        "coordinates": [
          4.67335,
          55.86019
        ]
      }
    },
    {
      "type": "Feature",
      "properties": {
        "Well_Name": "SPURV-1",
        "Well_Numb": "5504/01-04",
        "Classifica": "EXPLORATION",
        "Licence": "04/06",
        "Operator": "Wintershall Noordzee  B.V.",
        "Rig": "Noble George Sauvageau",
        "Spud_Date": "2013-04-21",
        "Comp_Date": "2013-06-12",
        "Location": "OFFSHORE"
      },
      "geometry": {
        "type": "Point",
        "coordinates": [
          4.06316,
          55.92878
        ]
      }
    },
    {
      "type": "Feature",
      "properties": {
        "Well_Name": "SOLSORT-2",
        "Well_Numb": "5604/26-06",
        "Classifica": "APPRAISAL",
        "Licence": "03/09",
        "Operator": "DONG E&P A/S",
        "Rig": "Mærsk Resolve",
        "Spud_Date": "2013-08-21",
        "Comp_Date": "2013-12-20",
        "Location": "OFFSHORE"
      },
      "geometry": {
        "type": "Point",
        "coordinates": [
          4.26784,
          56.137
        ]
      }
    },
    {
      "type": "Feature",
      "properties": {
        "Well_Name": "BO-4X",
        "Well_Numb": "5504/07-16",
        "Classifica": "APPRAISAL AND EXPLORATION",
        "Licence": "01/62",
        "Operator": "MÆRSK OLIE OG GAS AS",
        "Rig": "Ensco 72",
        "Spud_Date": "2013-09-05",
        "Comp_Date": "2013-10-05",
        "Location": "OFFSHORE"
      },
      "geometry": {
        "type": "Point",
        "coordinates": [
          4.55426,
          55.78232
        ]
      }
    },
    {
      "type": "Feature",
      "properties": {
        "Well_Name": "NENA-1",
        "Well_Numb": "5605/14-01",
        "Classifica": "EXPLORATION",
        "Licence": "01/12",
        "Operator": "DONG E&P A/S",
        "Rig": "Mærsk Resolve",
        "Spud_Date": "2014-01-24",
        "Comp_Date": "2014-02-14",
        "Location": "OFFSHORE"
      },
      "geometry": {
        "type": "Point",
        "coordinates": [
          5.30706,
          56.59924
        ]
      }
    },
    {
      "type": "Feature",
      "properties": {
        "Well_Name": "Chabazite-1",
        "Well_Numb": "5503/03-04",
        "Classifica": "EXPLORATION",
        "Licence": "04/06",
        "Operator": "Wintershall Noordzee  B.V.",
        "Rig": "Ensco 121",
        "Spud_Date": "2014-06-16",
        "Comp_Date": "2014-09-20",
        "Location": "OFFSHORE"
      },
      "geometry": {
        "type": "Point",
        "coordinates": [
          3.72063,
          55.87572
        ]
      }
    },
    {
      "type": "Feature",
      "properties": {
        "Well_Name": "DANY-1X",
        "Well_Numb": "5505/17-18",
        "Classifica": "EXPLORATION",
        "Licence": "01/62",
        "Operator": "MÆRSK OLIE OG GAS AS",
        "Rig": "Ensco 72",
        "Spud_Date": "2014-07-04",
        "Comp_Date": "2014-08-08",
        "Location": "OFFSHORE"
      },
      "geometry": {
        "type": "Point",
        "coordinates": [
          5.15918,
          55.40459
        ]
      }
    },
    {
      "type": "Feature",
      "properties": {
        "Well_Name": "SIAH NE-1X",
        "Well_Numb": "5504/07-17",
        "Classifica": "EXPLORATION",
        "Licence": "01/62",
        "Operator": "MÆRSK OLIE OG GAS AS",
        "Rig": "Noble Sam Turner",
        "Spud_Date": "2014-09-03",
        "Comp_Date": "2014-12-02",
        "Location": "OFFSHORE"
      },
      "geometry": {
        "type": "Point",
        "coordinates": [
          4.65805,
          55.8616
        ]
      }
    },
    {
      "type": "Feature",
      "properties": {
        "Well_Name": "XANA-1X",
        "Well_Numb": "5604/26-07",
        "Classifica": "EXPLORATION",
        "Licence": "09/95",
        "Operator": "MÆRSK OLIE OG GAS AS",
        "Rig": "Noble Sam Turner",
        "Spud_Date": "2014-12-08",
        "Comp_Date": "2015-05-25",
        "Location": "OFFSHORE"
      },
      "geometry": {
        "type": "Point",
        "coordinates": [
          4.28205,
          56.24268
        ]
      }
    },
    {
      "type": "Feature",
      "properties": {
        "Well_Name": "LILLE JOHN-2",
        "Well_Numb": "5504/20-06",
        "Classifica": "APPRAISAL",
        "Licence": "12/06",
        "Operator": "Dana Petroleum Netherlands B.V.",
        "Rig": "Paragon C20052",
        "Spud_Date": "2014-12-13",
        "Comp_Date": "2015-02-13",
        "Location": "OFFSHORE"
      },
      "geometry": {
        "type": "Point",
        "coordinates": [
          4.83434,
          55.41913
        ]
      }
    },
    {
      "type": "Feature",
      "properties": {
        "Well_Name": "VENDSYSSEL-1",
        "Well_Numb": "5710/22-02",
        "Classifica": "EXPLORATION",
        "Licence": "01/10",
        "Operator": "Total E&P Denmark B.V.",
        "Rig": "SMP 105",
        "Spud_Date": "2015-05-04",
        "Comp_Date": "2015-09-02",
        "Location": "ONSHORE"
      },
      "geometry": {
        "type": "Point",
        "coordinates": [
          10.26838,
          57.28422
        ]
      }
    },
    {
      "type": "Feature",
      "properties": {
        "Well_Name": "JUDE-1",
        "Well_Numb": "5504/07-18",
        "Classifica": "APPRAISAL",
        "Licence": "08/06",
        "Operator": "MÆRSK OLIE OG GAS AS",
        "Rig": "Noble Sam Turner",
        "Spud_Date": "2015-06-02",
        "Comp_Date": "2015-08-21",
        "Location": "OFFSHORE"
      },
      "geometry": {
        "type": "Point",
        "coordinates": [
          4.5466,
          55.76184
        ]
      }
    },
    {
      "type": "Feature",
      "properties": {
        "Well_Name": "JILL-1",
        "Well_Numb": "5603/31-02",
        "Classifica": "EXPLORATION",
        "Licence": "6/16",
        "Operator": "Hess Denamrk ApS",
        "Rig": "Mærsk Resilient",
        "Spud_Date": "2019-09-25",
        "Comp_Date": "2019-11-11",
        "Location": "OFFSHORE"
      },
      "geometry": {
        "type": "Point",
        "coordinates": [
          3.6909,
          56.06045
        ]
      }
    }
  ]
}
